hour,hour,iv_call_median,iv_call_p25,iv_call_p75,iv_put_median,iv_put_p25,iv_put_p75,move_1h,move_2h,move_3h,move_4h,move_5h,move_6h,move_7h,move_8h,move_9h,move_10h,move_11h,move_12h,move_13h,move_14h,move_15h,move_16h,move_17h,move_18h,move_19h,move_20h,move_21h,move_22h,move_23h,move_24h
0,0,49.4950,40.8450,53.3900,53.5500,43.6250,57.6800,0.5004,0.7130,0.8793,0.9188,1.0891,1.1238,1.2338,1.3146,1.4229,1.4468,1.5669,1.6816,1.8110,1.8643,2.2078,2.2500,2.4408,2.4670,2.5059,2.5059,2.5377,2.6175,2.6175,2.6175
1,1,50.1200,41.0800,53.2675,54.0800,43.0050,57.8325,0.5208,0.7105,0.8575,0.9878,0.9878,1.0820,1.1926,1.2682,1.3479,1.4802,1.6259,1.7707,1.9108,2.1556,2.2304,2.2565,2.2670,2.2799,2.2799,2.4712,2.5035,2.5035,2.5667,2.6323
2,2,49.1500,40.3250,53.0800,54.4300,43.1000,57.6750,0.3870,0.5765,0.7929,0.8398,0.9544,1.1474,1.1912,1.3026,1.4569,1.5772,1.7105,1.8512,2.1306,2.1630,2.1782,2.2404,2.3443,2.3443,2.3496,2.4162,2.4162,2.4420,2.4420,2.5168
3,3,48.7600,39.9450,53.2750,54.2600,42.5550,57.9450,0.3827,0.6395,0.7525,0.8885,1.0022,1.0477,1.1875,1.2093,1.2951,1.6417,1.9002,1.9959,2.0555,2.1673,2.2450,2.3040,2.3040,2.3585,2.5020,2.5020,2.5190,2.5322,2.5497,2.5545
4,4,49.1100,39.9300,53.2500,53.9400,42.4650,58.3100,0.4198,0.5243,0.7121,0.9513,1.0324,1.0926,1.1366,1.3469,1.5460,1.7782,2.0416,2.0475,2.0590,2.2533,2.2533,2.2533,2.2533,2.2886,2.2886,2.3591,2.4735,2.4868,2.6164,2.6217
5,5,48.9400,40.1600,53.9300,54.5700,42.3650,58.9250,0.3719,0.5552,0.7242,0.8384,0.9754,1.0267,1.1666,1.5681,1.6558,1.9037,2.0124,2.2167,2.2350,2.2731,2.2731,2.2955,2.3300,2.3300,2.3570,2.3981,2.4753,2.5170,2.5170,2.5170
6,6,50.5100,40.0900,55.2300,55.4100,42.1800,59.1700,0.4289,0.6233,0.7690,0.9665,1.0441,1.2211,1.3410,1.5994,1.8814,2.0132,2.1177,2.2283,2.2671,2.2811,2.3111,2.3111,2.3111,2.3750,2.4144,2.4539,2.4539,2.4539,2.4770,2.5152
7,7,51.3400,41.0300,55.6500,55.9500,42.8550,59.4050,0.4368,0.6159,0.7657,0.9732,1.1065,1.4140,1.7511,1.9393,1.9547,2.0173,2.0777,2.0942,2.0942,2.1733,2.2612,2.2612,2.2993,2.3277,2.3277,2.3277,2.3277,2.3723,2.4928,2.4928
8,8,47.9800,39.7950,54.3650,53.0800,42.3300,58.3800,0.4423,0.5792,0.8405,0.9696,1.2584,1.5257,1.7515,1.8770,1.9436,2.0168,2.1312,2.1312,2.1336,2.1715,2.1715,2.2431,2.3427,2.3567,2.3690,2.3690,2.4148,2.4148,2.4148,2.4523
9,9,46.5200,38.4150,52.4400,50.8050,40.2625,55.0450,0.4197,0.5985,0.8109,1.2741,1.6169,1.8809,1.9677,2.0502,2.0502,2.0576,2.0576,2.0819,2.2234,2.2296,2.2550,2.2763,2.3662,2.3662,2.3662,2.4504,2.4504,2.4504,2.5174,2.5505
10,10,46.9500,39.1575,52.6000,51.8800,40.5850,56.9500,0.4343,0.6816,1.0945,1.4806,1.6389,1.7174,1.8616,1.9248,1.9379,2.0021,2.0617,2.1157,2.1157,2.1585,2.2120,2.2207,2.2207,2.2207,2.2207,2.2627,2.2627,2.4570,2.4655,2.5081
11,11,47.7450,39.7325,53.4525,52.1300,40.7100,59.4900,0.4383,0.9844,1.3002,1.5723,1.6397,1.6853,1.7314,1.7983,1.8172,1.8231,1.8326,1.8542,1.8804,2.0925,2.0925,2.1089,2.1361,2.1928,2.2166,2.2166,2.2523,2.3072,2.3636,2.4076
12,12,48.5800,40.7500,56.2450,53.5300,41.2000,61.3800,0.7416,1.3028,1.5090,1.5756,1.7065,1.7825,1.7941,1.7941,1.8581,1.8581,1.8581,1.9423,1.9829,2.1084,2.1613,2.1792,2.2691,2.3267,2.3267,2.4461,2.4520,2.4520,2.6170,2.6170
13,13,50.2100,42.5800,56.9425,54.4100,42.7675,63.7775,0.8451,1.2658,1.3262,1.5471,1.5820,1.6494,1.6962,1.6962,1.7248,1.7248,1.7941,1.7941,1.9237,1.9237,1.9237,2.0396,2.0513,2.0513,2.1173,2.2030,2.2239,2.2648,2.2679,2.3432
14,14,49.6300,41.7400,55.8600,53.7100,42.2750,62.5275,0.7220,0.9857,1.2082,1.2967,1.4065,1.4065,1.4446,1.4796,1.5927,1.6834,1.7136,1.7442,1.7515,1.7651,1.8949,1.9401,1.9909,2.0028,2.0303,2.2526,2.3943,2.5225,2.5740,2.7141
15,15,47.2300,40.2400,52.0700,50.8600,40.6625,59.6150,0.5958,0.9341,1.0187,1.1817,1.2195,1.2369,1.2991,1.3224,1.3446,1.3499,1.3937,1.3961,1.4996,1.5522,1.5728,1.7127,1.8082,2.1068,2.1084,2.1409,2.2398,2.4122,2.4170,2.5714
16,16,45.0700,38.7400,49.6700,49.7300,41.0750,56.3200,0.6371,0.8861,0.9663,1.0278,1.0731,1.1106,1.1317,1.1450,1.2359,1.3776,1.4273,1.4703,1.6148,1.6278,1.6616,1.8237,1.9339,1.9933,1.9933,2.0979,2.1085,2.1820,2.3381,2.3381
17,17,43.6750,38.3225,49.0350,47.7800,39.7500,54.9800,0.5233,0.6582,0.7996,0.8359,0.8944,0.9887,1.1760,1.2694,1.3140,1.3485,1.4270,1.4856,1.5542,1.6194,1.6617,1.8321,1.8979,1.9608,1.9783,2.1164,2.1876,2.2545,2.3601,2.5232
18,18,42.3400,37.3525,48.3250,47.4500,38.4650,53.7000,0.4030,0.5841,0.6756,0.8106,0.8483,0.9286,1.0421,1.0950,1.1621,1.2256,1.3688,1.4172,1.4462,1.4510,1.5086,1.5367,1.7718,1.8094,1.9991,2.0284,2.1785,2.2058,2.2139,2.2779
19,19,41.1300,36.4750,48.5150,43.7900,37.6500,52.8500,0.3875,0.5223,0.6835,0.7599,0.8432,0.9455,1.0390,1.0787,1.0897,1.2573,1.3202,1.3438,1.3678,1.4228,1.5020,1.5867,1.7740,2.0327,2.0327,2.1213,2.1687,2.2569,2.3928,2.4119
20,20,39.9500,33.8500,47.0400,42.5900,35.4100,49.4600,0.3936,0.5645,0.6500,0.7525,0.9110,1.0215,1.0516,1.1001,1.1760,1.2551,1.2709,1.2866,1.3172,1.4434,1.5348,1.6098,1.7403,1.7907,2.0351,2.1869,2.2213,2.3672,2.3750,2.3750
21,21,39.3900,33.2275,45.5400,41.8650,34.5625,50.0875,0.3972,0.6002,0.6552,0.8232,0.8881,0.9283,0.9822,1.1067,1.2592,1.3281,1.3535,1.4039,1.4909,1.6189,1.7032,1.9038,2.0170,2.0950,2.1487,2.2657,2.2743,2.2888,2.2888,2.2888
22,22,39.2600,35.0800,47.6800,42.0900,35.4475,51.6150,0.3700,0.5114,0.6954,0.8040,0.8705,0.9088,0.9377,1.0181,1.0350,1.2667,1.2548,1.3721,1.4046,1.4046,1.6856,1.8242,1.9890,2.0546,2.0971,2.1436,2.1809,2.1809,2.2066,2.2650
23,23,39.3000,34.9600,46.3450,42.7600,35.7700,52.0400,0.4094,0.6462,0.8043,0.8847,0.9049,0.9385,1.0176,1.0434,1.0973,1.2232,1.2825,1.4046,1.4327,1.5018,1.9051,2.0053,2.0825,2.0826,2.0923,2.1108,2.1736,2.1769,2.1887,2.2033
