combo_idx,entry_time,exit_time,entry_spot,exit_spot,entry_price_usd,exit_price_usd,fees,pnl,triggered,exit_reason,exit_hour,entry_date,status,slot,combo_hash,slot_id,merge_method
183,2025-06-27 16:00:00+00:00,2025-06-28 08:00:00+00:00,107380.74,107534.74,240.53285,0.0,25.063524,107.734665,False,expiry,16,2025-06-27,0,C,829e7226cc48,slot_c_fri_sat,union_no_overlap
266,2025-07-01 22:05:00+00:00,2025-07-02 08:00:00+00:00,105933.67,107307.66,239.4101,0.0,24.946531,107.23178,False,expiry,9,2025-07-01,0,A,5cd986cf48cd,slot_a_mon_thu,union_no_overlap
266,2025-07-02 21:00:00+00:00,2025-07-03 08:00:00+00:00,109207.1,109389.77,360.38342,0.0,37.551952,161.41574,False,expiry,11,2025-07-02,0,A,5cd986cf48cd,slot_a_mon_thu,union_no_overlap
266,2025-07-03 20:00:00+00:00,2025-07-04 08:00:00+00:00,109856.77,108743.36,483.36978,0.0,50.367134,216.50133,False,expiry,12,2025-07-03,0,A,5cd986cf48cd,slot_a_mon_thu,union_no_overlap
183,2025-07-04 16:00:00+00:00,2025-07-05 08:00:00+00:00,107641.49,108081.18,482.2339,0.0,50.24877,215.99257,False,expiry,16,2025-07-04,0,C,829e7226cc48,slot_c_fri_sat,union_no_overlap
266,2025-07-08 20:00:00+00:00,2025-07-09 08:00:00+00:00,108770.09,108743.28,241.4696,0.0,25.161133,108.154235,False,expiry,12,2025-07-08,0,A,5cd986cf48cd,slot_a_mon_thu,union_no_overlap
183,2025-07-11 16:00:00+00:00,2025-07-12 08:00:00+00:00,116972.75,117827.26,805.94226,0.0,83.97918,360.98155,False,expiry,16,2025-07-11,0,C,829e7226cc48,slot_c_fri_sat,union_no_overlap
38,2025-07-14 05:00:00+00:00,2025-07-14 08:00:00+00:00,121378.6,122699.09,796.24365,0.0,82.96859,356.63755,False,expiry,3,2025-07-14,0,B,e2f4ac2b3e69,slot_b_mon_early,union_no_overlap
266,2025-07-14 22:00:00+00:00,2025-07-15 08:00:00+00:00,120043.58,116766.02,484.97607,0.0,50.534508,217.22078,False,expiry,10,2025-07-14,0,A,5cd986cf48cd,slot_a_mon_thu,union_no_overlap
266,2025-07-16 22:00:00+00:00,2025-07-17 08:00:00+00:00,119513.06,118378.85,365.70996,0.0,38.10698,163.8015,False,expiry,10,2025-07-16,0,A,5cd986cf48cd,slot_a_mon_thu,union_no_overlap
183,2025-07-18 16:00:00+00:00,2025-07-19 08:00:00+00:00,117949.46,118274.55,812.6718,0.0,84.6804,363.9957,False,expiry,16,2025-07-18,0,C,829e7226cc48,slot_c_fri_sat,union_no_overlap
266,2025-07-23 20:00:00+00:00,2025-07-24 08:00:00+00:00,118460.99,118365.93,366.04446,0.0,38.141834,163.95131,False,expiry,12,2025-07-23,0,A,5cd986cf48cd,slot_a_mon_thu,union_no_overlap
266,2025-07-24 20:00:00+00:00,2025-07-25 08:00:00+00:00,118955.11,115543.32,612.61884,0.0,63.83488,274.39197,False,expiry,12,2025-07-24,0,A,5cd986cf48cd,slot_a_mon_thu,union_no_overlap
183,2025-07-25 16:00:00+00:00,2025-07-26 08:00:00+00:00,115773.04,117381.6,490.8777,0.0,51.149452,219.8641,False,expiry,16,2025-07-25,0,C,829e7226cc48,slot_c_fri_sat,union_no_overlap
38,2025-07-28 05:00:00+00:00,2025-07-28 08:00:00+00:00,119239.67,118850.5,240.86414,0.0,25.098042,107.88304,False,expiry,3,2025-07-28,0,B,e2f4ac2b3e69,slot_b_mon_early,union_no_overlap
183,2025-08-01 16:00:00+00:00,2025-08-02 08:00:00+00:00,115316.39,113966.13,740.33124,0.0,77.14252,331.59435,False,expiry,16,2025-08-01,0,C,829e7226cc48,slot_c_fri_sat,union_no_overlap
266,2025-08-07 20:00:00+00:00,2025-08-08 08:00:00+00:00,117542.8,116800.52,740.51965,0.0,77.16215,331.67875,False,expiry,12,2025-08-07,0,A,5cd986cf48cd,slot_a_mon_thu,union_no_overlap
183,2025-08-08 16:00:00+00:00,2025-08-09 08:00:00+00:00,116237.87,116768.11,248.74902,0.0,25.91965,111.41469,False,expiry,16,2025-08-08,0,C,829e7226cc48,slot_c_fri_sat,union_no_overlap
38,2025-08-11 05:00:00+00:00,2025-08-11 08:00:00+00:00,122037.98,121549.73,483.27042,0.0,50.356777,216.45682,False,expiry,3,2025-08-11,0,B,e2f4ac2b3e69,slot_b_mon_early,union_no_overlap
266,2025-08-12 20:00:00+00:00,2025-08-13 08:00:00+00:00,119615.56,119523.81,248.80037,0.0,25.924997,111.437685,False,expiry,12,2025-08-12,0,A,5cd986cf48cd,slot_a_mon_thu,union_no_overlap
183,2025-08-15 16:00:00+00:00,2025-08-16 08:00:00+00:00,117313.35,117677.31,746.1129,0.0,77.744965,334.18395,False,expiry,16,2025-08-15,0,C,829e7226cc48,slot_c_fri_sat,union_no_overlap
38,2025-08-18 05:00:00+00:00,2025-08-18 08:00:00+00:00,115571.83,115302.51,364.05124,0.0,37.93414,163.05855,False,expiry,3,2025-08-18,0,B,e2f4ac2b3e69,slot_b_mon_early,union_no_overlap
266,2025-08-18 20:00:00+00:00,2025-08-19 08:00:00+00:00,116379.71,115011.6,249.05258,0.0,25.951279,111.55065,False,expiry,12,2025-08-18,0,A,5cd986cf48cd,slot_a_mon_thu,union_no_overlap
266,2025-08-19 23:05:00+00:00,2025-08-20 08:00:00+00:00,112982.32,113420.94,497.12222,0.0,51.800137,222.66104,False,expiry,8,2025-08-19,0,A,5cd986cf48cd,slot_a_mon_thu,union_no_overlap
266,2025-08-20 21:00:00+00:00,2025-08-21 08:00:00+00:00,114402.81,113900.95,249.39813,0.0,25.987284,111.70542,False,expiry,11,2025-08-20,0,A,5cd986cf48cd,slot_a_mon_thu,union_no_overlap
266,2025-08-21 22:00:00+00:00,2025-08-22 08:00:00+00:00,112525.47,113038.03,378.08557,0.0,39.396515,169.34453,False,expiry,10,2025-08-21,0,A,5cd986cf48cd,slot_a_mon_thu,union_no_overlap
183,2025-08-22 16:00:00+00:00,2025-08-23 08:00:00+00:00,116489.44,115807.75,747.86224,0.0,77.927246,334.9675,False,expiry,16,2025-08-22,0,C,829e7226cc48,slot_c_fri_sat,union_no_overlap
38,2025-08-25 05:00:00+00:00,2025-08-25 08:00:00+00:00,112777.73,111392.29,365.3998,0.0,38.07466,163.66258,False,expiry,3,2025-08-25,0,B,e2f4ac2b3e69,slot_b_mon_early,union_no_overlap
266,2025-08-26 21:05:00+00:00,2025-08-27 08:00:00+00:00,111272.48,110798.58,377.21368,0.0,39.305668,168.95401,False,expiry,10,2025-08-26,0,A,5cd986cf48cd,slot_a_mon_thu,union_no_overlap
266,2025-08-28 20:00:00+00:00,2025-08-29 08:00:00+00:00,111891.14,110191.95,632.18494,0.0,65.87367,283.15565,False,expiry,12,2025-08-28,0,A,5cd986cf48cd,slot_a_mon_thu,union_no_overlap
183,2025-08-29 16:00:00+00:00,2025-08-30 08:00:00+00:00,108427.96,108510.29,377.32928,0.0,39.31771,169.0058,False,expiry,16,2025-08-29,0,C,829e7226cc48,slot_c_fri_sat,union_no_overlap
266,2025-09-01 21:30:00+00:00,2025-09-02 08:00:00+00:00,108038.72,110253.16,254.97137,0.0,26.568016,114.201675,False,expiry,10,2025-09-01,0,A,5cd986cf48cd,slot_a_mon_thu,union_no_overlap
266,2025-09-02 20:00:00+00:00,2025-09-03 08:00:00+00:00,110748.67,111106.16,254.72194,0.0,26.542027,114.08996,False,expiry,12,2025-09-02,0,A,5cd986cf48cd,slot_a_mon_thu,union_no_overlap
266,2025-09-04 20:00:00+00:00,2025-09-05 08:00:00+00:00,109959.4,112966.21,382.6587,0.0,39.873035,171.39284,False,expiry,12,2025-09-04,0,A,5cd986cf48cd,slot_a_mon_thu,union_no_overlap
183,2025-09-05 16:00:00+00:00,2025-09-06 08:00:00+00:00,110635.39,110844.15,630.62177,0.0,65.710785,282.455475,False,expiry,16,2025-09-05,0,C,829e7226cc48,slot_c_fri_sat,union_no_overlap
266,2025-09-11 23:50:00+00:00,2025-09-12 08:00:00+00:00,115465.29,115152.76,384.4994,0.0,40.06484,172.217285,False,expiry,8,2025-09-11,0,A,5cd986cf48cd,slot_a_mon_thu,union_no_overlap
183,2025-09-12 16:00:00+00:00,2025-09-13 08:00:00+00:00,115178.0,115846.37,380.0874,0.0,39.605106,170.241135,False,expiry,16,2025-09-12,0,C,829e7226cc48,slot_c_fri_sat,union_no_overlap
266,2025-09-16 21:00:00+00:00,2025-09-17 08:00:00+00:00,116883.16,117222.28,514.2859,0.0,53.588593,230.348665,False,expiry,11,2025-09-16,0,A,5cd986cf48cd,slot_a_mon_thu,union_no_overlap
266,2025-09-18 20:10:00+00:00,2025-09-19 08:00:00+00:00,117554.74,116963.64,258.62042,0.0,26.948248,115.83609,False,expiry,11,2025-09-18,0,A,5cd986cf48cd,slot_a_mon_thu,union_no_overlap
183,2025-09-19 16:00:00+00:00,2025-09-20 08:00:00+00:00,115867.84,115995.94,382.36386,0.0,39.842316,171.260775,False,expiry,16,2025-09-19,0,C,829e7226cc48,slot_c_fri_sat,union_no_overlap
38,2025-09-22 06:30:00+00:00,2025-09-22 08:00:00+00:00,112778.71,112631.59,491.71518,0.0,51.23672,220.239225,False,expiry,1,2025-09-22,0,B,e2f4ac2b3e69,slot_b_mon_early,union_no_overlap
266,2025-09-25 23:00:00+00:00,2025-09-26 08:00:00+00:00,109468.3,109462.41,516.69037,0.0,53.839138,231.425615,False,expiry,9,2025-09-25,0,A,5cd986cf48cd,slot_a_mon_thu,union_no_overlap
183,2025-09-26 16:00:00+00:00,2025-09-27 08:00:00+00:00,109078.55,109424.11,510.4876,0.0,53.19281,228.6474,False,expiry,16,2025-09-26,0,C,829e7226cc48,slot_c_fri_sat,union_no_overlap
266,2025-10-01 20:00:00+00:00,2025-10-02 08:00:00+00:00,117402.82,118621.84,260.63425,0.0,27.158089,116.738085,False,expiry,12,2025-10-01,0,A,5cd986cf48cd,slot_a_mon_thu,union_no_overlap
266,2025-10-02 22:00:00+00:00,2025-10-03 08:00:00+00:00,120256.27,119767.06,259.75354,0.0,27.066319,116.343615,False,expiry,10,2025-10-02,0,A,5cd986cf48cd,slot_a_mon_thu,union_no_overlap
183,2025-10-03 16:00:00+00:00,2025-10-04 08:00:00+00:00,122728.05,122369.01,638.18585,0.0,66.49896,285.84345,False,expiry,16,2025-10-03,0,C,829e7226cc48,slot_c_fri_sat,union_no_overlap
38,2025-10-06 05:00:00+00:00,2025-10-06 08:00:00+00:00,123546.97,123501.83,370.6409,0.0,38.62078,166.01005,False,expiry,3,2025-10-06,0,B,e2f4ac2b3e69,slot_b_mon_early,union_no_overlap
266,2025-10-06 22:00:00+00:00,2025-10-07 08:00:00+00:00,125250.45,123677.39,390.7814,0.0,40.71942,175.03099,False,expiry,10,2025-10-06,0,A,5cd986cf48cd,slot_a_mon_thu,union_no_overlap
266,2025-10-08 22:25:00+00:00,2025-10-09 08:00:00+00:00,123335.67,121933.99,261.47162,0.0,27.245342,117.113135,False,expiry,9,2025-10-08,0,A,5cd986cf48cd,slot_a_mon_thu,union_no_overlap
266,2025-10-09 20:00:00+00:00,2025-10-10 08:00:00+00:00,121074.43,120995.65,784.56226,0.0,81.75139,351.40545,False,expiry,12,2025-10-09,0,A,5cd986cf48cd,slot_a_mon_thu,union_no_overlap
183,2025-10-10 16:00:00+00:00,2025-10-10 20:55:00+00:00,118930.87,115235.28,849.1664,4888.281,214.52335,-2126.81885,False,stop_loss,4,2025-10-10,0,C,829e7226cc48,slot_c_fri_sat,union_no_overlap
38,2025-10-13 05:00:00+00:00,2025-10-13 08:00:00+00:00,114749.86,115454.56,736.6941,0.0,76.76352,329.96527,False,expiry,3,2025-10-13,0,B,e2f4ac2b3e69,slot_b_mon_early,union_no_overlap
266,2025-10-13 22:00:00+00:00,2025-10-14 08:00:00+00:00,115823.65,111825.93,875.6268,1879.9594,91.24031,-547.78645,False,expiry,10,2025-10-13,0,A,5cd986cf48cd,slot_a_mon_thu,union_no_overlap
266,2025-10-14 22:00:00+00:00,2025-10-15 08:00:00+00:00,113326.4,112607.78,872.6133,0.0,90.92631,390.8435,False,expiry,10,2025-10-14,0,A,5cd986cf48cd,slot_a_mon_thu,union_no_overlap
266,2025-10-15 20:00:00+00:00,2025-10-16 08:00:00+00:00,111439.68,110537.52,872.5727,0.0,90.92207,390.8253,False,expiry,12,2025-10-15,0,A,5cd986cf48cd,slot_a_mon_thu,union_no_overlap
266,2025-10-16 22:00:00+00:00,2025-10-17 08:00:00+00:00,108439.55,105563.97,884.8667,0.0,92.20311,396.3318,False,expiry,10,2025-10-16,0,A,5cd986cf48cd,slot_a_mon_thu,union_no_overlap
183,2025-10-17 16:00:00+00:00,2025-10-18 08:00:00+00:00,107114.87,106702.56,821.57104,0.0,85.607704,367.98165,False,expiry,16,2025-10-17,0,C,829e7226cc48,slot_c_fri_sat,union_no_overlap
38,2025-10-20 05:00:00+00:00,2025-10-20 08:00:00+00:00,110379.47,111223.32,494.50003,0.0,51.526905,221.48657,False,expiry,3,2025-10-20,0,B,e2f4ac2b3e69,slot_b_mon_early,union_no_overlap
266,2025-10-20 20:00:00+00:00,2025-10-21 08:00:00+00:00,110708.73,108074.21,531.4019,0.0,55.372078,238.01491,False,expiry,12,2025-10-20,0,A,5cd986cf48cd,slot_a_mon_thu,union_no_overlap
266,2025-10-22 20:00:00+00:00,2025-10-23 08:00:00+00:00,107952.22,109334.68,893.84436,0.0,93.13858,400.3529,False,expiry,12,2025-10-22,0,A,5cd986cf48cd,slot_a_mon_thu,union_no_overlap
266,2025-10-23 20:00:00+00:00,2025-10-24 08:00:00+00:00,110149.38,111061.82,902.1235,0.0,94.00127,404.0611,False,expiry,12,2025-10-23,0,A,5cd986cf48cd,slot_a_mon_thu,union_no_overlap
183,2025-10-24 16:00:00+00:00,2025-10-25 08:00:00+00:00,110100.0,111509.02,827.952,0.0,86.272606,370.83972,False,expiry,16,2025-10-24,0,C,829e7226cc48,slot_c_fri_sat,union_no_overlap
266,2025-10-27 20:00:00+00:00,2025-10-28 08:00:00+00:00,114839.11,114195.92,271.0203,0.0,28.240314,121.38999,False,expiry,12,2025-10-27,0,A,5cd986cf48cd,slot_a_mon_thu,union_no_overlap
266,2025-10-29 22:00:00+00:00,2025-10-30 08:00:00+00:00,111589.38,111333.3,680.69525,0.0,70.928444,304.8834,False,expiry,10,2025-10-29,0,A,5cd986cf48cd,slot_a_mon_thu,union_no_overlap
266,2025-10-30 22:00:00+00:00,2025-10-31 08:00:00+00:00,107850.96,109387.8,905.94806,0.0,94.39979,405.77415,False,expiry,10,2025-10-30,0,A,5cd986cf48cd,slot_a_mon_thu,union_no_overlap
183,2025-10-31 16:00:00+00:00,2025-11-01 08:00:00+00:00,110088.96,110083.65,836.67615,0.0,87.181656,374.74725,False,expiry,16,2025-10-31,0,C,829e7226cc48,slot_c_fri_sat,union_no_overlap
38,2025-11-03 06:00:00+00:00,2025-11-03 08:00:00+00:00,107630.88,107425.99,249.70364,0.0,26.01912,111.84226,False,expiry,2,2025-11-03,0,B,e2f4ac2b3e69,slot_b_mon_early,union_no_overlap
266,2025-11-03 21:00:00+00:00,2025-11-04 08:00:00+00:00,106797.37,104475.69,919.5254,0.0,95.814545,411.8554,False,expiry,11,2025-11-03,0,A,5cd986cf48cd,slot_a_mon_thu,union_no_overlap
266,2025-11-05 21:00:00+00:00,2025-11-06 08:00:00+00:00,103654.41,103104.47,555.58765,0.0,57.89223,248.8477,False,expiry,11,2025-11-05,0,A,5cd986cf48cd,slot_a_mon_thu,union_no_overlap
266,2025-11-06 22:00:00+00:00,2025-11-07 08:00:00+00:00,101072.03,101927.04,929.8627,0.0,96.89169,416.4855,False,expiry,10,2025-11-06,0,A,5cd986cf48cd,slot_a_mon_thu,union_no_overlap
183,2025-11-07 17:00:00+00:00,2025-11-08 08:00:00+00:00,100988.6,102278.4,838.2054,0.0,87.341,375.4322,False,expiry,15,2025-11-07,0,C,829e7226cc48,slot_c_fri_sat,union_no_overlap
266,2025-11-10 21:00:00+00:00,2025-11-11 08:00:00+00:00,105862.48,104851.37,563.1884,0.0,58.68423,252.252075,False,expiry,11,2025-11-10,0,A,5cd986cf48cd,slot_a_mon_thu,union_no_overlap
266,2025-11-11 21:00:00+00:00,2025-11-12 08:00:00+00:00,102862.85,103136.14,845.53265,0.0,88.10451,378.71408,False,expiry,11,2025-11-11,0,A,5cd986cf48cd,slot_a_mon_thu,union_no_overlap
266,2025-11-12 22:00:00+00:00,2025-11-13 08:00:00+00:00,101849.38,103512.14,849.4238,0.0,88.509964,380.45695,False,expiry,10,2025-11-12,0,A,5cd986cf48cd,slot_a_mon_thu,union_no_overlap
183,2025-11-14 17:00:00+00:00,2025-11-15 08:00:00+00:00,96955.22,96181.04,853.2059,0.0,88.90405,382.1509,False,expiry,15,2025-11-14,0,C,829e7226cc48,slot_c_fri_sat,union_no_overlap
38,2025-11-17 06:10:00+00:00,2025-11-17 08:00:00+00:00,94991.46,95576.41,752.33234,0.0,78.39303,336.969665,False,expiry,1,2025-11-17,0,B,e2f4ac2b3e69,slot_b_mon_early,union_no_overlap
266,2025-11-18 21:00:00+00:00,2025-11-19 08:00:00+00:00,92751.46,91807.77,955.34,0.0,99.54643,427.8968,False,expiry,11,2025-11-18,0,A,5cd986cf48cd,slot_a_mon_thu,union_no_overlap
266,2025-11-19 23:00:00+00:00,2025-11-20 08:00:00+00:00,90510.84,92157.25,959.415,0.0,99.97104,429.72195,False,expiry,9,2025-11-19,0,A,5cd986cf48cd,slot_a_mon_thu,union_no_overlap
266,2025-11-20 23:00:00+00:00,2025-11-21 07:35:00+00:00,88045.58,83703.97,972.0232,115.511475,113.32111,371.5953,False,strike_proximity_stop,8,2025-11-20,0,A,5cd986cf48cd,slot_a_mon_thu,union_no_overlap
183,2025-11-21 17:00:00+00:00,2025-11-22 08:00:00+00:00,84747.94,84475.81,866.9714,0.0,90.33842,388.3165,False,expiry,15,2025-11-21,0,C,829e7226cc48,slot_c_fri_sat,union_no_overlap
38,2025-11-24 06:00:00+00:00,2025-11-24 08:00:00+00:00,87425.67,86899.69,503.5719,0.0,52.47219,225.54985,False,expiry,2,2025-11-24,0,B,e2f4ac2b3e69,slot_b_mon_early,union_no_overlap
266,2025-11-24 22:00:00+00:00,2025-11-25 08:00:00+00:00,88779.18,87371.71,727.98926,0.0,75.85648,326.0664,False,expiry,10,2025-11-24,0,A,5cd986cf48cd,slot_a_mon_thu,union_no_overlap
266,2025-11-25 21:00:00+00:00,2025-11-26 08:00:00+00:00,87351.05,87855.31,880.4986,0.0,91.747955,394.3753,False,expiry,11,2025-11-25,0,A,5cd986cf48cd,slot_a_mon_thu,union_no_overlap
266,2025-11-26 21:40:00+00:00,2025-11-27 08:00:00+00:00,90262.79,91418.62,296.06195,0.0,30.849655,132.60614,False,expiry,10,2025-11-26,0,A,5cd986cf48cd,slot_a_mon_thu,union_no_overlap
266,2025-11-27 21:00:00+00:00,2025-11-28 08:00:00+00:00,91408.04,90935.42,592.3241,0.0,61.72017,265.30195,False,expiry,11,2025-11-27,0,A,5cd986cf48cd,slot_a_mon_thu,union_no_overlap
183,2025-11-28 17:00:00+00:00,2025-11-29 08:00:00+00:00,90912.36,90563.0,645.4778,0.0,67.25878,289.1095,False,expiry,15,2025-11-28,0,C,829e7226cc48,slot_c_fri_sat,union_no_overlap
38,2025-12-01 06:00:00+00:00,2025-12-01 08:00:00+00:00,86049.78,86523.16,839.8458,0.0,87.51194,376.16695,False,expiry,2,2025-12-01,0,B,e2f4ac2b3e69,slot_b_mon_early,union_no_overlap
266,2025-12-01 21:00:00+00:00,2025-12-02 08:00:00+00:00,85590.12,87038.85,985.99817,0.0,102.74101,441.62857,False,expiry,11,2025-12-01,0,A,5cd986cf48cd,slot_a_mon_thu,union_no_overlap
266,2025-12-02 21:00:00+00:00,2025-12-03 08:00:00+00:00,91054.94,93082.52,746.6505,0.0,77.80098,334.424775,False,expiry,11,2025-12-02,0,A,5cd986cf48cd,slot_a_mon_thu,union_no_overlap
266,2025-12-03 21:00:00+00:00,2025-12-04 08:00:00+00:00,92951.87,93370.72,602.32806,0.0,62.762585,269.78275,False,expiry,11,2025-12-03,0,A,5cd986cf48cd,slot_a_mon_thu,union_no_overlap
266,2025-12-04 21:00:00+00:00,2025-12-05 08:00:00+00:00,92495.63,92235.73,904.60724,0.0,94.26008,405.173585,False,expiry,11,2025-12-04,0,A,5cd986cf48cd,slot_a_mon_thu,union_no_overlap
183,2025-12-05 17:00:00+00:00,2025-12-06 08:00:00+00:00,88821.89,89615.5,874.0074,0.0,91.07157,391.467925,False,expiry,15,2025-12-05,0,C,829e7226cc48,slot_c_fri_sat,union_no_overlap
266,2025-12-08 21:00:00+00:00,2025-12-09 08:00:00+00:00,90724.58,90493.77,609.6692,0.0,63.52753,273.07083,False,expiry,11,2025-12-08,0,A,5cd986cf48cd,slot_a_mon_thu,union_no_overlap
266,2025-12-09 22:00:00+00:00,2025-12-10 08:00:00+00:00,92905.45,92732.47,609.4598,0.0,63.50571,272.97705,False,expiry,10,2025-12-09,0,A,5cd986cf48cd,slot_a_mon_thu,union_no_overlap
183,2025-12-12 17:00:00+00:00,2025-12-13 08:00:00+00:00,90137.17,90356.2,874.3306,0.0,91.10525,391.61267,False,expiry,15,2025-12-12,0,C,829e7226cc48,slot_c_fri_sat,union_no_overlap
266,2025-12-15 23:00:00+00:00,2025-12-16 08:00:00+00:00,86213.94,85957.03,306.9216,0.0,31.981232,137.470185,False,expiry,9,2025-12-15,0,A,5cd986cf48cd,slot_a_mon_thu,union_no_overlap
266,2025-12-16 21:00:00+00:00,2025-12-17 08:00:00+00:00,87532.29,86929.37,616.2273,0.0,64.210884,276.0082,False,expiry,11,2025-12-16,0,A,5cd986cf48cd,slot_a_mon_thu,union_no_overlap
266,2025-12-17 23:00:00+00:00,2025-12-18 08:00:00+00:00,86215.49,86824.54,462.97717,0.0,48.24222,207.367475,False,expiry,9,2025-12-17,0,A,5cd986cf48cd,slot_a_mon_thu,union_no_overlap
183,2025-12-19 17:00:00+00:00,2025-12-20 08:00:00+00:00,87871.97,88284.21,869.93256,0.0,90.64697,389.6428,False,expiry,15,2025-12-19,0,C,829e7226cc48,slot_c_fri_sat,union_no_overlap
266,2025-12-22 22:05:00+00:00,2025-12-23 08:00:00+00:00,88229.92,87509.83,308.80472,0.0,32.177452,138.31363,False,expiry,9,2025-12-22,0,A,5cd986cf48cd,slot_a_mon_thu,union_no_overlap
266,2025-12-23 21:00:00+00:00,2025-12-24 08:00:00+00:00,87677.28,86840.59,465.56635,0.0,48.512012,208.527175,False,expiry,11,2025-12-23,0,A,5cd986cf48cd,slot_a_mon_thu,union_no_overlap
266,2025-12-24 21:00:00+00:00,2025-12-25 08:00:00+00:00,87548.91,87795.9,311.6741,0.0,32.47644,139.59883,False,expiry,11,2025-12-24,0,A,5cd986cf48cd,slot_a_mon_thu,union_no_overlap
266,2025-12-25 21:00:00+00:00,2025-12-26 08:00:00+00:00,87826.69,88546.68,1038.9897,0.0,108.26273,465.3635,False,expiry,11,2025-12-25,0,A,5cd986cf48cd,slot_a_mon_thu,union_no_overlap
183,2025-12-26 17:00:00+00:00,2025-12-27 08:00:00+00:00,86826.3,87494.57,797.06537,0.0,83.054214,357.005585,False,expiry,15,2025-12-26,0,C,829e7226cc48,slot_c_fri_sat,union_no_overlap
38,2025-12-29 06:00:00+00:00,2025-12-29 08:00:00+00:00,89926.28,89540.69,380.38815,0.0,39.636448,170.37585,False,expiry,2,2025-12-29,0,B,e2f4ac2b3e69,slot_b_mon_early,union_no_overlap
266,2025-12-29 21:00:00+00:00,2025-12-30 08:00:00+00:00,87163.88,87398.47,313.78998,0.0,32.696915,140.546525,False,expiry,11,2025-12-29,0,A,5cd986cf48cd,slot_a_mon_thu,union_no_overlap
266,2025-12-31 21:00:00+00:00,2026-01-01 08:00:00+00:00,87565.73,87500.56,788.09155,0.0,82.11914,352.9862,False,expiry,11,2025-12-31,0,A,5cd986cf48cd,slot_a_mon_thu,union_no_overlap
266,2026-01-01 23:35:00+00:00,2026-01-02 08:00:00+00:00,88690.37,88801.11,315.7377,0.0,32.899868,141.418915,False,expiry,8,2026-01-01,0,A,5cd986cf48cd,slot_a_mon_thu,union_no_overlap
183,2026-01-02 17:00:00+00:00,2026-01-03 08:00:00+00:00,90429.53,89526.6,885.3051,0.0,92.248795,396.52815,False,expiry,15,2026-01-02,0,C,829e7226cc48,slot_c_fri_sat,union_no_overlap
266,2026-01-07 22:00:00+00:00,2026-01-08 08:00:00+00:00,90879.06,90462.91,318.07672,0.0,33.143593,142.46655,False,expiry,10,2026-01-07,0,A,5cd986cf48cd,slot_a_mon_thu,union_no_overlap
266,2026-01-08 22:00:00+00:00,2026-01-09 08:00:00+00:00,91202.69,90691.96,317.38535,0.0,33.071552,142.15689,False,expiry,10,2026-01-08,0,A,5cd986cf48cd,slot_a_mon_thu,union_no_overlap
183,2026-01-09 17:00:00+00:00,2026-01-10 08:00:00+00:00,91507.63,90555.35,403.54865,0.0,42.04977,180.749435,False,expiry,15,2026-01-09,0,C,829e7226cc48,slot_c_fri_sat,union_no_overlap
266,2026-01-12 21:00:00+00:00,2026-01-13 08:00:00+00:00,91383.4,91875.63,477.02133,0.0,49.705624,213.65785,False,expiry,11,2026-01-12,0,A,5cd986cf48cd,slot_a_mon_thu,union_no_overlap
266,2026-01-13 22:15:00+00:00,2026-01-14 08:00:00+00:00,95332.75,95214.32,480.47705,0.0,50.06571,215.205675,False,expiry,9,2026-01-13,0,A,5cd986cf48cd,slot_a_mon_thu,union_no_overlap
266,2026-01-14 23:00:00+00:00,2026-01-15 08:00:00+00:00,96989.42,96557.07,480.09763,0.0,50.026173,215.03572,False,expiry,9,2026-01-14,0,A,5cd986cf48cd,slot_a_mon_thu,union_no_overlap
266,2026-01-15 23:00:00+00:00,2026-01-16 08:00:00+00:00,95515.53,95622.27,641.8644,0.0,66.88227,287.49105,False,expiry,9,2026-01-15,0,A,5cd986cf48cd,slot_a_mon_thu,union_no_overlap
183,2026-01-16 17:00:00+00:00,2026-01-17 08:00:00+00:00,94773.9,95065.01,269.15787,0.0,28.04625,120.55581,False,expiry,15,2026-01-16,0,C,829e7226cc48,slot_c_fri_sat,union_no_overlap
266,2026-01-19 23:05:00+00:00,2026-01-20 08:00:00+00:00,92461.05,91045.35,647.22736,0.0,67.441086,289.893125,False,expiry,8,2026-01-19,0,A,5cd986cf48cd,slot_a_mon_thu,union_no_overlap
266,2026-01-20 22:25:00+00:00,2026-01-21 08:00:00+00:00,89439.15,89076.12,971.3092,0.0,101.21042,435.049375,False,expiry,9,2026-01-20,0,A,5cd986cf48cd,slot_a_mon_thu,union_no_overlap
266,2026-01-21 22:00:00+00:00,2026-01-22 08:00:00+00:00,90152.52,89755.94,326.3521,0.0,34.00589,146.17311,False,expiry,10,2026-01-21,0,A,5cd986cf48cd,slot_a_mon_thu,union_no_overlap
266,2026-01-22 21:00:00+00:00,2026-01-23 08:00:00+00:00,89506.24,89471.56,1091.9761,0.0,113.78391,489.0961,False,expiry,11,2026-01-22,0,A,5cd986cf48cd,slot_a_mon_thu,union_no_overlap
183,2026-01-23 17:40:00+00:00,2026-01-24 08:00:00+00:00,90799.15,89489.59,541.1629,0.0,56.389175,242.38687,False,expiry,14,2026-01-23,0,C,829e7226cc48,slot_c_fri_sat,union_no_overlap
266,2026-01-26 21:00:00+00:00,2026-01-27 08:00:00+00:00,87492.1,88214.79,493.45544,0.0,51.418056,221.01869,False,expiry,11,2026-01-26,0,A,5cd986cf48cd,slot_a_mon_thu,union_no_overlap
266,2026-01-27 22:55:00+00:00,2026-01-28 08:00:00+00:00,89195.52,89035.66,330.02344,0.0,34.388443,147.81749,False,expiry,9,2026-01-27,0,A,5cd986cf48cd,slot_a_mon_thu,union_no_overlap
266,2026-01-28 22:00:00+00:00,2026-01-29 08:00:00+00:00,89303.49,88154.75,332.20898,0.0,34.616177,148.7964,False,expiry,10,2026-01-28,0,A,5cd986cf48cd,slot_a_mon_thu,union_no_overlap
266,2026-01-29 22:00:00+00:00,2026-01-30 08:00:00+00:00,84379.82,82597.36,1108.7509,0.0,115.53183,496.6095,False,expiry,10,2026-01-29,0,A,5cd986cf48cd,slot_a_mon_thu,union_no_overlap
183,2026-01-30 17:00:00+00:00,2026-01-31 08:00:00+00:00,82893.69,83415.23,902.7123,0.0,94.062614,404.32483,False,expiry,15,2026-01-30,0,C,829e7226cc48,slot_c_fri_sat,union_no_overlap
38,2026-02-02 06:00:00+00:00,2026-02-02 08:00:00+00:00,75420.98,76533.0,852.257,0.0,88.80518,381.72592,False,expiry,2,2026-02-02,0,B,e2f4ac2b3e69,slot_b_mon_early,union_no_overlap
266,2026-02-02 21:00:00+00:00,2026-02-03 08:00:00+00:00,77984.38,78736.17,1115.1766,0.0,116.20141,499.4876,False,expiry,11,2026-02-02,0,A,5cd986cf48cd,slot_a_mon_thu,union_no_overlap
183,2026-02-06 17:00:00+00:00,2026-02-07 08:00:00+00:00,69636.16,68032.16,923.3754,0.0,96.21572,413.57985,False,expiry,15,2026-02-06,0,C,829e7226cc48,slot_c_fri_sat,union_no_overlap
38,2026-02-09 06:00:00+00:00,2026-02-09 08:00:00+00:00,70795.69,70416.31,515.39264,0.0,53.70391,230.84436,False,expiry,2,2026-02-09,0,B,e2f4ac2b3e69,slot_b_mon_early,union_no_overlap
266,2026-02-09 21:00:00+00:00,2026-02-10 08:00:00+00:00,70687.18,68892.25,1123.2194,0.0,117.03945,503.08995,False,expiry,11,2026-02-09,0,A,5cd986cf48cd,slot_a_mon_thu,union_no_overlap
266,2026-02-10 21:00:00+00:00,2026-02-11 08:00:00+00:00,68755.5,66994.91,1133.0907,0.0,118.06805,507.51132,False,expiry,11,2026-02-10,0,A,5cd986cf48cd,slot_a_mon_thu,union_no_overlap
266,2026-02-11 21:00:00+00:00,2026-02-12 08:00:00+00:00,67445.48,67210.4,1023.8224,0.0,106.68229,458.57005,False,expiry,11,2026-02-11,0,A,5cd986cf48cd,slot_a_mon_thu,union_no_overlap
266,2026-02-12 22:00:00+00:00,2026-02-13 08:00:00+00:00,65741.84,66185.73,1146.5377,0.0,119.46923,513.53425,False,expiry,10,2026-02-12,0,A,5cd986cf48cd,slot_a_mon_thu,union_no_overlap
183,2026-02-13 17:00:00+00:00,2026-02-14 08:00:00+00:00,68822.61,69236.21,918.78186,0.0,95.73707,411.5224,False,expiry,15,2026-02-13,0,C,829e7226cc48,slot_c_fri_sat,union_no_overlap
266,2026-02-16 21:00:00+00:00,2026-02-17 08:00:00+00:00,68481.17,68394.13,346.5147,0.0,36.106834,155.20395,False,expiry,11,2026-02-16,0,A,5cd986cf48cd,slot_a_mon_thu,union_no_overlap
266,2026-02-17 21:00:00+00:00,2026-02-18 08:00:00+00:00,67707.79,68073.35,519.9958,0.0,54.183563,232.90613,False,expiry,11,2026-02-17,0,A,5cd986cf48cd,slot_a_mon_thu,union_no_overlap
266,2026-02-18 21:00:00+00:00,2026-02-19 08:00:00+00:00,66280.46,67132.79,1159.9081,0.0,120.86242,519.52285,False,expiry,11,2026-02-18,0,A,5cd986cf48cd,slot_a_mon_thu,union_no_overlap
266,2026-02-19 21:00:00+00:00,2026-02-20 08:00:00+00:00,67021.57,67819.46,702.38605,0.0,73.18863,314.598725,False,expiry,11,2026-02-19,0,A,5cd986cf48cd,slot_a_mon_thu,union_no_overlap
183,2026-02-20 17:00:00+00:00,2026-02-21 08:00:00+00:00,67708.1,67832.97,928.95514,0.0,96.79713,416.079,False,expiry,15,2026-02-20,0,C,829e7226cc48,slot_c_fri_sat,union_no_overlap
38,2026-02-23 06:00:00+00:00,2026-02-23 08:00:00+00:00,65032.97,65943.01,257.53055,0.0,26.834682,115.34793,False,expiry,2,2026-02-23,0,B,e2f4ac2b3e69,slot_b_mon_early,union_no_overlap
266,2026-02-23 22:00:00+00:00,2026-02-24 08:00:00+00:00,64566.87,63133.59,1177.6997,0.0,122.71631,527.4917,False,expiry,10,2026-02-23,0,A,5cd986cf48cd,slot_a_mon_thu,union_no_overlap
266,2026-02-24 21:00:00+00:00,2026-02-25 08:00:00+00:00,64279.43,65038.49,1182.7415,0.0,123.24166,529.74995,False,expiry,11,2026-02-24,0,A,5cd986cf48cd,slot_a_mon_thu,union_no_overlap
266,2026-02-26 21:00:00+00:00,2026-02-27 08:00:00+00:00,67356.31,67674.05,1190.8596,0.0,124.08758,533.38605,False,expiry,11,2026-02-26,0,A,5cd986cf48cd,slot_a_mon_thu,union_no_overlap
183,2026-02-27 17:00:00+00:00,2026-02-28 08:00:00+00:00,65540.78,63748.24,933.9561,0.0,97.31823,418.31895,False,expiry,15,2026-02-27,0,C,829e7226cc48,slot_c_fri_sat,union_no_overlap
38,2026-03-02 06:00:00+00:00,2026-03-02 08:00:00+00:00,66704.01,65927.11,863.8169,0.0,90.00972,386.9036,False,expiry,2,2026-03-02,0,B,e2f4ac2b3e69,slot_b_mon_early,union_no_overlap
266,2026-03-02 22:00:00+00:00,2026-03-03 08:00:00+00:00,69425.27,68160.59,1200.3629,0.0,125.07782,537.6426,False,expiry,10,2026-03-02,0,A,5cd986cf48cd,slot_a_mon_thu,union_no_overlap
266,2026-03-03 22:00:00+00:00,2026-03-04 08:00:00+00:00,68059.21,69620.43,1205.3286,0.0,125.59524,539.8667,False,expiry,10,2026-03-03,0,A,5cd986cf48cd,slot_a_mon_thu,union_no_overlap
266,2026-03-04 22:00:00+00:00,2026-03-05 08:00:00+00:00,73372.03,72081.1,1218.7095,0.0,126.989525,545.8599,False,expiry,10,2026-03-04,0,A,5cd986cf48cd,slot_a_mon_thu,union_no_overlap
266,2026-03-05 21:00:00+00:00,2026-03-06 08:00:00+00:00,71264.35,71022.66,1225.0343,0.0,127.64857,548.69285,False,expiry,11,2026-03-05,0,A,5cd986cf48cd,slot_a_mon_thu,union_no_overlap
183,2026-03-06 17:00:00+00:00,2026-03-07 08:00:00+00:00,68471.14,67825.73,934.63104,0.0,97.38856,418.62125,False,expiry,15,2026-03-06,0,C,829e7226cc48,slot_c_fri_sat,union_no_overlap
38,2026-03-09 05:00:00+00:00,2026-03-09 08:00:00+00:00,67136.89,67560.26,866.0659,0.0,90.24407,387.91092,False,expiry,3,2026-03-09,0,B,e2f4ac2b3e69,slot_b_mon_early,union_no_overlap
266,2026-03-09 21:00:00+00:00,2026-03-10 08:00:00+00:00,69026.67,70479.38,1236.958,0.0,128.89102,554.03345,False,expiry,11,2026-03-09,0,A,5cd986cf48cd,slot_a_mon_thu,union_no_overlap
266,2026-03-10 20:00:00+00:00,2026-03-11 08:00:00+00:00,70068.27,69675.19,1242.3105,0.0,129.44876,556.4309,False,expiry,12,2026-03-10,0,A,5cd986cf48cd,slot_a_mon_thu,union_no_overlap
266,2026-03-11 20:00:00+00:00,2026-03-12 08:00:00+00:00,70616.16,69865.79,1250.6122,0.0,130.31378,560.14915,False,expiry,12,2026-03-11,0,A,5cd986cf48cd,slot_a_mon_thu,union_no_overlap
266,2026-03-12 20:00:00+00:00,2026-03-13 08:00:00+00:00,70487.16,71645.07,944.5279,0.0,98.41981,423.05405,False,expiry,12,2026-03-12,0,A,5cd986cf48cd,slot_a_mon_thu,union_no_overlap
183,2026-03-13 16:00:00+00:00,2026-03-14 08:00:00+00:00,71924.97,70592.53,943.6556,0.0,98.32891,422.66333,False,expiry,16,2026-03-13,0,C,829e7226cc48,slot_c_fri_sat,union_no_overlap
38,2026-03-16 05:10:00+00:00,2026-03-16 08:00:00+00:00,73980.98,73627.9,261.89264,0.0,27.289215,117.30172,False,expiry,2,2026-03-16,0,B,e2f4ac2b3e69,slot_b_mon_early,union_no_overlap
266,2026-03-16 20:00:00+00:00,2026-03-17 08:00:00+00:00,73981.94,74325.45,1265.0912,0.0,131.8225,566.63435,False,expiry,12,2026-03-16,0,A,5cd986cf48cd,slot_a_mon_thu,union_no_overlap
266,2026-03-17 20:00:00+00:00,2026-03-18 08:00:00+00:00,74507.55,73881.42,1277.8044,0.0,133.14722,572.3286,False,expiry,12,2026-03-17,0,A,5cd986cf48cd,slot_a_mon_thu,union_no_overlap
266,2026-03-18 20:00:00+00:00,2026-03-19 08:00:00+00:00,71029.4,70244.25,1284.2115,0.0,133.81485,575.19835,False,expiry,12,2026-03-18,0,A,5cd986cf48cd,slot_a_mon_thu,union_no_overlap
266,2026-03-19 20:00:00+00:00,2026-03-20 08:00:00+00:00,70201.75,70825.67,1297.3284,0.0,135.18161,581.07335,False,expiry,12,2026-03-19,0,A,5cd986cf48cd,slot_a_mon_thu,union_no_overlap
183,2026-03-20 16:00:00+00:00,2026-03-21 08:00:00+00:00,69905.48,70689.77,956.30695,0.0,99.64719,428.32985,False,expiry,16,2026-03-20,0,C,829e7226cc48,slot_c_fri_sat,union_no_overlap
38,2026-03-23 05:00:00+00:00,2026-03-23 08:00:00+00:00,68651.71,68369.88,874.6228,0.0,91.1357,391.74355,False,expiry,3,2026-03-23,0,B,e2f4ac2b3e69,slot_b_mon_early,union_no_overlap
266,2026-03-23 20:00:00+00:00,2026-03-24 08:00:00+00:00,70596.22,71270.41,1304.6182,0.0,135.94121,584.3385,False,expiry,12,2026-03-23,0,A,5cd986cf48cd,slot_a_mon_thu,union_no_overlap
266,2026-03-24 20:00:00+00:00,2026-03-25 08:00:00+00:00,69338.27,70931.5,1314.6537,0.0,136.98692,588.83335,False,expiry,12,2026-03-24,0,A,5cd986cf48cd,slot_a_mon_thu,union_no_overlap
266,2026-03-25 20:00:00+00:00,2026-03-26 08:00:00+00:00,70802.98,70070.96,792.99335,0.0,82.629906,355.1817,False,expiry,12,2026-03-25,0,A,5cd986cf48cd,slot_a_mon_thu,union_no_overlap
266,2026-03-26 20:00:00+00:00,2026-03-27 08:00:00+00:00,68519.52,68600.61,1332.0197,0.0,138.79645,596.61155,False,expiry,12,2026-03-26,0,A,5cd986cf48cd,slot_a_mon_thu,union_no_overlap
183,2026-03-27 16:00:00+00:00,2026-03-28 08:00:00+00:00,66038.93,66457.51,956.9041,0.0,99.70941,428.59735,False,expiry,16,2026-03-27,0,C,829e7226cc48,slot_c_fri_sat,union_no_overlap
38,2026-03-30 05:05:00+00:00,2026-03-30 08:00:00+00:00,67550.33,67613.47,397.19592,0.0,41.387814,177.90405,False,expiry,2,2026-03-30,0,B,e2f4ac2b3e69,slot_b_mon_early,union_no_overlap
266,2026-03-30 20:00:00+00:00,2026-03-31 08:00:00+00:00,66482.96,67311.25,1204.6713,0.0,125.52675,539.57225,False,expiry,12,2026-03-30,0,A,5cd986cf48cd,slot_a_mon_thu,union_no_overlap
266,2026-03-31 20:00:00+00:00,2026-04-01 08:00:00+00:00,67836.11,68680.33,1348.5819,0.0,140.52223,604.02985,False,expiry,12,2026-03-31,0,A,5cd986cf48cd,slot_a_mon_thu,union_no_overlap
266,2026-04-01 20:00:00+00:00,2026-04-02 08:00:00+00:00,68160.66,66871.52,1352.3074,0.0,140.91043,605.6985,False,expiry,12,2026-04-01,0,A,5cd986cf48cd,slot_a_mon_thu,union_no_overlap
266,2026-04-02 20:00:00+00:00,2026-04-03 08:00:00+00:00,66880.07,67010.63,615.96545,0.0,64.1836,275.89093,False,expiry,12,2026-04-02,0,A,5cd986cf48cd,slot_a_mon_thu,union_no_overlap
183,2026-04-03 16:00:00+00:00,2026-04-04 08:00:00+00:00,66818.44,67022.87,724.98004,0.0,75.542915,324.718565,False,expiry,16,2026-04-03,0,C,829e7226cc48,slot_c_fri_sat,union_no_overlap
38,2026-04-06 05:35:00+00:00,2026-04-06 08:00:00+00:00,69209.81,69099.23,265.7657,0.0,27.692783,119.036445,False,expiry,2,2026-04-06,0,B,e2f4ac2b3e69,slot_b_mon_early,union_no_overlap
266,2026-04-06 20:00:00+00:00,2026-04-07 08:00:00+00:00,69744.77,68616.5,822.9883,0.0,85.75538,368.61645,False,expiry,12,2026-04-06,0,A,5cd986cf48cd,slot_a_mon_thu,union_no_overlap
266,2026-04-08 20:00:00+00:00,2026-04-09 08:00:00+00:00,71323.65,70983.96,827.3544,0.0,86.21032,370.57202,False,expiry,12,2026-04-08,0,A,5cd986cf48cd,slot_a_mon_thu,union_no_overlap
266,2026-04-09 21:00:00+00:00,2026-04-10 08:00:00+00:00,72425.85,71492.22,828.55176,0.0,86.33509,371.10835,False,expiry,11,2026-04-09,0,A,5cd986cf48cd,slot_a_mon_thu,union_no_overlap
183,2026-04-10 16:00:00+00:00,2026-04-11 08:00:00+00:00,72475.35,72778.88,968.27075,0.0,100.89381,433.68845,False,expiry,16,2026-04-10,0,C,829e7226cc48,slot_c_fri_sat,union_no_overlap
38,2026-04-13 05:00:00+00:00,2026-04-13 08:00:00+00:00,70902.85,70835.29,399.89206,0.0,41.668755,179.111665,False,expiry,3,2026-04-13,0,B,e2f4ac2b3e69,slot_b_mon_early,union_no_overlap
266,2026-04-13 21:00:00+00:00,2026-04-14 08:00:00+00:00,73183.31,74584.39,1042.8622,0.0,108.666245,467.098,False,expiry,11,2026-04-13,0,A,5cd986cf48cd,slot_a_mon_thu,union_no_overlap
266,2026-04-14 22:00:00+00:00,2026-04-15 08:00:00+00:00,74298.23,73772.35,628.563,0.0,65.49626,281.53335,False,expiry,10,2026-04-14,0,A,5cd986cf48cd,slot_a_mon_thu,union_no_overlap
266,2026-04-15 22:00:00+00:00,2026-04-16 08:00:00+00:00,74786.28,74696.9,630.44836,0.0,65.69272,282.3778,False,expiry,10,2026-04-15,0,A,5cd986cf48cd,slot_a_mon_thu,union_no_overlap
266,2026-04-16 22:00:00+00:00,2026-04-17 08:00:00+00:00,74950.53,75089.23,631.83295,0.0,65.837,282.998,False,expiry,10,2026-04-16,0,A,5cd986cf48cd,slot_a_mon_thu,union_no_overlap
183,2026-04-17 16:00:00+00:00,2026-04-18 08:00:00+00:00,77831.12,77037.18,981.4504,0.0,102.26713,439.59165,False,expiry,16,2026-04-17,0,C,829e7226cc48,slot_c_fri_sat,union_no_overlap
38,2026-04-20 05:00:00+00:00,2026-04-20 08:00:00+00:00,74590.57,74853.65,534.0685,0.0,55.649933,239.209275,False,expiry,3,2026-04-20,0,B,e2f4ac2b3e69,slot_b_mon_early,union_no_overlap
266,2026-04-20 20:00:00+00:00,2026-04-21 08:00:00+00:00,76236.86,76118.46,422.3522,0.0,44.009098,189.17154,False,expiry,12,2026-04-20,0,A,5cd986cf48cd,slot_a_mon_thu,union_no_overlap
266,2026-04-21 22:00:00+00:00,2026-04-22 08:00:00+00:00,75566.24,78021.17,846.3419,592.8125,88.18883,82.6703,False,expiry,10,2026-04-21,0,A,5cd986cf48cd,slot_a_mon_thu,union_no_overlap
266,2026-04-22 20:00:00+00:00,2026-04-23 08:00:00+00:00,78877.82,78080.69,1060.9067,0.0,110.54648,475.1801,False,expiry,12,2026-04-22,0,A,5cd986cf48cd,slot_a_mon_thu,union_no_overlap
266,2026-04-23 20:00:00+00:00,2026-04-24 08:00:00+00:00,77676.92,77676.0,1423.0413,0.0,148.2809,637.3802,False,expiry,12,2026-04-23,0,A,5cd986cf48cd,slot_a_mon_thu,union_no_overlap
183,2026-04-24 16:00:00+00:00,2026-04-25 08:00:00+00:00,78071.73,77520.02,983.7038,0.0,102.50193,440.60092,False,expiry,16,2026-04-24,0,C,829e7226cc48,slot_c_fri_sat,union_no_overlap
38,2026-04-27 05:15:00+00:00,2026-04-27 08:00:00+00:00,78677.14,77624.18,535.0045,0.0,55.747475,239.62854,False,expiry,2,2026-04-27,0,B,e2f4ac2b3e69,slot_b_mon_early,union_no_overlap
266,2026-04-27 20:00:00+00:00,2026-04-28 08:00:00+00:00,76878.17,76875.97,643.4703,0.0,67.04961,288.210325,False,expiry,12,2026-04-27,0,A,5cd986cf48cd,slot_a_mon_thu,union_no_overlap
266,2026-04-28 20:20:00+00:00,2026-04-29 08:00:00+00:00,76356.72,77040.01,1291.9557,0.0,134.62178,578.667,False,expiry,11,2026-04-28,0,A,5cd986cf48cd,slot_a_mon_thu,union_no_overlap
266,2026-04-29 21:00:00+00:00,2026-04-30 08:00:00+00:00,75654.58,76132.66,651.3859,0.0,67.87441,291.75575,False,expiry,11,2026-04-29,0,A,5cd986cf48cd,slot_a_mon_thu,union_no_overlap
266,2026-04-30 20:00:00+00:00,2026-05-01 08:00:00+00:00,76389.74,76312.75,435.4215,0.0,45.370922,195.0253,False,expiry,12,2026-04-30,0,A,5cd986cf48cd,slot_a_mon_thu,union_no_overlap
183,2026-05-01 16:00:00+00:00,2026-05-02 08:00:00+00:00,78449.03,78215.18,596.21265,0.0,62.12536,267.04365,False,expiry,16,2026-05-01,0,C,829e7226cc48,slot_c_fri_sat,union_no_overlap
38,2026-05-04 05:15:00+00:00,2026-05-04 08:00:00+00:00,80138.98,79689.3,269.26697,0.0,28.057617,120.60467,False,expiry,2,2026-05-04,0,B,e2f4ac2b3e69,slot_b_mon_early,union_no_overlap
266,2026-05-04 20:40:00+00:00,2026-05-05 08:00:00+00:00,79899.71,80851.99,436.2524,0.0,45.4575,195.39746,False,expiry,11,2026-05-04,0,A,5cd986cf48cd,slot_a_mon_thu,union_no_overlap
266,2026-05-05 21:05:00+00:00,2026-05-06 08:00:00+00:00,81684.3,81357.25,437.82782,0.0,45.62166,196.103075,False,expiry,10,2026-05-05,0,A,5cd986cf48cd,slot_a_mon_thu,union_no_overlap
266,2026-05-06 20:20:00+00:00,2026-05-07 08:00:00+00:00,81640.19,81519.96,437.5914,0.0,45.597023,195.9972,False,expiry,11,2026-05-06,0,A,5cd986cf48cd,slot_a_mon_thu,union_no_overlap
266,2026-05-07 20:00:00+00:00,2026-05-08 08:00:00+00:00,80131.56,79663.0,439.12094,0.0,45.756405,196.68228,False,expiry,12,2026-05-07,0,A,5cd986cf48cd,slot_a_mon_thu,union_no_overlap
183,2026-05-08 16:00:00+00:00,2026-05-09 08:00:00+00:00,80182.0,80258.5,447.41556,0.0,46.6207,200.39743,False,expiry,16,2026-05-08,0,C,829e7226cc48,slot_c_fri_sat,union_no_overlap
266,2026-05-11 20:40:00+00:00,2026-05-12 08:00:00+00:00,81836.0,80898.0,440.27768,0.0,45.876934,197.200365,False,expiry,11,2026-05-11,0,A,5cd986cf48cd,slot_a_mon_thu,union_no_overlap
266,2026-05-13 20:00:00+00:00,2026-05-14 08:00:00+00:00,79664.0,79748.0,441.33856,0.0,45.987476,197.675535,False,expiry,12,2026-05-13,0,A,5cd986cf48cd,slot_a_mon_thu,union_no_overlap
266,2026-05-14 21:00:00+00:00,2026-05-15 08:00:00+00:00,81433.5,80777.5,662.0543,0.0,68.98606,296.53415,False,expiry,11,2026-05-14,0,A,5cd986cf48cd,slot_a_mon_thu,union_no_overlap
183,2026-05-15 16:00:00+00:00,2026-05-16 08:00:00+00:00,79124.5,78370.0,598.1812,0.0,62.330486,267.925385,False,expiry,16,2026-05-15,0,C,829e7226cc48,slot_c_fri_sat,union_no_overlap
38,2026-05-18 05:25:00+00:00,2026-05-18 08:00:00+00:00,76964.0,77046.0,269.374,0.0,28.06877,120.65261,False,expiry,2,2026-05-18,0,B,e2f4ac2b3e69,slot_b_mon_early,union_no_overlap
266,2026-05-28 20:00:00+00:00,2026-05-29 08:00:00+00:00,73340.0,73549.5,664.4604,0.0,69.23677,297.611815,False,expiry,12,2026-05-28,0,A,5cd986cf48cd,slot_a_mon_thu,union_no_overlap
183,2026-05-29 16:00:00+00:00,2026-05-30 08:00:00+00:00,73702.0,73460.5,451.0562,0.0,47.000057,202.02809,False,expiry,16,2026-05-29,0,C,829e7226cc48,slot_c_fri_sat,union_no_overlap
38,2026-06-01 05:30:00+00:00,2026-06-01 08:00:00+00:00,73267.0,72720.0,542.1758,0.0,56.494717,242.84053,False,expiry,2,2026-06-01,0,B,e2f4ac2b3e69,slot_b_mon_early,union_no_overlap
266,2026-06-01 20:00:00+00:00,2026-06-02 08:00:00+00:00,71505.0,70016.0,444.76108,0.0,46.344105,199.2085,False,expiry,12,2026-06-01,0,A,5cd986cf48cd,slot_a_mon_thu,union_no_overlap
266,2026-06-04 23:00:00+00:00,2026-06-05 08:00:00+00:00,63679.0,63013.5,1482.4471,0.0,154.471,663.98805,False,expiry,9,2026-06-04,0,A,5cd986cf48cd,slot_a_mon_thu,union_no_overlap
183,2026-06-05 16:00:00+00:00,2026-06-06 08:00:00+00:00,60148.5,60890.5,1006.8859,0.0,104.91751,450.9842,False,expiry,16,2026-06-05,0,C,829e7226cc48,slot_c_fri_sat,union_no_overlap
38,2026-06-08 05:00:00+00:00,2026-06-08 08:00:00+00:00,62740.5,63172.5,408.44064,0.0,42.559517,182.940565,False,expiry,3,2026-06-08,0,B,e2f4ac2b3e69,slot_b_mon_early,union_no_overlap
266,2026-06-08 20:00:00+00:00,2026-06-09 08:00:00+00:00,63409.0,63132.5,1495.8184,0.0,155.86427,669.97705,False,expiry,12,2026-06-08,0,A,5cd986cf48cd,slot_a_mon_thu,union_no_overlap
266,2026-06-09 20:00:00+00:00,2026-06-10 08:00:00+00:00,62035.0,61601.5,1506.8302,0.0,157.0117,674.90925,False,expiry,12,2026-06-09,0,A,5cd986cf48cd,slot_a_mon_thu,union_no_overlap
266,2026-06-10 20:00:00+00:00,2026-06-11 08:00:00+00:00,61847.0,62695.5,1515.2515,0.0,157.8892,678.68115,False,expiry,12,2026-06-10,0,A,5cd986cf48cd,slot_a_mon_thu,union_no_overlap
266,2026-06-11 20:00:00+00:00,2026-06-27 23:50:00+00:00,63500.5,60009.5,916.94727,433.2686,140.69249,171.49309,False,end_of_data,387,2026-06-11,0,A,5cd986cf48cd,slot_a_mon_thu,union_no_overlap
183,2026-06-12 16:00:00+00:00,2026-06-27 23:50:00+00:00,63644.5,60009.5,1015.76624,273.6433,134.35648,303.8832,False,end_of_data,367,2026-06-12,0,C,829e7226cc48,slot_c_fri_sat,union_no_overlap
266,2026-06-15 20:00:00+00:00,2026-06-27 23:50:00+00:00,66487.0,60009.5,688.14044,414.06555,114.84986,79.61251,False,end_of_data,291,2026-06-15,0,A,5cd986cf48cd,slot_a_mon_thu,union_no_overlap
183,2026-06-26 16:00:00+00:00,2026-06-27 08:00:00+00:00,60475.0,60001.5,1025.656,0.0,106.87336,459.391325,False,expiry,16,2026-06-26,0,C,829e7226cc48,slot_c_fri_sat,union_no_overlap
