date,nav_open,nav_high,nav_low,nav_close,nav_close_realized,return_pct,drawdown_pct,active_slots,eod_slot
2025-06-27,100000.0,100000.0,99759.1,100107.735,100000.0,0.1077,-0.2409,C,C
2025-06-28,100107.735,100107.734665,100107.734665,100107.734665,100107.734665,0.1077,-0.0,C,
2025-06-29,100107.734665,100107.734665,100107.734665,100107.734665,100107.734665,0.1077,-0.0,,
2025-06-30,100107.734665,100107.734665,100107.734665,100107.734665,100107.734665,0.1077,-0.0,,
2025-07-01,100107.734665,100167.492165,99927.899665,100095.53966499999,100107.734665,0.0955,-0.2392,A,A
2025-07-02,100095.53966499999,100215.036445,99994.124445,100256.619665,100214.966445,0.2566,-0.2204,A,A
2025-07-03,100256.619665,100376.40418499999,100040.197185,100532.579665,100376.382185,0.5326,-0.3349,A,A
2025-07-04,100532.579665,100593.05601499998,100110.87601499999,100748.37135,100592.883515,0.7484,-0.4793,"A,C",C
2025-07-05,100748.37135,100808.876085,100748.26808499999,100808.876085,100808.876085,0.8089,-0.0601,C,
2025-07-06,100808.876085,100808.876085,100808.876085,100808.876085,100808.876085,0.8089,-0.0,,
2025-07-07,100808.876085,100808.876085,100808.876085,100808.876085,100808.876085,0.8089,-0.0,,
2025-07-08,100808.876085,100821.67858499999,100688.36058499999,100796.07475,100808.876085,0.7961,-0.1322,A,A
2025-07-09,100796.07475,100917.03031999999,100735.58531999998,100917.03031999999,100917.03031999999,0.917,-0.1798,A,
2025-07-10,100917.03031999999,100917.03031999999,100917.03031999999,100917.03031999999,100917.03031999999,0.917,-0.0,,
2025-07-11,100917.03031999999,100917.03031999999,100421.37531999999,101215.70808499999,100917.03031999999,1.2157,-0.4912,C,C
2025-07-12,101215.70808499999,101278.01186999999,101184.52986999998,101278.01186999999,101278.01186999999,1.278,-0.0923,C,
2025-07-13,101278.01186999999,101278.01186999999,101278.01186999999,101278.01186999999,101278.01186999999,1.278,-0.0,,
2025-07-14,101278.01186999999,101720.07142,100078.61441999998,101549.22931999998,101634.64941999999,1.5492,-1.6137,"A,B",A
2025-07-15,101549.22931999998,101851.87019999999,100734.75019999998,101851.87019999999,101851.87019999999,1.8519,-1.0968,A,
2025-07-16,101851.87019999999,101930.2402,101728.33219999999,101773.50134999999,101851.87019999999,1.7735,-0.1981,A,A
2025-07-17,101773.50134999999,102015.67169999999,101593.8567,102015.67169999999,102015.67169999999,2.0157,-0.4135,A,
2025-07-18,102015.67169999999,102047.2917,101515.62169999999,102254.58794999999,102015.67169999999,2.2546,-0.521,C,C
2025-07-19,102254.58794999999,102379.66739999999,102254.57939999999,102379.66739999999,102379.66739999999,2.3797,-0.1222,C,
2025-07-20,102379.66739999999,102379.66739999999,102379.66739999999,102379.66739999999,102379.66739999999,2.3797,-0.0,,
2025-07-21,102379.66739999999,102379.66739999999,102379.66739999999,102379.66739999999,102379.66739999999,2.3797,-0.0,,
2025-07-22,102379.66739999999,102379.66739999999,102379.66739999999,102379.66739999999,102379.66739999999,2.3797,-0.0,,
2025-07-23,102379.66739999999,102379.70739999998,102196.8174,102421.43199999999,102379.66739999999,2.4214,-0.1786,A,A
2025-07-24,102421.43199999999,102603.90371,102267.62621,102513.24461,102543.61871,2.5132,-0.3277,A,A
2025-07-25,102513.24461,102818.01067999999,101036.22267999999,102975.53618,102818.01067999999,2.9755,-1.733,"A,C",C
2025-07-26,102975.53618,103037.87478,102913.17978,103037.87478,103037.87478,3.0379,-0.121,C,
2025-07-27,103037.87478,103037.87478,103037.87478,103037.87478,103037.87478,3.0379,-0.0,,
2025-07-28,103037.87478,103145.75782,102722.99782,103145.75782,103145.75782,3.1458,-0.4099,B,
2025-07-29,103145.75782,103145.75782,103145.75782,103145.75782,103145.75782,3.1458,-0.0,,
2025-07-30,103145.75782,103145.75782,103145.75782,103145.75782,103145.75782,3.1458,-0.0,,
2025-07-31,103145.75782,103145.75782,103145.75782,103145.75782,103145.75782,3.1458,-0.0,,
2025-08-01,103145.75782,103443.56581999999,102357.77332000001,102871.27122,103145.75782,2.8713,-1.0496,C,C
2025-08-02,102871.27122,103477.35217,102750.64417,103477.35217,103477.35217,3.4774,-0.7023,C,
2025-08-03,103477.35217,103477.35217,103477.35217,103477.35217,103477.35217,3.4774,-0.0,,
2025-08-04,103477.35217,103477.35217,103477.35217,103477.35217,103477.35217,3.4774,-0.0,,
2025-08-05,103477.35217,103477.35217,103477.35217,103477.35217,103477.35217,3.4774,-0.0,,
2025-08-06,103477.35217,103477.35217,103477.35217,103477.35217,103477.35217,3.4774,-0.0,,
2025-08-07,103477.35217,103477.64217,103107.05017,103685.65357,103477.35217,3.6857,-0.3581,A,A
2025-08-08,103685.65357,103809.03092,103561.88842,103858.02042,103809.03092,3.858,-0.2381,"A,C",C
2025-08-09,103858.02042,103920.44561000001,103857.98061,103920.44561000001,103920.44561000001,3.9204,-0.0601,C,
2025-08-10,103920.44561000001,103920.44561000001,103920.44561000001,103920.44561000001,103920.44561000001,3.9204,-0.0,,
2025-08-11,103920.44561000001,104136.90243000002,103652.86743000001,104136.90243000002,104136.90243000002,4.1369,-0.4648,B,
2025-08-12,104136.90243000002,104212.99993000002,104012.02743000002,104060.80503000002,104136.90243000002,4.0608,-0.1928,A,A
2025-08-13,104060.80503000002,104248.34011500001,103811.10011500001,104248.34011500001,104248.34011500001,4.2483,-0.4194,A,
2025-08-14,104248.34011500001,104248.34011500001,104248.34011500001,104248.34011500001,104248.34011500001,4.2483,-0.0,,
2025-08-15,104248.34011500001,104248.40511500002,103688.77011500002,104520.33246500001,104248.34011500001,4.5203,-0.5368,C,C
2025-08-16,104520.33246500001,104582.52406500002,104457.82406500002,104582.52406500002,104582.52406500002,4.5825,-0.1192,C,
2025-08-17,104582.52406500002,104582.52406500002,104582.52406500002,104582.52406500002,104582.52406500002,4.5825,-0.0,,
2025-08-18,104582.52406500002,104758.47261500004,104381.28961500002,104732.692615,104745.58261500002,4.7327,-0.3601,"A,B",A
2025-08-19,104732.692615,104944.69076500004,104514.99576500003,104769.57506500001,104857.13326500003,4.7696,-0.4094,A,A
2025-08-20,104769.57506500001,105154.90430500003,104719.29430500003,105004.68245500003,105079.79430500003,5.0047,-0.4143,A,A
2025-08-21,105004.68245500003,105211.03472500003,104961.99972500003,105171.96757500003,105191.49972500003,5.172,-0.2367,A,A
2025-08-22,105171.96757500003,105360.84425500003,104800.13925500005,105633.29765500003,105360.84425500003,5.6333,-0.5322,"A,C",C
2025-08-23,105633.29765500003,105695.81175500003,105570.92675500002,105695.81175500003,105695.81175500003,5.6958,-0.1182,C,
2025-08-24,105695.81175500003,105695.81175500003,105695.81175500003,105695.81175500003,105695.81175500003,5.6958,-0.0,,
2025-08-25,105695.81175500003,105859.47433500004,105433.33433500004,105859.47433500004,105859.47433500004,5.8595,-0.4026,B,
2025-08-26,105859.47433500004,105922.88133500004,105734.71133500003,105838.84568500004,105859.47433500004,5.8388,-0.1776,A,A
2025-08-27,105838.84568500004,106028.42834500004,105775.84334500003,106028.42834500004,106028.42834500004,6.0284,-0.2382,A,
2025-08-28,106028.42834500004,106028.96334500003,105777.10834500004,106057.15759500004,106028.42834500004,6.0572,-0.2375,A,A
2025-08-29,106057.15759500004,106374.49899500003,105866.72399500004,106291.82999500004,106311.58399500004,6.2918,-0.4773,"A,C",C
2025-08-30,106291.82999500004,106480.58979500004,106292.09679500003,106480.58979500004,106480.58979500004,6.4806,-0.177,C,
2025-08-31,106480.58979500004,106480.58979500004,106480.58979500004,106480.58979500004,106480.58979500004,6.4806,-0.0,,
2025-09-01,106480.58979500004,106624.00979500003,106293.95479500003,106337.16854500004,106480.58979500004,6.3372,-0.3096,A,A
2025-09-02,106337.16854500004,106594.86647000004,105958.45447000004,106644.93832000004,106594.79147000004,6.6449,-0.6242,A,A
2025-09-03,106644.93832000004,106708.88143000004,106580.45143000004,106708.88143000004,106708.88143000004,6.7089,-0.1204,A,
2025-09-04,106708.88143000004,106794.39143000003,106519.34643000003,106623.37343000004,106708.88143000004,6.6234,-0.2575,A,A
2025-09-05,106623.37343000004,106880.28627000004,106438.85927000004,107099.64442000004,106880.27427000004,7.0996,-0.413,"A,C",C
2025-09-06,107099.64442000004,107162.72974500003,107099.34474500004,107162.72974500003,107162.72974500003,7.1627,-0.0591,C,
2025-09-07,107162.72974500003,107162.72974500003,107162.72974500003,107162.72974500003,107162.72974500003,7.1627,-0.0,,
2025-09-08,107162.72974500003,107162.72974500003,107162.72974500003,107162.72974500003,107162.72974500003,7.1627,-0.0,,
2025-09-09,107162.72974500003,107162.72974500003,107162.72974500003,107162.72974500003,107162.72974500003,7.1627,-0.0,,
2025-09-10,107162.72974500003,107162.72974500003,107162.72974500003,107162.72974500003,107162.72974500003,7.1627,-0.0,,
2025-09-11,107162.72974500003,107182.83974500003,107034.63974500002,107142.61894500004,107162.72974500003,7.1426,-0.1383,A,A
2025-09-12,107142.61894500004,107398.87003000003,106947.62703000003,107377.46353000004,107334.94703000004,7.3775,-0.4202,"A,C",C
2025-09-13,107377.46353000004,107505.18816500004,107377.24316500005,107505.18816500004,107505.18816500004,7.5052,-0.119,C,
2025-09-14,107505.18816500004,107505.18816500004,107505.18816500004,107505.18816500004,107505.18816500004,7.5052,-0.0,,
2025-09-15,107505.18816500004,107505.18816500004,107505.18816500004,107505.18816500004,107505.18816500004,7.5052,-0.0,,
2025-09-16,107505.18816500004,107505.18816500004,107119.41316500003,107671.31016500005,107505.18816500004,7.6713,-0.3588,A,A
2025-09-17,107671.31016500005,107735.53683000004,107607.02683000005,107735.53683000004,107735.53683000004,7.7355,-0.1193,A,
2025-09-18,107735.53683000004,107735.53683000004,107541.34683000005,107786.94008000003,107735.53683000004,7.7869,-0.1802,A,A
2025-09-19,107786.94008000003,107851.44342000003,107405.16592000003,107959.02342000004,107851.37292000004,7.959,-0.4138,"A,C",C
2025-09-20,107959.02342000004,108022.63369500004,107958.96369500004,108022.63369500004,108022.63369500004,8.0226,-0.0589,C,
2025-09-21,108022.63369500004,108022.63369500004,108022.63369500004,108022.63369500004,108022.63369500004,8.0226,-0.0,,
2025-09-22,108022.63369500004,108242.87292000004,107812.62292000004,108242.87292000004,108242.87292000004,8.2429,-0.3975,B,
2025-09-23,108242.87292000004,108242.87292000004,108242.87292000004,108242.87292000004,108242.87292000004,8.2429,-0.0,,
2025-09-24,108242.87292000004,108242.87292000004,108242.87292000004,108242.87292000004,108242.87292000004,8.2429,-0.0,,
2025-09-25,108242.87292000004,108332.89242000003,108176.78542000003,108152.85242000004,108242.87292000004,8.1529,-0.1441,A,A
2025-09-26,108152.85242000004,108474.29853500004,108021.76053500004,108702.94603500003,108474.29853500004,8.7029,-0.4172,"A,C",C
2025-09-27,108702.94603500003,108702.94593500004,108702.94593500004,108702.94593500004,108702.94593500004,8.7029,-0.0,C,
2025-09-28,108702.94593500004,108702.94593500004,108702.94593500004,108702.94593500004,108702.94593500004,8.7029,-0.0,,
2025-09-29,108702.94593500004,108702.94593500004,108702.94593500004,108702.94593500004,108702.94593500004,8.7029,-0.0,,
2025-09-30,108702.94593500004,108702.94593500004,108702.94593500004,108702.94593500004,108702.94593500004,8.7029,-0.0,,
2025-10-01,108702.94593500004,108717.74693500003,108573.85393500005,108688.14443500004,108702.94593500004,8.6881,-0.1324,A,A
2025-10-02,108688.14443500004,108898.82402000004,108303.28602000004,108740.54252000005,108819.68402000004,8.7405,-0.5469,A,A
2025-10-03,108740.54252000005,108936.02763500005,107581.32763500005,109094.71313500006,108936.02763500005,9.0947,-1.2436,"A,C",C
2025-10-04,109094.71313500006,109221.87108500005,109094.65858500006,109221.87108500005,109221.87108500005,9.2219,-0.1165,C,
2025-10-05,109221.87108500005,109221.87108500005,109221.87108500005,109221.87108500005,109221.87108500005,9.2219,-0.0,,
2025-10-06,109221.87108500005,109387.88413500006,109017.20863500005,109433.13613500004,109387.88113500005,9.4331,-0.3389,"A,B",A
2025-10-07,109433.13613500004,109562.91212500005,109238.15962500004,109562.91212500005,109562.91212500005,9.5629,-0.2964,A,
2025-10-08,109562.91212500005,109576.57512500005,109432.21512500005,109549.24787500004,109562.91212500005,9.5492,-0.1317,A,A
2025-10-09,109549.24787500004,109746.17526000005,109354.86526000005,109702.78576000006,109680.02526000005,9.7028,-0.3566,A,A
2025-10-10,109702.78576000006,110086.27686000004,107509.81986000005,107904.61186000005,107904.61186000005,7.9046,-2.3404,"A,C",
2025-10-11,107904.61186000005,107904.61186000005,107904.61186000005,107904.61186000005,107904.61186000005,7.9046,-1.9818,,
2025-10-12,107904.61186000005,107904.61186000005,107904.61186000005,107904.61186000005,107904.61186000005,7.9046,-1.9818,,
2025-10-13,107904.61186000005,108234.79713000005,107620.05213000005,108253.47713000004,108234.57713000005,8.2535,-2.2403,"A,B",A
2025-10-14,108253.47713000004,108425.16568000005,106680.90568000005,107641.97768000004,107686.79068000005,7.642,-3.0934,A,A
2025-10-15,107641.97768000004,108125.33418000005,107416.04618000005,108179.48218000005,108077.63418000005,8.1795,-2.4256,A,A
2025-10-16,108179.48218000005,108504.98448000004,108102.23448000004,108497.21748000005,108468.45948000005,8.4972,-1.8023,A,A
2025-10-17,108497.21748000005,108864.79128000005,108358.40128000005,109169.97188000006,108864.79128000005,9.17,-1.5696,"A,C",C
2025-10-18,109169.97188000006,109232.77293000005,109169.45293000004,109232.77293000005,109232.77293000005,9.2328,-0.8328,C,
2025-10-19,109232.77293000005,109232.77293000005,109232.77293000005,109232.77293000005,109232.77293000005,9.2328,-0.7753,,
2025-10-20,109232.77293000005,109481.74450000004,108958.21950000004,109426.77600000004,109454.25950000004,9.4268,-1.0247,"A,B",A
2025-10-21,109426.77600000004,109692.27441000004,108141.23191000005,109692.27441000004,109692.27441000004,9.6923,-1.7668,A,
2025-10-22,109692.27441000004,109692.27441000004,109288.31941000004,109758.44041000004,109692.27441000004,9.7584,-0.7248,A,A
2025-10-23,109758.44041000004,110092.75231000004,109617.53731000004,110196.18031000004,110092.62731000004,10.1962,-0.4316,A,A
2025-10-24,110196.18031000004,110496.68841000005,109927.89091000005,110815.36236000004,110496.68841000005,10.8154,-0.5148,"A,C",C
2025-10-25,110815.36236000004,110867.52813000005,110763.02563000005,110867.52813000005,110867.52813000005,10.8675,-0.0943,C,
2025-10-26,110867.52813000005,110867.52813000005,110867.52813000005,110867.52813000005,110867.52813000005,10.8675,-0.0,,
2025-10-27,110867.52813000005,110948.24813000005,110730.86813000005,110786.80513000005,110867.52813000005,10.7868,-0.1959,A,A
2025-10-28,110786.80513000005,110988.91812000005,110719.47612000004,110988.91812000005,110988.91812000005,10.9889,-0.2428,A,
2025-10-29,110988.91812000005,111758.60512000005,110855.96312000006,110219.23012000005,110988.91812000005,10.2192,-0.8077,A,A
2025-10-30,110219.23012000005,111294.71402000006,107991.55402000005,111407.14502000005,111293.80152000005,11.4071,-3.3707,A,A
2025-10-31,111407.14502000005,111699.61267000005,110667.04267000005,112022.27287000004,111699.57567000005,12.0223,-0.9767,"A,C",C
2025-11-01,112022.27287000004,112074.32292000005,112022.24292000005,112074.32292000005,112074.32292000005,12.0743,-0.0465,C,
2025-11-02,112074.32292000005,112074.32292000005,112074.32292000005,112074.32292000005,112074.32292000005,12.0743,-0.0,,
2025-11-03,112074.32292000005,112251.32518000006,111811.54018000005,112139.30018000005,112186.16518000005,12.1393,-0.3918,"A,B",A
2025-11-04,112139.30018000005,112598.02058000005,110418.45308000005,112598.02058000005,112598.02058000005,12.598,-1.9357,A,
2025-11-05,112598.02058000005,112627.56808000006,112320.82558000006,112568.47508000006,112598.02058000005,12.5685,-0.2724,A,A
2025-11-06,112568.47508000006,112847.40578000006,112316.56078000006,112890.61228000006,112846.86828000005,12.8906,-0.4704,A,A
2025-11-07,112890.61228000006,113263.35378000005,112227.74628000005,113338.44828000004,113263.35378000005,13.3384,-0.9143,"A,C",C
2025-11-08,113338.44828000004,113638.78598000004,113338.67898000006,113638.78598000004,113638.78598000004,13.6388,-0.2641,C,
2025-11-09,113638.78598000004,113638.78598000004,113638.78598000004,113638.78598000004,113638.78598000004,13.6388,-0.0,,
2025-11-10,113638.78598000004,113638.78598000004,113287.01998000004,113679.61548000004,113638.78598000004,13.6796,-0.3095,A,A
2025-11-11,113679.61548000004,113891.28805500004,113442.88805500005,113987.41255500005,113891.03805500004,13.9874,-0.3937,A,A
2025-11-12,113987.41255500005,114312.83463500004,113889.09213500004,114226.66913500005,114269.75213500005,14.2267,-0.3707,A,A
2025-11-13,114226.66913500005,114650.20908500005,114014.45658500007,114650.20908500005,114650.20908500005,14.6502,-0.5545,A,
2025-11-14,114650.20908500005,114948.99408500006,114122.87908500005,114371.22383500004,114650.20908500005,14.3712,-0.7187,C,C
2025-11-15,114371.22383500004,115032.35998500005,114369.25498500005,115032.35998500005,115032.35998500005,15.0324,-0.5765,C,
2025-11-16,115032.35998500005,115032.35998500005,115032.35998500005,115032.35998500005,115032.35998500005,15.0324,-0.0,,
2025-11-17,115032.35998500005,115369.32965000004,114805.07965000004,115369.32965000004,115369.32965000004,15.3693,-0.4891,B,
2025-11-18,115369.32965000004,115369.45215000004,115082.91965000004,115462.66565000004,115369.32965000004,15.4627,-0.2484,A,A
2025-11-19,115462.66565000004,116046.16395000005,114006.95395000005,115548.28995000005,115797.22645000005,15.5483,-1.7572,A,A
2025-11-20,115548.28995000005,116809.01840000006,114942.36590000006,115644.88040000005,116226.94840000005,15.6449,-1.598,A,A
2025-11-21,115644.88040000005,116598.57870000004,114153.89370000004,116934.16070000005,116598.54370000005,16.9342,-2.273,"A,C",C
2025-11-22,116934.16070000005,116986.86020000005,116934.10820000005,116986.86020000005,116986.86020000005,16.9869,-0.0451,C,
2025-11-23,116986.86020000005,116986.86020000005,116986.86020000005,116986.86020000005,116986.86020000005,16.9869,-0.0,,
2025-11-24,116986.86020000005,117392.96505000006,116648.77005000005,117031.85355000006,117212.41005000005,17.0319,-0.6339,"A,B",A
2025-11-25,117031.85355000006,117611.77895000004,116790.11145000005,117492.69345000005,117538.47645000005,17.4927,-0.6986,A,A
2025-11-26,117492.69345000005,117948.66475000005,117361.86375000005,117917.03875000004,117932.85175000005,17.917,-0.4975,A,A
2025-11-27,117917.03875000004,118139.47989000005,117719.27489000006,118035.01139000006,118065.45789000005,18.035,-0.3557,A,A
2025-11-28,118035.01139000006,118330.75984000004,117753.57984000005,118619.86734000006,118330.75984000004,18.6199,-0.4878,"A,C",C
2025-11-29,118619.86734000006,118619.86934000005,118619.86934000005,118619.86934000005,118619.86934000005,18.6199,-0.0,C,
2025-11-30,118619.86934000005,118619.86934000005,118619.86934000005,118619.86934000005,118619.86934000005,18.6199,-0.0,,
2025-12-01,118619.86934000005,118996.03629000005,118259.38129000005,119002.71779000005,118996.03629000005,19.0027,-0.6191,"A,B",A
2025-12-02,119002.71779000005,119437.66486000005,118732.91986000005,119547.30486000005,119437.66486000005,19.5473,-0.5901,A,A
2025-12-03,119547.30486000005,119772.25463500005,118035.30213500006,119814.37963500005,119772.08963500005,19.8144,-1.4502,A,A
2025-12-04,119814.37963500005,120116.64738500005,119558.19738500006,120071.54038500006,120041.87238500005,20.0715,-0.4649,A,A
2025-12-05,120071.54038500006,120447.10097000006,119920.59347000005,120801.87397000004,120447.04597000005,20.8019,-0.4371,"A,C",C
2025-12-06,120801.87397000004,120838.51389500005,120783.52189500004,120838.51389500005,120838.51389500005,20.8385,-0.0455,C,
2025-12-07,120838.51389500005,120838.51389500005,120838.51389500005,120838.51389500005,120838.51389500005,20.8385,-0.0,,
2025-12-08,120838.51389500005,120838.51389500005,120609.63389500006,120883.21289500006,120838.51389500005,20.8832,-0.1894,A,A
2025-12-09,120883.21289500006,121111.58472500005,120686.10972500005,121156.48872500006,121111.58472500005,21.1565,-0.3513,A,A
2025-12-10,121156.48872500006,121384.56177500005,120929.72427500004,121384.56177500005,121384.56177500005,21.3846,-0.3747,A,
2025-12-11,121384.56177500005,121384.56177500005,121384.56177500005,121384.56177500005,121384.56177500005,21.3846,-0.0,,
2025-12-12,121384.56177500005,121384.87977500005,120903.82877500006,121688.59177500005,121384.56177500005,21.6886,-0.3963,C,C
2025-12-13,121688.59177500005,121776.17444500006,121688.45444500005,121776.17444500006,121776.17444500006,21.7762,-0.072,C,
2025-12-14,121776.17444500006,121776.17444500006,121776.17444500006,121776.17444500006,121776.17444500006,21.7762,-0.0,,
2025-12-15,121776.17444500006,121869.44194500006,121623.26244500006,121682.90594500006,121776.17444500006,21.6829,-0.202,A,A
2025-12-16,121682.90594500006,121991.23263000004,121486.84213000005,121957.78113000005,121913.64463000005,21.9578,-0.4135,A,A
2025-12-17,121957.78113000005,122290.33033000006,121981.22033000005,122088.97833000004,122189.65283000005,22.089,-0.2528,A,A
2025-12-18,122088.97833000004,122397.02030500006,121854.76530500007,122397.02030500006,122397.02030500006,22.397,-0.443,A,
2025-12-19,122397.02030500006,122397.04330500006,121887.81530500005,122747.01730500004,122397.02030500006,22.747,-0.416,C,C
2025-12-20,122747.01730500004,122786.66310500006,122747.01310500005,122786.66310500006,122786.66310500006,22.7867,-0.0323,C,
2025-12-21,122786.66310500006,122786.66310500006,122786.66310500006,122786.66310500006,122786.66310500006,22.7867,-0.0,,
2025-12-22,122786.66310500006,122880.66310500006,122632.97310500006,122692.66360500007,122786.66310500006,22.6927,-0.2016,A,A
2025-12-23,122692.66360500007,122948.45723500007,122561.25423500006,122901.49623500006,122924.97673500006,22.9015,-0.3149,A,A
2025-12-24,122901.49623500006,123133.57391000006,122838.98391000005,123195.07891000005,123133.50391000006,23.1951,-0.2392,A,A
2025-12-25,123195.07891000005,123346.48024000006,123047.52774000005,123296.11874000006,123273.10274000006,23.2961,-0.2424,A,A
2025-12-26,123296.11874000006,123738.46624000007,123076.39124000006,124095.47074000006,123738.46624000007,24.0955,-0.5351,"A,C",C
2025-12-27,124095.47074000006,124095.47182500007,124095.47182500007,124095.47182500007,124095.47182500007,24.0955,-0.0,C,
2025-12-28,124095.47182500007,124095.47182500007,124095.47182500007,124095.47182500007,124095.47182500007,24.0955,-0.0,,
2025-12-29,124095.47182500007,124360.60067500008,123885.74767500008,124171.09267500007,124265.84767500007,24.1711,-0.3818,"A,B",A
2025-12-30,124171.09267500007,124406.39420000007,124092.35420000006,124406.39420000007,124406.39420000007,24.4064,-0.2524,A,
2025-12-31,124406.39420000007,124406.39420000007,123933.44420000007,124601.86020000007,124406.39420000007,24.6019,-0.3802,A,A
2026-01-01,124601.86020000007,124854.86540000007,124539.43040000007,124663.89540000007,124759.38040000007,24.6639,-0.2526,A,A
2026-01-02,124663.89540000007,124900.85931500007,124377.23131500007,125217.27831500006,124900.79931500007,25.2173,-0.4192,"A,C",C
2026-01-03,125217.27831500006,125297.32746500007,125217.25746500006,125297.32746500007,125297.32746500007,25.2973,-0.0639,C,
2026-01-04,125297.32746500007,125297.32746500007,125297.32746500007,125297.32746500007,125297.32746500007,25.2973,-0.0,,
2026-01-05,125297.32746500007,125297.32746500007,125297.32746500007,125297.32746500007,125297.32746500007,25.2973,-0.0,,
2026-01-06,125297.32746500007,125297.32746500007,125297.32746500007,125297.32746500007,125297.32746500007,25.2973,-0.0,,
2026-01-07,125297.32746500007,125314.59246500008,125138.69246500007,125280.05846500007,125297.32746500007,25.2801,-0.1404,A,A
2026-01-08,125280.05846500007,125456.01401500005,125136.33901500006,125423.57301500007,125439.79401500006,25.4236,-0.2548,A,A
2026-01-09,125423.57301500007,125582.00590500006,125244.91590500006,125696.18690500007,125581.95090500006,25.6962,-0.2684,"A,C",C
2026-01-10,125696.18690500007,125762.70034000007,125696.13534000007,125762.70034000007,125762.70034000007,25.7627,-0.0529,C,
2026-01-11,125762.70034000007,125762.70034000007,125762.70034000007,125762.70034000007,125762.70034000007,25.7627,-0.0,,
2026-01-12,125762.70034000007,125786.98034000008,125603.12034000008,125738.41784000007,125762.70034000007,25.7384,-0.1462,A,A
2026-01-13,125738.41784000007,125976.35819000007,125335.74819000007,126031.37819000008,125976.35819000007,26.0314,-0.5085,A,A
2026-01-14,126031.37819000008,126216.65386500007,125895.67386500008,126166.47386500008,126191.56386500008,26.1665,-0.2543,A,A
2026-01-15,126166.47386500008,126520.55458500008,126120.76958500007,126292.64208500007,126406.59958500008,26.2926,-0.316,A,A
2026-01-16,126292.64208500007,126694.09063500007,126131.25563500007,126814.64713500006,126694.09063500007,26.8146,-0.4442,"A,C",C
2026-01-17,126814.64713500006,126814.64644500008,126814.64644500008,126814.64644500008,126814.64644500008,26.8146,-0.0,C,
2026-01-18,126814.64644500008,126814.64644500008,126814.64644500008,126814.64644500008,126814.64644500008,26.8146,-0.0,,
2026-01-19,126814.64644500008,126929.70144500009,126572.36644500008,126699.58844500007,126814.64644500008,26.6996,-0.2815,A,A
2026-01-20,126699.58844500007,127949.14957000008,125838.32457000008,126259.93457000008,127104.53957000008,26.2599,-1.6497,A,A
2026-01-21,126259.93457000008,127717.01894500008,126199.58394500008,127362.15794500009,127539.58894500008,27.3622,-1.3674,A,A
2026-01-22,127362.15794500009,127687.09705500008,127254.85705500007,127792.89405500008,127685.76205500009,27.7929,-0.5426,A,A
2026-01-23,127792.89405500008,128174.85815500008,127683.72315500007,128350.60865500008,128174.85815500008,28.3506,-0.3832,"A,C",C
2026-01-24,128350.60865500008,128417.24502500008,128283.97202500008,128417.24502500008,128417.24502500008,28.4172,-0.1038,C,
2026-01-25,128417.24502500008,128417.24502500008,128417.24502500008,128417.24502500008,128417.24502500008,28.4172,-0.0,,
2026-01-26,128417.24502500008,128501.00502500008,128172.82502500009,128389.22602500008,128417.24502500008,28.3892,-0.2554,A,A
2026-01-27,128389.22602500008,128655.38871500008,128323.45371500007,128621.1402150001,128638.26371500008,28.6211,-0.258,A,A
2026-01-28,128621.1402150001,128803.13120500007,128555.32620500008,128769.0297050001,128786.08120500008,28.769,-0.1924,A,A
2026-01-29,128769.0297050001,128936.20760500009,128621.59760500009,128999.30610500008,128934.87760500009,28.9993,-0.244,A,A
2026-01-30,128999.30610500008,129473.61510500009,122003.4021050001,129627.58810500009,129431.4871050001,29.6276,-5.7697,"A,C",C
2026-01-31,129627.58810500009,129835.81193500009,129627.65193500009,129835.81193500009,129835.81193500009,29.8358,-0.1603,C,
2026-02-01,129835.81193500009,129835.81193500009,129835.81193500009,129835.81193500009,129835.81193500009,29.8358,-0.0,,
2026-02-02,129835.81193500009,130274.4528550001,129486.36785500009,130379.17685500009,130217.53785500009,30.3792,-0.6049,"A,B",A
2026-02-03,130379.17685500009,130717.02545500008,130378.02545500008,130717.02545500008,130717.02545500008,30.717,-0.2593,A,
2026-02-04,130717.02545500008,130717.02545500008,130717.02545500008,130717.02545500008,130717.02545500008,30.717,-0.0,,
2026-02-05,130717.02545500008,130717.02545500008,130717.02545500008,130717.02545500008,130717.02545500008,30.717,-0.0,,
2026-02-06,130717.02545500008,130717.02545500008,130219.45245500008,131034.35195500008,130717.02545500008,31.0344,-0.3806,C,C
2026-02-07,131034.35195500008,131130.6053050001,130998.1453050001,131130.6053050001,131130.6053050001,31.1306,-0.101,C,
2026-02-08,131130.6053050001,131130.6053050001,131130.6053050001,131130.6053050001,131130.6053050001,31.1306,-0.0,,
2026-02-09,131130.6053050001,131495.1446650001,130273.02466500008,131227.75466500007,131361.44966500008,31.2278,-0.9294,"A,B",A
2026-02-10,131227.75466500007,131865.69961500008,130444.79961500008,132017.72961500008,131864.53961500007,32.0177,-1.0775,A,A
2026-02-11,132017.72961500008,132929.88593500006,131964.65593500005,131814.22093500005,132372.05093500006,31.8142,-0.7261,A,A
2026-02-12,131814.22093500005,132902.91098500008,131526.78098500008,132947.1599850001,132830.62098500007,32.9472,-1.0555,A,A
2026-02-13,132947.1599850001,133344.16023500008,132731.65023500007,133725.0342350001,133344.15523500007,33.725,-0.4593,"A,C",C
2026-02-14,133725.0342350001,133755.67763500006,133694.46263500006,133755.67763500006,133755.67763500006,33.7557,-0.0458,C,
2026-02-15,133755.67763500006,133755.67763500006,133755.67763500006,133755.67763500006,133755.67763500006,33.7557,-0.0,,
2026-02-16,133755.67763500006,133861.84263500007,133583.90763500007,133649.51263500005,133755.67763500006,33.6495,-0.2076,A,A
2026-02-17,133649.51263500005,134023.54158500006,133500.40158500004,133798.22158500005,133910.88158500005,33.7982,-0.3903,A,A
2026-02-18,133798.22158500005,134144.20771500006,133371.48271500005,134314.49771500003,134143.78771500004,34.3145,-0.576,A,A
2026-02-19,134314.49771500003,134787.14556500007,134311.56056500005,134539.47356500005,134663.31056500005,34.5395,-0.3528,A,A
2026-02-20,134539.47356500005,134977.97429000004,134058.74429000003,135327.34579000005,134977.90929000004,35.3273,-0.681,"A,C",C
2026-02-21,135327.34579000005,135393.98829000004,135294.06329000002,135393.98829000004,135393.98829000004,35.394,-0.0738,C,
2026-02-22,135393.98829000004,135393.98829000004,135393.98829000004,135393.98829000004,135393.98829000004,35.394,-0.0,,
2026-02-23,135393.98829000004,135509.33622000003,134793.51372000002,135595.42922000002,135509.33622000003,35.5954,-0.5282,"A,B",A
2026-02-24,135595.42922000002,136096.54792000004,135043.15792000003,135977.10892000003,136036.82792000004,35.9771,-0.774,A,A
2026-02-25,135977.10892000003,136566.57787000004,131697.30787000002,136566.57787000004,136566.57787000004,36.5666,-3.5655,A,
2026-02-26,136566.57787000004,136641.61787000005,136195.49787000002,136577.89887000003,136566.57787000004,36.5779,-0.3265,A,A
2026-02-27,136577.89887000003,137099.96392000004,136429.10892000003,137444.18142000004,137099.96392000004,37.4442,-0.4893,"A,C",C
2026-02-28,137444.18142000004,137518.28287000002,136545.03787000003,137518.28287000002,137518.28287000002,37.5183,-0.7077,C,
2026-03-01,137518.28287000002,137518.28287000002,137518.28287000002,137518.28287000002,137518.28287000002,37.5183,-0.0,,
2026-03-02,137518.28287000002,138237.13147000002,136570.86647,137573.24247,137905.18647000002,37.5732,-1.2054,"A,B",A
2026-03-03,137573.24247,138442.82907,137291.02406999998,138543.05257,138442.82907,38.5431,-0.832,A,A
2026-03-04,138543.05257,139095.15577,138487.55577000004,138870.23227000004,138982.69577000002,38.8702,-0.4368,A,A
2026-03-05,138870.23227000004,139528.55567000003,138672.02067000003,139671.20767000003,139528.55567000003,39.6712,-0.6139,A,A
2026-03-06,139671.20767000003,140077.24852000002,139400.75352000003,140388.59152000002,140077.24852000002,40.3886,-0.4829,"A,C",C
2026-03-07,140388.59152000002,140495.86977000002,140388.29277000003,140495.86977000002,140495.86977000002,40.4959,-0.0766,C,
2026-03-08,140495.86977000002,140495.86977000002,140495.86977000002,140495.86977000002,140495.86977000002,40.4959,-0.0,,
2026-03-09,140495.86977000002,141030.04569,139173.01569,140737.51469,140883.78069,40.7375,-1.3168,"A,B",A
2026-03-10,140737.51469,141437.81414,139893.31914,141718.77414,141437.81414,41.7188,-1.092,A,A
2026-03-11,141718.77414,142082.27004,141485.34504000001,142021.51404,141994.24504,42.0215,-0.4201,A,A
2026-03-12,142021.51404,142554.39419000002,140748.46419000003,142694.08419000002,142554.39419000002,42.6941,-1.2668,A,A
2026-03-13,142694.08419000002,143006.45074000003,140569.06824000002,143341.92274,142977.44824000003,43.3419,-1.7044,"A,C",C
2026-03-14,143341.92274,143400.11157000004,143313.25657000003,143400.11157000004,143400.11157000004,43.4001,-0.0606,C,
2026-03-15,143400.11157000004,143400.11157000004,143400.11157000004,143400.11157000004,143400.11157000004,43.4001,-0.0,,
2026-03-16,143400.11157000004,143803.27329000004,143059.05329000004,143231.54829000004,143517.41329000003,43.2315,-0.5175,"A,B",A
2026-03-17,143231.54829000004,144236.92264000003,140560.96264000004,143931.17364000005,144084.04764000003,43.9312,-2.5486,A,A
2026-03-18,143931.17364000005,144656.37624000004,143059.38124000005,144989.91924000005,144656.37624000004,44.9899,-1.104,A,A
2026-03-19,144989.91924000005,145391.79959000004,144904.84459000005,145166.37959000003,145231.57459000003,45.1664,-0.3349,A,A
2026-03-20,145166.37959000003,145812.68794000003,144924.55294000002,146160.59194,145812.64794000002,46.1606,-0.6091,"A,C",C
2026-03-21,146160.59194,146240.97779000003,146160.30579000004,146240.97779000003,146240.97779000003,46.241,-0.0552,C,
2026-03-22,146240.97779000003,146240.97779000003,146240.97779000003,146240.97779000003,146240.97779000003,46.241,-0.0,,
2026-03-23,146240.97779000003,146715.39634000004,145465.09434000004,146807.87284000005,146632.72134000005,46.8079,-0.8522,"A,B",A
2026-03-24,146807.87284000005,147809.8398400001,146711.16984000005,146635.20334000007,147217.05984000006,46.6352,-0.7433,A,A
2026-03-25,146635.20334000007,147906.11819000007,145901.74819000007,147861.50819000008,147805.89319000006,47.8615,-1.3552,A,A
2026-03-26,147861.50819000008,148161.88989000005,147510.89489000005,148312.06989000004,148161.07489000005,48.3121,-0.4394,A,A
2026-03-27,148312.06989000004,148780.70944000006,148162.45144000003,149117.62544000003,148757.68644000005,49.1176,-0.4155,"A,C",C
2026-03-28,149117.62544000003,149186.28379000004,149117.53379000004,149186.28379000004,149186.28379000004,49.1863,-0.0461,C,
2026-03-29,149186.28379000004,149186.28379000004,149186.28379000004,149186.28379000004,149186.28379000004,49.1863,-0.0,,
2026-03-30,149186.28379000004,149565.48784000005,148834.59284000006,149198.74784000008,149364.18784000006,49.1987,-0.4887,"A,B",A
2026-03-31,149198.74784000008,149903.76009000005,145265.99509000004,150217.12259000004,149903.76009000005,50.2171,-3.0938,A,A
2026-04-01,150217.12259000004,150507.83994000003,149828.49994000004,150606.76494000005,150507.78994000005,50.6068,-0.4514,A,A
2026-04-02,150606.76494000005,151145.69344000006,149911.97344000003,151081.27844000005,151113.48844000004,51.0813,-0.8162,A,A
2026-04-03,151081.27844000005,151389.37937000004,150736.89437000005,151714.10187000004,151389.37937000004,51.7141,-0.431,"A,C",C
2026-04-04,151714.10187000004,151714.09793500003,151714.09793500003,151714.09793500003,151714.09793500003,51.7141,-0.0,C,
2026-04-05,151714.09793500003,151714.09793500003,151714.09793500003,151714.09793500003,151714.09793500003,51.7141,-0.0,,
2026-04-06,151714.09793500003,152378.96938000002,150928.22438000003,151287.30438000005,151833.13438000003,51.2873,-0.9521,"A,B",A
2026-04-07,151287.30438000005,152201.75083000003,151091.59083000003,152201.75083000003,152201.75083000003,52.2018,-0.8449,A,
2026-04-08,152201.75083000003,152201.84583000003,151684.04083000004,152366.09883000003,152201.75083000003,52.3661,-0.4561,A,A
2026-04-09,152366.09883000003,152714.52785,152201.38785000003,152430.12035000004,152572.32285000003,52.4301,-0.336,A,A
2026-04-10,152430.12035000004,152943.53620000003,152123.8912,153255.3097,152943.43120000002,53.2553,-0.5359,"A,C",C
2026-04-11,153255.3097,153377.11965,153255.24965,153377.11965,153377.11965,53.3771,-0.0795,C,
2026-04-12,153377.11965,153377.11965,153377.11965,153377.11965,153377.11965,53.3771,-0.0,,
2026-04-13,153377.11965,154258.416315,152594.051315,152854.051315,153556.231315,52.8541,-1.0789,"A,B",A
2026-04-14,152854.051315,154160.594315,152993.154315,153886.06431500003,154023.329315,53.8861,-0.8202,A,A
2026-04-15,153886.06431500003,154410.42266500002,153707.11266500002,154271.82766500005,154304.86266500002,54.2718,-0.4555,A,A
2026-04-16,154271.82766500005,154726.170465,154305.59546500002,154448.31546500002,154587.240465,54.4483,-0.2718,A,A
2026-04-17,154448.31546500002,154870.280965,154236.583465,155272.423465,154870.238465,55.2724,-0.4092,"A,C",C
2026-04-18,155272.423465,155309.830115,155272.370115,155309.830115,155309.830115,55.3098,-0.0241,C,
2026-04-19,155309.830115,155309.830115,155309.830115,155309.830115,155309.830115,55.3098,-0.0,,
2026-04-20,155309.830115,155885.42939,154874.04939,155212.64439,155549.03939,55.2126,-0.6488,"A,B",A
2026-04-21,155212.64439,155847.57593,155260.64593,155689.64593,155738.21093,55.6896,-0.4008,A,A
2026-04-22,155689.64593,155924.94623,150914.57123,155874.97123,155820.88123,55.875,-3.2133,A,A
2026-04-23,155874.97123,156386.62633,155548.15633,156306.08133,156296.06133,56.3061,-0.5362,A,A
2026-04-24,156306.08133,156982.05153,156124.63653000002,157227.63453,156933.44153,57.2276,-0.5462,"A,C",C
2026-04-25,157227.63453,157374.04245,157227.60495,157374.04245,157374.04245,57.374,-0.0931,C,
2026-04-26,157374.04245,157374.04245,157374.04245,157374.04245,157374.04245,57.374,-0.0,,
2026-04-27,157374.04245,157722.40599,156476.78349,157578.21099000002,157613.67099,57.5782,-0.7898,"A,B",A
2026-04-28,157578.21099000002,157901.996315,157106.731315,158265.303315,157901.881315,58.2653,-0.5036,A,A
2026-04-29,158265.303315,158480.548315,158046.68831499998,158554.783315,158480.548315,58.5548,-0.2738,A,A
2026-04-30,158554.783315,158772.469065,158142.79406500002,158858.559065,158772.304065,58.8586,-0.3966,A,A
2026-05-01,158858.559065,158967.45136500002,158445.354365,159160.136865,158967.329365,59.1601,-0.3284,"A,C",C
2026-05-02,159160.136865,159234.37301500002,159160.023015,159234.37301500002,159234.37301500002,59.2344,-0.0467,C,
2026-05-03,159234.37301500002,159234.37301500002,159234.37301500002,159234.37301500002,159234.37301500002,59.2344,-0.0,,
2026-05-04,159234.37301500002,159377.53268500004,158951.60768500002,159332.422685,159354.97768500002,59.3324,-0.2672,"A,B",A
2026-05-05,159332.422685,159787.98514500004,159233.62014500002,159312.765145,159550.37514500003,59.3128,-0.3469,A,A
2026-05-06,159312.765145,159746.47822000002,159116.82822000002,159942.47622,159746.47822000002,59.9425,-0.42,A,A
2026-05-07,159942.47622,160074.65542000002,159612.65542000002,159810.29542000004,159942.47542000003,59.8103,-0.2886,A,A
2026-05-08,159810.29542000004,160139.19070000004,159481.47770000005,160264.97120000003,160139.15770000004,60.265,-0.4107,"A,C",C
2026-05-09,160264.97120000003,160339.55513000005,160264.95213000005,160339.55513000005,160339.55513000005,60.3396,-0.0465,C,
2026-05-10,160339.55513000005,160339.55513000005,160339.55513000005,160339.55513000005,160339.55513000005,60.3396,-0.0,,
2026-05-11,160339.55513000005,160362.25513000006,159899.04513000004,160316.85713000005,160339.55513000005,60.3169,-0.2889,A,A
2026-05-12,160316.85713000005,160536.75549500005,160207.03049500004,160536.75549500005,160536.75549500005,60.5368,-0.2054,A,
2026-05-13,160536.75549500005,160536.77049500006,159984.53549500005,160624.64049500006,160536.75549500005,60.6246,-0.344,A,A
2026-05-14,160624.64049500006,160734.43103000004,160181.68103000004,160811.32103000002,160734.43103000004,60.8113,-0.3439,A,A
2026-05-15,160811.32103000002,161031.02768000003,160368.79518000002,161224.15618000005,161030.96518000003,61.2242,-0.4112,"A,C",C
2026-05-16,161224.15618000005,161298.89056500004,161224.07056500003,161298.89056500004,161298.89056500004,61.2989,-0.0464,C,
2026-05-17,161298.89056500004,161298.89056500004,161298.89056500004,161298.89056500004,161298.89056500004,61.2989,-0.0,,
2026-05-18,161298.89056500004,161419.54317500003,161015.48117500002,161419.54317500003,161419.54317500003,61.4195,-0.2503,B,
2026-05-19,161419.54317500003,161419.54317500003,161419.54317500003,161419.54317500003,161419.54317500003,61.4195,-0.0,,
2026-05-20,161419.54317500003,161419.54317500003,161419.54317500003,161419.54317500003,161419.54317500003,61.4195,-0.0,,
2026-05-21,161419.54317500003,161419.54317500003,161419.54317500003,161419.54317500003,161419.54317500003,61.4195,-0.0,,
2026-05-22,161419.54317500003,161419.54317500003,161419.54317500003,161419.54317500003,161419.54317500003,61.4195,-0.0,,
2026-05-23,161419.54317500003,161419.54317500003,161419.54317500003,161419.54317500003,161419.54317500003,61.4195,-0.0,,
2026-05-24,161419.54317500003,161419.54317500003,161419.54317500003,161419.54317500003,161419.54317500003,61.4195,-0.0,,
2026-05-25,161419.54317500003,161419.54317500003,161419.54317500003,161419.54317500003,161419.54317500003,61.4195,-0.0,,
2026-05-26,161419.54317500003,161419.54317500003,161419.54317500003,161419.54317500003,161419.54317500003,61.4195,-0.0,,
2026-05-27,161419.54317500003,161419.54317500003,161419.54317500003,161419.54317500003,161419.54317500003,61.4195,-0.0,,
2026-05-28,161419.54317500003,161454.67317500003,160977.08317500004,161384.41517500003,161419.54317500003,61.3844,-0.2958,A,A
2026-05-29,161384.41517500003,161717.24499000004,161050.35999000003,161844.34499000004,161717.15499000004,61.8443,-0.4124,"A,C",C
2026-05-30,161844.34499000004,161919.18308000005,161844.26808000004,161919.18308000005,161919.18308000005,61.9192,-0.0463,C,
2026-05-31,161919.18308000005,161919.18308000005,161919.18308000005,161919.18308000005,161919.18308000005,61.9192,-0.0,,
2026-06-01,161919.18308000005,162185.06361,161687.39361000003,162138.98361000005,162162.02361000003,62.139,-0.3069,"A,B",A
2026-06-02,162138.98361000005,162361.23211000004,160942.41211000003,162361.23211000004,162361.23211000004,62.3612,-0.8739,A,
2026-06-03,162361.23211000004,162361.23211000004,162361.23211000004,162361.23211000004,162361.23211000004,62.3612,-0.0,,
2026-06-04,162361.23211000004,162439.87711000006,161871.23711000005,162282.58711000005,162361.23211000004,62.2826,-0.3501,A,A
2026-06-05,162282.58711000005,163043.50716000004,154963.68516000005,163249.55616000007,163025.22016000006,63.2496,-4.9556,"A,C",C
2026-06-06,163249.55616000007,163476.20436000006,163229.43236000006,163476.20436000006,163476.20436000006,63.4762,-0.151,C,
2026-06-07,163476.20436000006,163476.20436000006,163476.20436000006,163476.20436000006,163476.20436000006,63.4762,-0.0,,
2026-06-08,163476.20436000006,163762.24492500006,163046.97992500005,163691.94492500005,163659.14492500006,63.6919,-0.4368,"A,B",A
2026-06-09,163691.94492500005,164433.91197500005,162820.49697500005,164256.19697500003,164329.12197500005,64.2562,-0.9812,A,A
2026-06-10,164256.19697500003,165228.66122500005,164035.29622500006,164779.40122500004,165004.03122500004,64.7794,-0.7223,A,A
2026-06-11,164779.40122500004,165683.10237500002,164406.17737500003,165682.71237500003,165682.71237500003,65.6827,-0.7707,A,
2026-06-12,165682.71237500003,165682.71237500003,165682.71237500003,165682.71237500003,165682.71237500003,65.6827,-0.0002,,
2026-06-13,165682.71237500003,165682.71237500003,165682.71237500003,165682.71237500003,165682.71237500003,65.6827,-0.0002,,
2026-06-14,165682.71237500003,165682.71237500003,165682.71237500003,165682.71237500003,165682.71237500003,65.6827,-0.0002,,
2026-06-15,165682.71237500003,165682.71237500003,165682.71237500003,165682.71237500003,165682.71237500003,65.6827,-0.0002,,
2026-06-16,165682.71237500003,165682.71237500003,165682.71237500003,165682.71237500003,165682.71237500003,65.6827,-0.0002,,
2026-06-17,165682.71237500003,165682.71237500003,165682.71237500003,165682.71237500003,165682.71237500003,65.6827,-0.0002,,
2026-06-18,165682.71237500003,165682.71237500003,165682.71237500003,165682.71237500003,165682.71237500003,65.6827,-0.0002,,
2026-06-19,165682.71237500003,165682.71237500003,165682.71237500003,165682.71237500003,165682.71237500003,65.6827,-0.0002,,
2026-06-20,165682.71237500003,165682.71237500003,165682.71237500003,165682.71237500003,165682.71237500003,65.6827,-0.0002,,
2026-06-21,165682.71237500003,165682.71237500003,165682.71237500003,165682.71237500003,165682.71237500003,65.6827,-0.0002,,
2026-06-22,165682.71237500003,165682.71237500003,165682.71237500003,165682.71237500003,165682.71237500003,65.6827,-0.0002,,
2026-06-23,165682.71237500003,165682.71237500003,165682.71237500003,165682.71237500003,165682.71237500003,65.6827,-0.0002,,
2026-06-24,165682.71237500003,165682.71237500003,165682.71237500003,165682.71237500003,165682.71237500003,65.6827,-0.0002,,
2026-06-25,165682.71237500003,165682.71237500003,165682.71237500003,165682.71237500003,165682.71237500003,65.6827,-0.0002,,
2026-06-26,165682.71237500003,165682.71237500003,165040.93237500003,166501.65637500002,165682.71237500003,66.5017,-0.3876,C,C
2026-06-27,166501.65637500002,166697.09250000003,166601.68950000004,166697.09250000003,166697.09250000003,66.6971,-0.0572,C,
