entry,entry_policy,greek_limits_mode,qty_per_1btc_equity,max_concurrent,hold_days,perp_delta_hedge,option_hedge_mode,wing_expiry_mode,wing_delta,wing_trigger,take_profit_pct,ann_return,max_dd_pct,sharpe,pnl,n_closes,bars,breach_any_pct,breach_d_pct,breach_g_pct,breach_v_pct,breach_t_pct,max_abs_v,min_g,skips,sized_opens,perp_trades,perp_fees,wing_adjusts,wing_opens,wing_premium_paid
RichForce16,fav_sharpe_rich4_f5_1600,off,0.2,20,0,0,off,same,0.1,dg,0.6,0.536523,6.681,3.1142,75231.2,138,136787,85.896,79.723,0.0,56.339,0.0,0.8506,-7.7407,0,0,0,0.0,0,0,0.0
Daily15,fav_pnl_daily_1500,off,0.2,20,0,0,off,same,0.1,dg,0.5,0.840678,13.3855,2.3927,121491.06,244,136787,96.454,88.442,0.118,89.842,0.0,1.2201,-10.901,0,0,0,0.0,0,0,0.0
RichForce16,fav_sharpe_rich4_f5_1600,off,0.2,20,0,0,sticky_budget,same,0.05,dg,0.6,0.443313,9.7127,2.4596,61479.54,138,136787,84.886,78.535,0.0,56.275,0.0,0.7718,-8.3039,0,0,0,0.0,165,165,13751.66
RichForce16,fav_sharpe_rich4_f5_1600,off,0.2,20,0,0,sticky_budget,same,0.05,dgv,0.6,0.509439,6.7258,2.987,71208.44,138,136787,83.932,77.693,0.0,54.249,0.0,0.8476,-7.7964,0,0,0,0.0,105,105,4022.76
RichForce16,fav_sharpe_rich4_f5_1600,off,0.2,20,0,0,sticky_budget,same,0.1,dg,0.6,0.380673,15.6034,1.9819,52388.55,138,136787,84.677,78.495,0.0,57.394,0.0,0.8444,-9.1103,0,0,0,0.0,167,167,22842.65
RichForce16,fav_sharpe_rich4_f5_1600,off,0.2,20,0,0,sticky_budget,same,0.1,dgv,0.6,0.508443,6.7386,2.991,71060.84,138,136787,83.229,76.846,0.0,54.248,0.0,0.8484,-7.8122,0,0,0,0.0,96,96,4170.36
RichForce16,fav_sharpe_rich4_f5_1600,off,0.2,20,0,0,sticky_budget,same,0.15,dg,0.6,0.467442,5.4407,2.9197,65014.13,138,136787,81.652,74.98,0.0,52.049,0.0,0.7578,-6.6183,0,0,0,0.0,86,86,10217.07
RichForce16,fav_sharpe_rich4_f5_1600,off,0.2,20,0,0,sticky_budget,same,0.15,dgv,0.6,0.49406,6.8567,2.9375,68933.92,138,136787,82.006,75.309,0.0,54.073,0.0,0.8329,-7.959,0,0,0,0.0,59,59,6297.28
RichForce16,fav_sharpe_rich4_f5_1600,off,0.2,20,0,0,sticky_budget,next_listed,0.05,dg,0.6,0.357333,19.5187,1.8071,49033.03,138,136787,85.434,79.323,0.0,55.972,0.0,0.8552,-9.4087,0,0,0,0.0,173,173,26198.17
RichForce16,fav_sharpe_rich4_f5_1600,off,0.2,20,0,0,sticky_budget,next_listed,0.05,dgv,0.6,0.507787,6.7438,2.9768,70963.67,138,136787,83.533,77.329,0.0,53.818,0.0,0.8406,-7.7634,0,0,0,0.0,96,96,4267.53
RichForce16,fav_sharpe_rich4_f5_1600,off,0.2,20,0,0,sticky_budget,next_listed,0.1,dg,0.6,0.293432,26.8013,1.3504,39936.84,138,136787,85.62,79.476,0.038,55.965,0.0,0.967,-10.5586,0,0,0,0.0,165,165,35294.36
RichForce16,fav_sharpe_rich4_f5_1600,off,0.2,20,0,0,sticky_budget,next_listed,0.1,dgv,0.6,0.507582,6.7803,2.9729,70933.31,138,136787,83.095,76.82,0.0,53.738,0.0,0.8384,-7.7655,0,0,0,0.0,100,100,4297.89
RichForce16,fav_sharpe_rich4_f5_1600,off,0.2,20,0,0,sticky_budget,next_listed,0.15,dg,0.6,0.242782,32.8743,1.0237,32823.65,138,136787,83.901,77.608,0.836,56.177,0.0,1.0789,-11.5053,0,0,0,0.0,176,176,42407.55
RichForce16,fav_sharpe_rich4_f5_1600,off,0.2,20,0,0,sticky_budget,next_listed,0.15,dgv,0.6,0.50254,6.7968,2.9328,70187.2,138,136787,82.341,76.08,0.0,53.883,0.0,0.8554,-7.8347,0,0,0,0.0,91,91,5044.01
Daily15,fav_pnl_daily_1500,off,0.2,20,0,0,sticky_budget,same,0.05,dg,0.5,0.580998,29.0757,1.4174,81594.42,244,136787,97.014,89.819,6.518,90.726,0.0,1.6468,-14.6731,0,0,0,0.0,217,217,39896.64
Daily15,fav_pnl_daily_1500,off,0.2,20,0,0,sticky_budget,same,0.05,dgv,0.5,0.807624,13.7059,2.3203,116311.12,244,136787,95.454,87.256,0.2,88.878,0.0,1.2372,-10.9401,0,0,0,0.0,70,70,5179.94
Daily15,fav_pnl_daily_1500,off,0.2,20,0,0,sticky_budget,same,0.1,dg,0.5,0.582872,30.2235,1.4099,81875.52,244,136787,96.919,89.413,6.261,89.591,0.0,1.6384,-14.5513,0,0,0,0.0,213,213,39615.55
Daily15,fav_pnl_daily_1500,off,0.2,20,0,0,sticky_budget,same,0.1,dgv,0.5,0.809663,13.6488,2.341,116629.83,244,136787,95.408,87.471,0.067,88.873,0.0,1.2279,-10.7584,0,0,0,0.0,69,69,4861.23
Daily15,fav_pnl_daily_1500,off,0.2,20,0,0,sticky_budget,same,0.15,dg,0.5,0.797828,13.7568,2.3241,114781.51,244,136787,95.471,84.82,0.075,88.915,0.0,1.2385,-10.7877,0,0,0,0.0,145,145,6709.56
Daily15,fav_pnl_daily_1500,off,0.2,20,0,0,sticky_budget,same,0.15,dgv,0.5,0.808779,13.6129,2.3565,116491.54,244,136787,95.186,87.46,0.013,88.826,0.0,1.2218,-10.6417,0,0,0,0.0,56,56,4999.53
Daily15,fav_pnl_daily_1500,off,0.2,20,0,0,sticky_budget,next_listed,0.05,dg,0.5,0.571061,32.1781,1.3668,80105.22,244,136787,97.141,90.006,8.454,90.31,0.0,1.6554,-14.8406,0,0,0,0.0,215,215,41385.84
Daily15,fav_pnl_daily_1500,off,0.2,20,0,0,sticky_budget,next_listed,0.05,dgv,0.5,0.80403,13.6996,2.3194,115749.6,244,136787,95.531,87.326,0.192,88.082,0.0,1.2173,-10.9976,0,0,0,0.0,70,70,5741.46
Daily15,fav_pnl_daily_1500,off,0.2,20,0,0,sticky_budget,next_listed,0.1,dg,0.5,0.543019,35.8946,1.2767,75918.53,244,136787,97.307,89.946,8.537,86.484,0.0,1.7083,-15.3392,0,0,0,0.0,226,226,45572.53
Daily15,fav_pnl_daily_1500,off,0.2,20,0,0,sticky_budget,next_listed,0.1,dgv,0.5,0.796282,13.7174,2.3147,114540.28,244,136787,95.546,87.562,0.205,88.632,0.0,1.2197,-11.0198,0,0,0,0.0,77,77,6950.79
Daily15,fav_pnl_daily_1500,off,0.2,20,0,0,sticky_budget,next_listed,0.15,dg,0.5,0.492128,41.2711,1.1289,68379.88,244,136787,97.6,90.351,11.149,87.674,0.0,1.8367,-16.5063,0,0,0,0.0,178,178,53111.19
Daily15,fav_pnl_daily_1500,off,0.2,20,0,0,sticky_budget,next_listed,0.15,dgv,0.5,0.795855,13.6496,2.3297,114473.71,244,136787,95.385,87.492,0.178,88.69,0.0,1.214,-10.976,0,0,0,0.0,78,78,7017.36
