trade_num,entry_date,fill_entry_utc,fill_exit_utc,side,strike,dte,abs_delta,spot_entry,spot_exit,bull_score,bear_score,selected_score,triggered,exit_type,net_pnl,cum_pnl,equity
1.0,2024-10-24,2024-10-24 06:00,2024-10-31 07:00,Short put,60000.0,15.1,0.15,67340.0,72287.0,0.448,0.956,0.956,Yes,ask,363.59,363.59,100363.59
2.0,2024-10-25,2024-10-25 06:00,2024-11-01 07:00,Short put,60000.0,14.1,0.15,67760.0,69184.0,0.476,0.965,0.965,Yes,ask,191.96,555.54,100555.54
3.0,2024-10-26,2024-10-26 06:00,2024-11-02 07:00,Short put,60000.0,13.1,0.15,67043.0,69733.0,0.464,0.952,0.952,Yes,ask,415.06,970.6,100970.6
4.0,2024-10-27,2024-10-27 07:00,2024-11-03 07:00,Short put,60000.0,12.0,0.15,67105.0,68547.0,0.441,0.943,0.943,Yes,ask,189.11,1159.71,101159.71
5.0,2024-10-28,2024-10-28 07:00,2024-11-04 07:00,Short put,62000.0,11.0,0.15,67881.0,69068.0,0.396,0.953,0.953,Yes,ask,307.15,1466.86,101466.86
6.0,2024-10-29,2024-10-29 07:00,2024-11-05 07:00,Short put,64000.0,10.0,0.15,71245.0,68757.0,0.499,0.9,0.9,Yes,ask,-109.49,1357.36,101357.36
7.0,2024-10-30,2024-10-30 07:00,2024-11-06 07:00,Short put,65000.0,9.0,0.15,72361.0,74285.0,0.688,0.979,0.979,Yes,ask,535.82,1893.18,101893.18
8.0,2024-10-31,2024-10-31 07:00,2024-11-07 07:00,Short put,64000.0,15.0,0.15,72287.0,74847.0,0.664,0.98,0.98,Yes,ask,648.8,2541.98,102541.98
9.0,2024-11-12,2024-11-12 07:00,2024-11-19 07:00,Short put,81000.0,10.0,0.15,89659.0,92019.0,0.616,0.979,0.979,Yes,ask,700.49,3242.47,103242.47
10.0,2024-11-14,2024-11-14 07:00,2024-11-21 07:00,Short put,80000.0,15.0,0.15,89460.0,97067.0,0.636,0.956,0.956,Yes,ask,622.19,3864.66,103864.66
11.0,2024-11-16,2024-11-16 07:00,2024-11-23 07:00,Short put,83000.0,13.0,0.15,91288.0,98838.0,0.577,0.947,0.947,Yes,ask,563.35,4428.01,104428.01
12.0,2024-11-17,2024-11-17 07:00,2024-11-24 07:00,Short put,83000.0,12.0,0.15,90639.0,98463.0,0.514,0.965,0.965,Yes,ask,555.48,4983.5,104983.5
13.0,2024-11-18,2024-11-18 07:00,2024-11-25 07:00,Short put,84000.0,11.0,0.15,92013.0,98262.0,0.693,0.954,0.954,Yes,ask,625.82,5609.31,105609.31
14.0,2024-11-19,2024-11-19 07:00,2024-11-26 07:00,Short put,84000.0,10.0,0.15,92019.0,94536.0,0.489,0.944,0.944,Yes,ask,542.06,6151.37,106151.37
15.0,2024-11-20,2024-11-20 07:00,2024-11-27 07:00,Short put,85000.0,9.0,0.15,92482.0,93050.0,0.487,0.946,0.946,Yes,ask,408.33,6559.7,106559.7
16.0,2024-11-21,2024-11-21 07:00,2024-11-28 07:00,Short put,87000.0,15.0,0.15,97067.0,95543.0,0.766,0.97,0.97,Yes,ask,317.42,6877.12,106877.12
17.0,2024-11-22,2024-11-22 07:00,2024-11-29 07:00,Short put,89000.0,14.0,0.15,99128.0,96390.0,0.743,0.986,0.986,Yes,ask,427.92,7305.04,107305.04
18.0,2024-11-23,2024-11-23 07:00,2024-11-30 07:00,Short put,89000.0,13.0,0.15,98838.0,96746.0,0.802,0.986,0.986,Yes,ask,584.22,7889.26,107889.26
19.0,2024-11-24,2024-11-24 07:00,2024-12-01 07:00,Short put,89000.0,12.0,0.15,98463.0,96389.0,0.8,0.967,0.967,Yes,ask,562.24,8451.5,108451.5
20.0,2024-11-25,2024-11-25 07:00,2024-12-02 07:00,Short put,89000.0,11.0,0.15,98262.0,96407.0,0.846,0.988,0.988,Yes,ask,499.67,8951.16,108951.16
21.0,2024-11-26,2024-11-26 07:00,2024-12-03 07:00,Short put,86000.0,10.0,0.15,94536.0,95724.0,0.826,0.981,0.981,Yes,ask,622.49,9573.66,109573.66
22.0,2024-11-28,2024-11-28 07:00,2024-12-05 07:00,Short put,85000.0,15.0,0.15,95543.0,101953.0,0.556,0.968,0.968,Yes,ask,561.76,10135.42,110135.42
23.0,2024-11-29,2024-11-29 07:00,2024-12-06 07:00,Short put,88000.0,14.0,0.15,96390.0,98152.0,0.487,0.854,0.854,Yes,ask,625.19,10760.61,110760.61
24.0,2024-11-30,2024-11-30 07:00,2024-11-30 09:16,Short put,88000.0,13.0,0.15,96746.0,96928.0,0.489,0.783,0.783,Yes,stop_loss,-2079.06,8681.54,108681.54
25.0,2024-12-01,2024-12-01 07:00,2024-12-08 07:00,Short put,88000.0,12.0,0.15,96389.0,99797.0,0.529,0.966,0.966,Yes,ask,401.25,9082.79,109082.79
26.0,2024-12-02,2024-12-02 07:00,2024-12-09 07:00,Short put,88000.0,11.0,0.15,96407.0,99104.0,0.648,0.974,0.974,Yes,ask,402.39,9485.19,109485.19
27.0,2024-12-03,2024-12-03 07:00,2024-12-10 07:00,Short put,88000.0,10.0,0.15,95724.0,97484.0,0.553,0.983,0.983,Yes,ask,381.33,9866.51,109866.51
28.0,2024-12-04,2024-12-04 07:00,2024-12-11 07:00,Short put,89000.0,9.0,0.15,96595.0,97780.0,0.516,0.98,0.98,Yes,ask,387.1,10253.61,110253.61
29.0,2024-12-05,2024-12-05 07:00,2024-12-12 07:00,Short put,91000.0,15.0,0.15,101953.0,100601.0,0.7,0.99,0.99,Yes,ask,391.68,10645.29,110645.29
30.0,2024-12-06,2024-12-06 07:00,2024-12-13 07:00,Short put,88000.0,14.0,0.15,98152.0,99781.0,0.757,0.985,0.985,Yes,ask,392.34,11037.63,111037.63
31.0,2024-12-07,2024-12-07 07:00,2024-12-14 07:00,Short put,90000.0,13.0,0.15,99486.0,101905.0,0.694,0.962,0.962,Yes,ask,556.22,11593.84,111593.84
32.0,2024-12-08,2024-12-08 07:00,2024-12-15 07:00,Short put,91000.0,12.0,0.15,99797.0,101792.0,0.791,0.971,0.971,Yes,ask,497.34,12091.18,112091.18
33.0,2024-12-09,2024-12-09 07:00,2024-12-16 07:00,Short put,90000.0,11.0,0.15,99104.0,105137.0,0.746,0.977,0.977,Yes,ask,623.08,12714.26,112714.26
34.0,2024-12-11,2024-12-11 07:00,2024-12-18 07:00,Short put,90000.0,9.0,0.15,97780.0,103752.0,0.824,0.982,0.982,Yes,ask,758.87,13473.13,113473.13
35.0,2024-12-12,2024-12-12 07:00,2024-12-19 07:00,Short put,90000.0,15.0,0.15,100601.0,101155.0,0.661,0.967,0.967,Yes,ask,333.56,13806.69,113806.69
36.0,2024-12-13,2024-12-13 07:00,2024-12-20 07:00,Short put,90000.0,14.0,0.15,99781.0,97245.0,0.636,0.97,0.97,Yes,ask,130.77,13937.46,113937.46
37.0,2024-12-14,2024-12-14 07:00,2024-12-21 07:00,Short put,92000.0,13.0,0.15,101905.0,98674.0,0.723,0.959,0.959,Yes,ask,83.25,14020.71,114020.71
38.0,2024-12-19,2024-12-19 07:00,2024-12-26 07:00,Short put,90000.0,15.0,0.15,101155.0,98025.0,0.904,0.926,0.926,Yes,ask,235.24,14255.95,114255.95
39.0,2024-12-20,2024-12-20 07:00,2024-12-27 07:00,Short put,85000.0,14.0,0.15,97245.0,96532.0,0.917,0.943,0.943,Yes,ask,267.48,14523.44,114523.44
40.0,2024-12-21,2024-12-21 07:00,2024-12-28 07:00,Short put,88000.0,13.0,0.15,98674.0,94345.0,0.871,0.914,0.914,Yes,ask,138.45,14661.89,114661.89
41.0,2024-12-22,2024-12-22 07:00,2024-12-29 07:00,Short put,88000.0,12.0,0.15,96671.0,95014.0,0.862,0.908,0.908,Yes,ask,511.31,15173.19,115173.19
42.0,2024-12-23,2024-12-23 07:00,2024-12-30 07:00,Short put,86000.0,11.0,0.15,94744.0,93740.0,0.888,0.936,0.936,Yes,ask,536.5,15709.7,115709.7
43.0,2024-12-24,2024-12-24 07:00,2024-12-31 07:00,Short put,86000.0,10.0,0.15,93846.0,92720.0,0.911,0.938,0.938,Yes,ask,521.1,16230.8,116230.8
44.0,2024-12-26,2024-12-26 07:00,2025-01-02 07:00,Short put,88000.0,15.0,0.15,98025.0,95426.0,0.812,0.975,0.975,Yes,ask,177.83,16408.63,116408.63
45.0,2024-12-27,2024-12-27 07:00,2025-01-03 07:00,Short put,86000.0,14.0,0.15,96532.0,96526.0,0.9,0.974,0.974,Yes,ask,610.5,17019.13,117019.13
46.0,2024-12-28,2024-12-28 07:00,2025-01-04 07:00,Short put,85000.0,13.0,0.15,94345.0,98085.0,0.9,0.959,0.959,Yes,ask,732.73,17751.86,117751.86
47.0,2024-12-29,2024-12-29 07:00,2025-01-05 07:00,Short put,86000.0,12.0,0.15,95014.0,98432.0,0.924,0.954,0.954,Yes,ask,643.19,18395.05,118395.05
48.0,2025-01-01,2025-01-01 07:00,2025-01-08 07:00,Short put,86000.0,9.0,0.15,93541.0,95315.0,0.897,0.922,0.922,Yes,ask,552.81,18947.86,118947.86
49.0,2025-01-02,2025-01-02 07:00,2025-01-09 07:00,Short put,86000.0,15.0,0.15,95426.0,94054.0,0.908,0.92,0.92,Yes,ask,309.87,19257.72,119257.72
50.0,2025-01-03,2025-01-03 07:00,2025-01-10 07:00,Short put,88000.0,14.0,0.15,96526.0,94295.0,0.875,0.91,0.91,Yes,ask,129.84,19387.57,119387.57
51.0,2025-01-04,2025-01-04 07:00,2025-01-11 07:00,Short call,110000.0,13.0,0.15,98085.0,94222.0,0.87,0.736,0.87,Yes,ask,575.32,19962.89,119962.89
52.0,2025-01-05,2025-01-05 07:00,2025-01-12 07:00,Short call,110000.0,12.0,0.15,98432.0,94367.0,0.898,0.788,0.898,Yes,ask,598.45,20561.34,120561.34
53.0,2025-01-08,2025-01-08 07:00,2025-01-15 07:00,Short call,105000.0,9.0,0.15,95315.0,97066.0,0.887,0.808,0.887,Yes,ask,353.24,20914.57,120914.57
54.0,2025-01-09,2025-01-09 07:00,2025-01-16 07:00,Short call,107000.0,15.0,0.15,94054.0,99847.0,0.877,0.848,0.877,Yes,ask,-585.2,20329.37,120329.37
55.0,2025-01-10,2025-01-10 07:00,2025-01-17 07:00,Short call,107000.0,14.0,0.15,94295.0,101403.0,0.857,0.806,0.857,Yes,ask,-856.59,19472.78,119472.78
56.0,2025-01-14,2025-01-14 07:00,2025-01-21 07:00,Short put,86000.0,10.0,0.15,94955.0,101981.0,0.827,0.876,0.876,Yes,ask,688.33,20161.11,120161.11
57.0,2025-01-16,2025-01-16 07:00,2025-01-23 07:00,Short put,89000.0,15.0,0.15,99847.0,102217.0,0.709,0.859,0.859,Yes,ask,533.66,20694.77,120694.77
58.0,2025-01-17,2025-01-17 07:00,2025-01-24 07:00,Short put,91000.0,14.0,0.15,101403.0,105008.0,0.74,0.945,0.945,Yes,ask,747.12,21441.89,121441.89
59.0,2025-01-18,2025-01-18 07:00,2025-01-25 07:00,Short put,92000.0,13.0,0.15,103403.0,104322.0,0.882,0.917,0.917,Yes,ask,685.01,22126.9,122126.9
60.0,2025-01-19,2025-01-19 07:00,2025-01-26 07:00,Short put,94000.0,12.0,0.15,105460.0,104974.0,0.906,0.944,0.944,Yes,ask,786.1,22913.0,122913.0
61.0,2025-01-21,2025-01-21 07:00,2025-01-28 07:00,Short put,92000.0,10.0,0.15,101981.0,102782.0,0.852,0.93,0.93,Yes,ask,648.75,23561.75,123561.75
62.0,2025-01-23,2025-01-23 07:00,2025-01-30 07:00,Short put,90000.0,15.0,0.15,102217.0,105196.0,0.861,0.935,0.935,Yes,ask,671.64,24233.39,124233.39
63.0,2025-01-24,2025-01-24 07:00,2025-01-31 07:00,Short put,94000.0,14.0,0.15,105008.0,104521.0,0.803,0.843,0.843,Yes,ask,581.86,24815.25,124815.25
64.0,2025-01-25,2025-01-25 07:00,2025-02-01 07:00,Short put,94000.0,13.0,0.15,104322.0,102392.0,0.776,0.802,0.802,Yes,ask,476.77,25292.02,125292.02
65.0,2025-01-27,2025-01-27 07:00,2025-02-03 07:00,Short call,111000.0,11.0,0.15,98889.0,93970.0,0.646,0.6,0.646,Yes,ask,618.29,25910.31,125910.31
66.0,2025-02-03,2025-02-03 07:00,2025-02-10 07:00,Short call,106000.0,11.0,0.15,93970.0,97167.0,0.763,0.758,0.763,Yes,ask,492.99,26403.3,126403.3
67.0,2025-02-06,2025-02-06 07:00,2025-02-13 07:00,Short put,88000.0,15.0,0.15,98407.0,96055.0,0.743,0.769,0.769,Yes,ask,337.03,26740.34,126740.34
68.0,2025-02-07,2025-02-07 07:00,2025-02-14 07:00,Short put,88000.0,14.0,0.15,96798.0,96853.0,0.773,0.818,0.818,Yes,ask,543.34,27283.68,127283.68
69.0,2025-02-08,2025-02-08 07:00,2025-02-15 07:00,Short put,86000.0,13.0,0.15,96007.0,97499.0,0.816,0.878,0.878,Yes,ask,543.87,27827.55,127827.55
70.0,2025-02-09,2025-02-09 07:00,2025-02-16 07:00,Short put,88000.0,12.0,0.15,97031.0,97498.0,0.827,0.913,0.913,Yes,ask,577.39,28404.95,128404.95
71.0,2025-02-10,2025-02-10 07:00,2025-02-17 07:00,Short put,88000.0,11.0,0.15,97167.0,96380.0,0.818,0.947,0.947,Yes,ask,520.73,28925.68,128925.68
72.0,2025-02-12,2025-02-12 07:00,2025-02-19 07:00,Short put,88000.0,9.0,0.15,95837.0,95584.0,0.877,0.909,0.909,Yes,ask,396.12,29321.8,129321.8
73.0,2025-02-13,2025-02-13 07:00,2025-02-20 07:00,Short put,88000.0,15.0,0.15,96055.0,96921.0,0.843,0.911,0.911,Yes,ask,565.67,29887.48,129887.48
74.0,2025-02-14,2025-02-14 07:00,2025-02-21 07:00,Short put,88000.0,14.0,0.15,96853.0,98476.0,0.894,0.913,0.913,Yes,ask,504.96,30392.43,130392.43
75.0,2025-02-15,2025-02-15 07:00,2025-02-22 07:00,Short call,108000.0,13.0,0.15,97499.0,96403.0,0.877,0.873,0.877,Yes,ask,360.56,30753.0,130753.0
76.0,2025-02-16,2025-02-16 07:00,2025-02-23 07:00,Short call,108000.0,12.0,0.15,97498.0,96357.0,0.898,0.892,0.898,Yes,ask,409.61,31162.6,131162.6
77.0,2025-02-17,2025-02-17 07:00,2025-02-24 07:00,Short call,106000.0,11.0,0.15,96380.0,95865.0,0.904,0.842,0.904,Yes,ask,414.58,31577.18,131577.18
78.0,2025-02-24,2025-02-24 07:00,2025-03-03 07:00,Short call,104000.0,11.0,0.15,95865.0,91609.0,0.793,0.572,0.793,Yes,ask,395.56,31972.74,131972.74
79.0,2025-02-26,2025-02-26 07:00,2025-03-05 07:00,Short call,96000.0,9.0,0.15,88817.0,87471.0,0.684,0.345,0.684,Yes,ask,353.71,32326.45,132326.45
80.0,2025-02-27,2025-02-27 07:00,2025-03-06 07:00,Short call,97000.0,15.0,0.15,86181.0,91915.0,0.474,0.402,0.474,Yes,ask,-1231.03,31095.42,131095.42
81.0,2025-03-01,2025-03-01 07:00,2025-03-08 07:00,Short put,77000.0,13.0,0.15,85028.0,86442.0,0.505,0.565,0.565,Yes,ask,457.78,31553.2,131553.2
82.0,2025-03-02,2025-03-02 07:00,2025-03-03 09:01,Short call,96000.0,12.0,0.15,86227.0,91259.0,0.69,0.521,0.69,Yes,stop_loss,-1345.02,30208.18,130208.18
83.0,2025-03-04,2025-03-04 07:00,2025-03-11 07:00,Short call,94000.0,10.0,0.15,83824.0,80080.0,0.942,0.717,0.942,Yes,ask,574.22,30782.4,130782.4
84.0,2025-03-08,2025-03-08 07:00,2025-03-15 07:00,Short call,96000.0,13.0,0.15,86442.0,84199.0,0.961,0.74,0.961,Yes,ask,493.54,31275.94,131275.94
85.0,2025-03-09,2025-03-09 07:00,2025-03-16 07:00,Short call,95000.0,12.0,0.15,85871.0,84236.0,0.949,0.754,0.949,Yes,ask,523.09,31799.04,131799.04
86.0,2025-03-10,2025-03-10 07:00,2025-03-17 07:00,Short call,92000.0,11.0,0.15,82316.0,83203.0,0.943,0.765,0.943,Yes,ask,401.91,32200.95,132200.95
87.0,2025-03-11,2025-03-11 07:00,2025-03-18 07:00,Short put,72000.0,10.0,0.15,80080.0,82448.0,0.915,0.931,0.931,Yes,ask,720.67,32921.62,132921.62
88.0,2025-03-12,2025-03-12 07:00,2025-03-19 07:00,Short put,74000.0,9.0,0.15,81466.0,83177.0,0.877,0.936,0.936,Yes,ask,723.92,33645.55,133645.55
89.0,2025-03-13,2025-03-13 07:00,2025-03-20 07:00,Short call,94000.0,15.0,0.15,83278.0,85811.0,0.882,0.875,0.882,Yes,ask,162.04,33807.59,133807.59
90.0,2025-03-14,2025-03-14 07:00,2025-03-21 07:00,Short call,92000.0,14.0,0.15,81977.0,84207.0,0.912,0.741,0.912,Yes,ask,247.72,34055.3,134055.3
91.0,2025-03-15,2025-03-15 07:00,2025-03-22 07:00,Short call,93000.0,13.0,0.15,84199.0,84309.0,0.9,0.656,0.9,Yes,ask,431.08,34486.39,134486.39
92.0,2025-03-16,2025-03-16 07:00,2025-03-23 07:00,Short call,94000.0,12.0,0.15,84236.0,84251.0,0.908,0.588,0.908,Yes,ask,384.72,34871.11,134871.11
93.0,2025-03-20,2025-03-20 07:00,2025-03-27 07:00,Short call,95000.0,15.0,0.15,85811.0,87397.0,0.858,0.789,0.858,Yes,ask,475.56,35346.67,135346.67
94.0,2025-03-21,2025-03-21 07:00,2025-03-28 07:00,Short call,94000.0,14.0,0.15,84207.0,85738.0,0.909,0.693,0.909,Yes,ask,163.95,35510.62,135510.62
95.0,2025-03-22,2025-03-22 07:00,2025-03-29 07:00,Short call,92000.0,13.0,0.15,84309.0,83770.0,0.883,0.509,0.883,Yes,ask,372.27,35882.89,135882.89
96.0,2025-03-23,2025-03-23 07:00,2025-03-30 06:00,Short call,92000.0,12.0,0.15,84251.0,82937.0,0.82,0.54,0.82,Yes,ask,381.77,36264.66,136264.66
97.0,2025-03-27,2025-03-27 07:00,2025-04-03 06:00,Short call,96000.0,15.0,0.15,87397.0,83340.0,0.685,0.606,0.685,Yes,ask,454.16,36718.83,136718.83
98.0,2025-03-28,2025-03-28 07:00,2025-04-04 06:00,Short put,78000.0,14.0,0.15,85738.0,83175.0,0.799,0.824,0.824,Yes,ask,-50.16,36668.66,136668.66
99.0,2025-03-29,2025-03-29 07:00,2025-04-05 06:00,Short put,75000.0,13.0,0.15,83770.0,83662.0,0.831,0.858,0.858,Yes,ask,185.27,36853.93,136853.93
100.0,2025-03-30,2025-03-30 06:00,2025-04-06 06:00,Short call,92000.0,12.1,0.15,82937.0,83414.0,0.839,0.811,0.839,Yes,ask,231.22,37085.15,137085.15
101.0,2025-04-01,2025-04-01 06:00,2025-04-08 06:00,Short call,91000.0,10.1,0.15,82994.0,79843.0,0.895,0.777,0.895,Yes,ask,401.16,37486.32,137486.32
102.0,2025-04-03,2025-04-03 06:00,2025-04-10 06:00,Short call,93000.0,15.1,0.15,83340.0,82137.0,0.909,0.852,0.909,Yes,ask,361.25,37847.57,137847.57
103.0,2025-04-04,2025-04-04 06:00,2025-04-11 06:00,Short put,75000.0,14.1,0.15,83175.0,80748.0,0.884,0.901,0.901,Yes,ask,194.72,38042.29,138042.29
104.0,2025-04-05,2025-04-05 06:00,2025-04-12 06:00,Short put,75000.0,13.1,0.15,83662.0,83311.0,0.848,0.927,0.927,Yes,ask,512.65,38554.94,138554.94
105.0,2025-04-06,2025-04-06 06:00,2025-04-13 06:00,Short put,75000.0,12.1,0.15,83414.0,84500.0,0.86,0.95,0.95,Yes,ask,748.81,39303.74,139303.74
106.0,2025-04-10,2025-04-10 06:00,2025-04-17 06:00,Short put,74000.0,15.1,0.15,82137.0,84391.0,0.729,0.946,0.946,Yes,ask,553.68,39857.43,139857.43
107.0,2025-04-11,2025-04-11 06:00,2025-04-18 06:00,Short put,72000.0,14.1,0.15,80748.0,84759.0,0.781,0.923,0.923,Yes,ask,566.4,40423.82,140423.82
108.0,2025-04-12,2025-04-12 06:00,2025-04-19 06:00,Short put,75000.0,13.1,0.15,83311.0,85076.0,0.789,0.958,0.958,Yes,ask,689.7,41113.53,141113.53
109.0,2025-04-13,2025-04-13 06:00,2025-04-20 06:00,Short put,76000.0,12.1,0.15,84500.0,85098.0,0.798,0.963,0.963,Yes,ask,532.34,41645.87,141645.87
110.0,2025-04-15,2025-04-15 06:00,2025-04-22 06:00,Short put,78000.0,10.1,0.15,85537.0,88391.0,0.757,0.945,0.945,Yes,ask,479.69,42125.55,142125.55
111.0,2025-04-18,2025-04-18 06:00,2025-04-25 06:00,Short put,78000.0,14.1,0.15,84759.0,93238.0,0.587,0.897,0.897,Yes,ask,525.4,42650.95,142650.95
112.0,2025-04-24,2025-04-24 06:00,2025-05-01 06:00,Short put,84000.0,15.1,0.15,92606.0,95153.0,0.854,0.955,0.955,Yes,ask,491.32,43142.27,143142.27
113.0,2025-04-25,2025-04-25 06:00,2025-05-02 06:00,Short put,85000.0,14.1,0.15,93238.0,96808.0,0.788,0.934,0.934,Yes,ask,410.8,43553.08,143553.08
114.0,2025-04-26,2025-04-26 06:00,2025-05-03 06:00,Short put,87000.0,13.1,0.15,94693.0,96465.0,0.881,0.955,0.955,Yes,ask,420.11,43973.19,143973.19
115.0,2025-04-27,2025-04-27 06:00,2025-05-04 06:00,Short put,87000.0,12.1,0.15,93950.0,96065.0,0.909,0.951,0.951,Yes,ask,463.45,44436.63,144436.63
116.0,2025-04-28,2025-04-28 06:00,2025-05-05 06:00,Short put,87000.0,11.1,0.15,94268.0,94742.0,0.86,0.956,0.956,Yes,ask,382.89,44819.52,144819.52
117.0,2025-04-29,2025-04-29 06:00,2025-05-06 06:00,Short put,88000.0,10.1,0.15,94311.0,94323.0,0.856,0.941,0.941,Yes,ask,441.61,45261.13,145261.13
118.0,2025-04-30,2025-04-30 06:00,2025-05-07 06:00,Short put,89000.0,9.1,0.15,94921.0,96366.0,0.749,0.885,0.885,Yes,ask,380.26,45641.38,145641.38
119.0,2025-05-01,2025-05-01 06:00,2025-05-08 06:00,Short put,88000.0,15.1,0.15,95153.0,98808.0,0.583,0.924,0.924,Yes,ask,529.13,46170.51,146170.51
120.0,2025-05-08,2025-05-08 06:00,2025-05-15 06:00,Short put,91000.0,15.1,0.15,98808.0,102395.0,0.769,0.971,0.971,Yes,ask,462.25,46632.76,146632.76
121.0,2025-05-09,2025-05-09 06:00,2025-05-16 06:00,Short put,95000.0,14.1,0.15,102956.0,103983.0,0.822,0.967,0.967,Yes,ask,555.83,47188.59,147188.59
122.0,2025-05-10,2025-05-10 06:00,2025-05-17 06:00,Short put,96000.0,13.1,0.15,103360.0,103377.0,0.841,0.933,0.933,Yes,ask,466.58,47655.17,147655.17
123.0,2025-05-11,2025-05-11 06:00,2025-05-18 06:00,Short put,96000.0,12.1,0.15,103857.0,103699.0,0.883,0.947,0.947,Yes,ask,475.73,48130.9,148130.9
124.0,2025-05-12,2025-05-12 06:00,2025-05-19 06:00,Short put,96000.0,11.1,0.15,103954.0,103054.0,0.858,0.958,0.958,Yes,ask,325.38,48456.28,148456.28
125.0,2025-05-13,2025-05-13 06:00,2025-05-13 09:09,Short put,96000.0,10.1,0.15,102458.0,102955.0,0.726,0.836,0.836,Yes,stop_loss,-1225.78,47230.5,147230.5
126.0,2025-05-14,2025-05-14 06:00,2025-05-21 06:00,Short put,98000.0,9.1,0.15,103906.0,107599.0,0.763,0.917,0.917,Yes,ask,451.51,47682.01,147682.01
127.0,2025-05-16,2025-05-16 06:00,2025-05-23 06:00,Short put,96000.0,14.1,0.15,103983.0,110828.0,0.603,0.906,0.906,Yes,ask,427.25,48109.26,148109.26
128.0,2025-05-17,2025-05-17 06:00,2025-05-24 06:00,Short put,96000.0,13.1,0.15,103377.0,108248.0,0.63,0.931,0.931,Yes,ask,351.1,48460.36,148460.36
129.0,2025-05-18,2025-05-18 06:00,2025-05-25 06:00,Short put,96000.0,12.1,0.15,103699.0,108140.0,0.601,0.947,0.947,Yes,ask,323.35,48783.71,148783.71
130.0,2025-05-20,2025-05-20 06:00,2025-05-27 06:00,Short put,99000.0,10.1,0.15,106132.0,108938.0,0.701,0.962,0.962,Yes,ask,465.79,49249.49,149249.49
131.0,2025-05-22,2025-05-22 06:00,2025-05-29 06:00,Short put,101000.0,15.1,0.15,110846.0,107706.0,0.792,0.96,0.96,Yes,ask,143.11,49392.6,149392.6
132.0,2025-05-29,2025-05-29 06:00,2025-06-05 06:00,Short put,98000.0,15.1,0.15,107706.0,104703.0,0.785,0.906,0.906,Yes,ask,207.39,49599.99,149599.99
133.0,2025-05-30,2025-05-30 06:00,2025-06-06 06:00,Short put,98000.0,14.1,0.15,106112.0,103029.0,0.78,0.871,0.871,Yes,ask,136.24,49736.24,149736.24
134.0,2025-05-31,2025-05-31 06:00,2025-06-07 06:00,Short put,95000.0,13.1,0.15,103575.0,104956.0,0.802,0.908,0.908,Yes,ask,420.61,50156.85,150156.85
135.0,2025-06-01,2025-06-01 06:00,2025-06-08 06:00,Short put,98000.0,12.1,0.15,104581.0,105492.0,0.736,0.916,0.916,Yes,ask,586.88,50743.73,150743.73
136.0,2025-06-02,2025-06-02 06:00,2025-06-09 06:00,Short put,98000.0,11.1,0.15,104873.0,105440.0,0.741,0.941,0.941,Yes,ask,455.13,51198.86,151198.86
137.0,2025-06-03,2025-06-03 06:00,2025-06-10 06:00,Short put,98000.0,10.1,0.15,105504.0,109349.0,0.721,0.903,0.903,Yes,ask,391.15,51590.01,151590.01
138.0,2025-06-05,2025-06-05 06:00,2025-06-12 06:00,Short put,96000.0,15.1,0.15,104703.0,107807.0,0.649,0.915,0.915,Yes,ask,345.78,51935.79,151935.79
139.0,2025-06-06,2025-06-06 06:00,2025-06-13 06:00,Short put,95000.0,14.1,0.15,103029.0,104152.0,0.673,0.899,0.899,Yes,ask,244.69,52180.48,152180.48
140.0,2025-06-07,2025-06-07 06:00,2025-06-14 06:00,Short put,98000.0,13.1,0.15,104956.0,105350.0,0.674,0.955,0.955,Yes,ask,219.63,52400.11,152400.11
141.0,2025-06-08,2025-06-08 06:00,2025-06-15 06:00,Short put,98000.0,12.1,0.15,105492.0,106105.0,0.656,0.942,0.942,Yes,ask,209.73,52609.84,152609.84
142.0,2025-06-09,2025-06-09 06:00,2025-06-16 06:00,Short put,98000.0,11.1,0.15,105440.0,106590.0,0.635,0.911,0.911,Yes,ask,305.69,52915.53,152915.53
143.0,2025-06-10,2025-06-10 06:00,2025-06-17 06:00,Short put,102000.0,10.1,0.15,109349.0,107149.0,0.78,0.886,0.886,Yes,ask,203.34,53118.87,153118.87
144.0,2025-06-12,2025-06-12 06:00,2025-06-19 06:00,Short put,100000.0,15.1,0.15,107807.0,104912.0,0.785,0.863,0.863,Yes,ask,-22.81,53096.05,153096.05
145.0,2025-06-13,2025-06-13 06:00,2025-06-20 06:00,Short put,95000.0,14.1,0.15,104152.0,104562.0,0.726,0.907,0.907,Yes,ask,353.89,53449.94,153449.94
146.0,2025-06-14,2025-06-14 06:00,2025-06-21 06:00,Short put,97000.0,13.1,0.15,105350.0,103443.0,0.819,0.926,0.926,Yes,ask,175.81,53625.75,153625.75
147.0,2025-06-15,2025-06-15 06:00,2025-06-22 06:00,Short put,97000.0,12.1,0.15,106105.0,102892.0,0.819,0.851,0.851,Yes,ask,129.45,53755.21,153755.21
148.0,2025-06-17,2025-06-17 06:00,2025-06-24 06:00,Short put,100000.0,10.1,0.15,107149.0,105471.0,0.789,0.867,0.867,Yes,ask,261.73,54016.93,154016.93
149.0,2025-06-18,2025-06-18 06:00,2025-06-25 06:00,Short call,112000.0,9.1,0.15,105440.0,106295.0,0.85,0.73,0.85,Yes,ask,434.92,54451.85,154451.85
150.0,2025-06-19,2025-06-19 06:00,2025-06-26 06:00,Short call,114000.0,15.1,0.15,104912.0,107701.0,0.878,0.693,0.878,Yes,ask,115.0,54566.86,154566.86
151.0,2025-06-20,2025-06-20 06:00,2025-06-27 06:00,Short call,113000.0,14.1,0.15,104562.0,107365.0,0.896,0.81,0.896,Yes,ask,135.94,54702.8,154702.8
152.0,2025-06-21,2025-06-21 06:00,2025-06-28 06:00,Short call,111000.0,13.1,0.15,103443.0,107363.0,0.859,0.719,0.859,Yes,ask,22.14,54724.94,154724.94
153.0,2025-06-22,2025-06-22 06:00,2025-06-29 06:00,Short call,111000.0,12.1,0.15,102892.0,107358.0,0.707,0.402,0.707,Yes,ask,-53.5,54671.44,154671.44
154.0,2025-06-24,2025-06-24 06:00,2025-07-01 06:00,Short put,99000.0,10.1,0.15,105471.0,106973.0,0.734,0.769,0.769,Yes,ask,511.31,55182.75,155182.75
155.0,2025-06-25,2025-06-25 06:00,2025-07-02 06:00,Short put,100000.0,9.1,0.15,106295.0,106660.0,0.752,0.859,0.859,Yes,ask,354.79,55537.54,155537.54
156.0,2025-06-26,2025-06-26 06:00,2025-07-03 06:00,Short put,100000.0,15.1,0.15,107701.0,109389.0,0.806,0.834,0.834,Yes,ask,384.53,55922.07,155922.07
157.0,2025-06-27,2025-06-27 06:00,2025-07-04 06:00,Short put,100000.0,14.1,0.15,107365.0,109065.0,0.826,0.875,0.875,Yes,ask,351.52,56273.6,156273.6
158.0,2025-06-28,2025-06-28 06:00,2025-07-05 06:00,Short put,101000.0,13.1,0.15,107363.0,108188.0,0.813,0.896,0.896,Yes,ask,288.07,56561.66,156561.66
159.0,2025-06-29,2025-06-29 06:00,2025-07-06 06:00,Short put,100000.0,12.1,0.15,107358.0,108035.0,0.865,0.95,0.95,Yes,ask,310.44,56872.1,156872.1
160.0,2025-06-30,2025-06-30 06:00,2025-07-07 06:00,Short put,102000.0,11.1,0.15,108328.0,109094.0,0.813,0.942,0.942,Yes,ask,378.42,57250.52,157250.52
161.0,2025-07-01,2025-07-01 06:00,2025-07-08 06:00,Short put,101000.0,10.1,0.15,106973.0,108213.0,0.74,0.875,0.875,Yes,ask,352.29,57602.81,157602.81
162.0,2025-07-02,2025-07-02 06:00,2025-07-09 06:00,Short put,101000.0,9.1,0.15,106660.0,108831.0,0.792,0.826,0.826,Yes,ask,345.95,57948.75,157948.75
163.0,2025-07-03,2025-07-03 06:00,2025-07-10 06:00,Short call,120000.0,15.1,0.15,109389.0,111146.0,0.798,0.785,0.798,Yes,ask,148.36,58097.11,158097.11
164.0,2025-07-10,2025-07-10 06:00,2025-07-17 06:00,Short put,104000.0,15.1,0.15,111146.0,118649.0,0.727,0.801,0.801,Yes,ask,485.99,58583.11,158583.11
165.0,2025-07-11,2025-07-11 06:00,2025-07-18 06:00,Short call,130000.0,14.1,0.15,117886.0,120642.0,0.894,0.801,0.894,Yes,ask,2.76,58585.87,158585.87
166.0,2025-07-12,2025-07-12 06:00,2025-07-19 06:00,Short call,126000.0,13.1,0.15,117762.0,118339.0,0.918,0.88,0.918,Yes,ask,294.12,58879.99,158879.99
167.0,2025-07-13,2025-07-13 06:00,2025-07-20 06:00,Short put,110000.0,12.1,0.15,117843.0,117915.0,0.864,0.876,0.876,Yes,ask,283.56,59163.56,159163.56
168.0,2025-07-15,2025-07-15 06:00,2025-07-22 06:00,Short put,109000.0,10.1,0.15,117343.0,117373.0,0.864,0.881,0.881,Yes,ask,478.09,59641.64,159641.64
169.0,2025-07-16,2025-07-16 06:00,2025-07-23 06:00,Short put,111000.0,9.1,0.15,117881.0,118699.0,0.901,0.902,0.902,Yes,ask,380.42,60022.07,160022.07
170.0,2025-07-17,2025-07-17 06:00,2025-07-24 06:00,Short call,129000.0,15.1,0.15,118649.0,117678.0,0.896,0.894,0.896,Yes,ask,431.3,60453.37,160453.37
171.0,2025-07-18,2025-07-18 06:00,2025-07-25 06:00,Short call,132000.0,14.1,0.15,120642.0,115683.0,0.883,0.845,0.883,Yes,ask,645.3,61098.68,161098.68
172.0,2025-07-19,2025-07-19 06:00,2025-07-26 06:00,Short call,128000.0,13.1,0.15,118339.0,117496.0,0.862,0.845,0.862,Yes,ask,383.69,61482.36,161482.36
173.0,2025-07-20,2025-07-20 06:00,2025-07-27 06:00,Short put,110000.0,12.1,0.15,117915.0,118382.0,0.84,0.843,0.843,Yes,ask,283.42,61765.78,161765.78
174.0,2025-07-21,2025-07-21 06:00,2025-07-28 06:00,Short put,111000.0,11.1,0.15,118476.0,119558.0,0.836,0.858,0.858,Yes,ask,395.18,62160.96,162160.96
175.0,2025-07-22,2025-07-22 06:00,2025-07-29 06:00,Short put,110000.0,10.1,0.15,117373.0,118814.0,0.833,0.882,0.882,Yes,ask,382.29,62543.25,162543.25
176.0,2025-07-23,2025-07-23 06:00,2025-07-30 06:00,Short put,112000.0,9.1,0.15,118699.0,117980.0,0.804,0.944,0.944,Yes,ask,353.96,62897.21,162897.21
177.0,2025-07-24,2025-07-24 06:00,2025-07-31 06:00,Short put,108000.0,15.1,0.15,117678.0,118354.0,0.718,0.926,0.926,Yes,ask,435.64,63332.85,163332.85
178.0,2025-07-25,2025-07-25 06:00,2025-08-01 06:00,Short put,105000.0,14.1,0.15,115683.0,115588.0,0.678,0.92,0.92,Yes,ask,441.22,63774.07,163774.07
179.0,2025-07-26,2025-07-26 06:00,2025-08-02 06:00,Short put,110000.0,13.1,0.15,117496.0,113944.0,0.643,0.857,0.857,Yes,ask,-79.72,63694.36,163694.36
180.0,2025-07-31,2025-07-31 06:00,2025-08-07 06:00,Short call,128000.0,15.1,0.15,118354.0,114638.0,0.831,0.811,0.831,Yes,ask,445.63,64139.98,164139.98
181.0,2025-08-01,2025-08-01 06:00,2025-08-08 06:00,Short put,108000.0,14.1,0.15,115588.0,116632.0,0.723,0.912,0.912,Yes,ask,414.64,64554.62,164554.62
182.0,2025-08-02,2025-08-02 06:00,2025-08-09 06:00,Short put,106000.0,13.1,0.15,113944.0,116792.0,0.63,0.887,0.887,Yes,ask,442.6,64997.22,164997.22
183.0,2025-08-03,2025-08-03 06:00,2025-08-10 06:00,Short put,105000.0,12.1,0.15,113604.0,118061.0,0.537,0.833,0.833,Yes,ask,522.48,65519.7,165519.7
184.0,2025-08-05,2025-08-05 06:00,2025-08-12 06:00,Short put,108000.0,10.1,0.15,114405.0,118816.0,0.561,0.899,0.899,Yes,ask,403.01,65922.71,165922.71
185.0,2025-08-07,2025-08-07 06:00,2025-08-14 06:00,Short put,108000.0,15.1,0.15,114638.0,122151.0,0.682,0.88,0.88,Yes,ask,433.69,66356.4,166356.4
186.0,2025-08-08,2025-08-08 06:00,2025-08-15 06:00,Short put,109000.0,14.1,0.15,116632.0,119077.0,0.793,0.91,0.91,Yes,ask,299.65,66656.05,166656.05
187.0,2025-08-09,2025-08-09 06:00,2025-08-16 06:00,Short put,110000.0,13.1,0.15,116792.0,117715.0,0.707,0.915,0.915,Yes,ask,174.0,66830.05,166830.05
188.0,2025-08-10,2025-08-10 06:00,2025-08-17 06:00,Short put,112000.0,12.1,0.15,118061.0,118085.0,0.573,0.804,0.804,Yes,ask,107.77,66937.82,166937.82
189.0,2025-08-12,2025-08-12 06:00,2025-08-19 06:00,Short put,113000.0,10.1,0.15,118816.0,115011.0,0.604,0.68,0.68,Yes,ask,-349.2,66588.62,166588.62
190.0,2025-08-15,2025-08-15 06:00,2025-08-22 06:00,Short call,128000.0,14.1,0.15,119077.0,113280.0,0.784,0.554,0.784,Yes,ask,409.35,66997.97,166997.97
191.0,2025-08-16,2025-08-16 06:00,2025-08-23 06:00,Short call,126000.0,13.1,0.15,117715.0,115909.0,0.872,0.725,0.872,Yes,ask,341.42,67339.39,167339.39
192.0,2025-08-17,2025-08-17 06:00,2025-08-24 06:00,Short call,126000.0,12.1,0.15,118085.0,114949.0,0.902,0.823,0.902,Yes,ask,405.14,67744.53,167744.53
193.0,2025-08-18,2025-08-18 06:00,2025-08-25 06:00,Short call,123000.0,11.1,0.15,115764.0,112344.0,0.878,0.762,0.878,Yes,ask,375.07,68119.6,168119.6
194.0,2025-08-19,2025-08-19 06:00,2025-08-26 06:00,Short call,122000.0,10.1,0.15,115011.0,110224.0,0.862,0.648,0.862,Yes,ask,432.11,68551.71,168551.71
195.0,2025-08-21,2025-08-21 06:00,2025-08-28 06:00,Short call,123000.0,15.1,0.15,113975.0,112867.0,0.916,0.658,0.916,Yes,ask,346.38,68898.09,168898.09
196.0,2025-08-22,2025-08-22 06:00,2025-08-29 06:00,Short call,123000.0,14.1,0.15,113280.0,111286.0,0.913,0.816,0.913,Yes,ask,385.63,69283.72,169283.72
197.0,2025-08-25,2025-08-25 06:00,2025-09-01 06:00,Short call,120000.0,11.1,0.15,112344.0,107870.0,0.886,0.594,0.886,Yes,ask,413.27,69696.98,169696.98
198.0,2025-08-26,2025-08-26 06:00,2025-09-02 06:00,Short call,118000.0,10.1,0.15,110224.0,110220.0,0.914,0.819,0.914,Yes,ask,353.29,70050.27,170050.27
199.0,2025-08-27,2025-08-27 06:00,2025-09-03 06:00,Short call,118000.0,9.1,0.15,111408.0,110717.0,0.893,0.834,0.893,Yes,ask,351.97,70402.24,170402.24
200.0,2025-08-28,2025-08-28 06:00,2025-09-04 06:00,Short put,104000.0,15.1,0.15,112867.0,110691.0,0.848,0.895,0.895,Yes,ask,25.62,70427.86,170427.86
201.0,2025-08-29,2025-08-29 06:00,2025-09-05 06:00,Short put,104000.0,14.1,0.15,111286.0,111614.0,0.86,0.874,0.874,Yes,ask,334.34,70762.2,170762.2
202.0,2025-08-30,2025-08-30 06:00,2025-09-06 06:00,Short call,116000.0,13.1,0.15,108366.0,110738.0,0.926,0.867,0.926,Yes,ask,77.76,70839.96,170839.96
203.0,2025-08-31,2025-08-31 06:00,2025-09-07 06:00,Short call,117000.0,12.1,0.15,108781.0,110697.0,0.957,0.909,0.957,Yes,ask,213.52,71053.48,171053.48
204.0,2025-09-01,2025-09-01 06:00,2025-09-08 06:00,Short call,116000.0,11.1,0.15,107870.0,111023.0,0.965,0.955,0.965,Yes,ask,163.97,71217.45,171217.45
205.0,2025-09-02,2025-09-02 06:00,2025-09-09 06:00,Short put,104000.0,10.1,0.15,110220.0,112233.0,0.944,0.956,0.956,Yes,ask,582.17,71799.62,171799.62
206.0,2025-09-03,2025-09-03 06:00,2025-09-10 06:00,Short put,104000.0,9.1,0.15,110717.0,111596.0,0.912,0.928,0.928,Yes,ask,456.79,72256.41,172256.41
207.0,2025-09-04,2025-09-04 06:00,2025-09-11 06:00,Short put,102000.0,15.1,0.15,110691.0,114312.0,0.909,0.936,0.936,Yes,ask,612.76,72869.17,172869.17
208.0,2025-09-05,2025-09-05 06:00,2025-09-12 06:00,Short put,102000.0,14.1,0.15,111614.0,115710.0,0.897,0.906,0.906,Yes,ask,501.53,73370.7,173370.7
209.0,2025-09-08,2025-09-08 06:00,2025-09-15 06:00,Short put,104000.0,11.1,0.15,111023.0,116608.0,0.841,0.916,0.916,Yes,ask,539.95,73910.65,173910.65
210.0,2025-09-09,2025-09-09 06:00,2025-09-16 06:00,Short put,105000.0,10.1,0.15,112233.0,115953.0,0.752,0.906,0.906,Yes,ask,448.09,74358.73,174358.73
211.0,2025-09-11,2025-09-11 06:00,2025-09-18 06:00,Short put,106000.0,15.1,0.15,114312.0,117377.0,0.827,0.873,0.873,Yes,ask,441.77,74800.51,174800.51
212.0,2025-09-12,2025-09-12 06:00,2025-09-19 06:00,Short put,108000.0,14.1,0.15,115710.0,116991.0,0.81,0.838,0.838,Yes,ask,346.48,75146.99,175146.99
213.0,2025-09-13,2025-09-13 06:00,2025-09-20 06:00,Short call,124000.0,13.1,0.15,115821.0,115802.0,0.899,0.84,0.899,Yes,ask,366.24,75513.23,175513.23
214.0,2025-09-14,2025-09-14 06:00,2025-09-21 06:00,Short call,124000.0,12.1,0.15,115931.0,115759.0,0.893,0.887,0.893,Yes,ask,286.8,75800.03,175800.03
215.0,2025-09-15,2025-09-15 06:00,2025-09-22 06:00,Short put,110000.0,11.1,0.15,116608.0,114027.0,0.865,0.869,0.869,Yes,ask,82.89,75882.92,175882.92
216.0,2025-09-22,2025-09-22 06:00,2025-09-29 06:00,Short call,120000.0,11.1,0.15,114027.0,111804.0,0.858,0.74,0.858,Yes,ask,530.68,76413.6,176413.6
217.0,2025-09-23,2025-09-23 06:00,2025-09-30 06:00,Short call,119000.0,10.1,0.15,112750.0,113948.0,0.837,0.836,0.837,Yes,ask,249.19,76662.79,176662.79
218.0,2025-10-02,2025-10-02 06:00,2025-10-09 06:00,Short put,110000.0,15.1,0.15,118450.0,122136.0,0.747,0.968,0.968,Yes,ask,443.95,77106.73,177106.73
219.0,2025-10-03,2025-10-03 06:00,2025-10-10 06:00,Short put,112000.0,14.1,0.15,120017.0,121672.0,0.774,0.974,0.974,Yes,ask,358.02,77464.76,177464.76
220.0,2025-10-11,2025-10-11 06:00,2025-10-18 06:00,Short call,123000.0,13.1,0.15,112521.0,106863.0,0.915,0.328,0.915,Yes,ask,636.85,78101.61,178101.61
221.0,2025-10-12,2025-10-12 06:00,2025-10-19 06:00,Short call,123000.0,12.1,0.15,111800.0,106914.0,0.936,0.493,0.936,Yes,ask,632.79,78734.4,178734.4
222.0,2025-10-13,2025-10-13 06:00,2025-10-20 06:00,Short call,125000.0,11.1,0.15,114702.0,111061.0,0.935,0.82,0.935,Yes,ask,508.95,79243.35,179243.35
223.0,2025-10-16,2025-10-16 06:00,2025-10-23 06:00,Short call,122000.0,15.1,0.15,110995.0,108989.0,0.947,0.893,0.947,Yes,ask,438.8,79682.16,179682.16
224.0,2025-10-17,2025-10-17 06:00,2025-10-24 06:00,Short call,120000.0,14.1,0.15,108461.0,111316.0,0.941,0.859,0.941,Yes,ask,273.96,79956.12,179956.12
225.0,2025-10-19,2025-10-19 06:00,2025-10-26 07:00,Short put,98000.0,12.1,0.15,106914.0,111646.0,0.751,0.968,0.968,Yes,ask,801.01,80757.14,180757.14
226.0,2025-10-20,2025-10-20 06:00,2025-10-27 07:00,Short put,102000.0,11.1,0.15,111061.0,116063.0,0.877,0.97,0.97,Yes,ask,707.73,81464.87,181464.87
227.0,2025-10-23,2025-10-23 06:00,2025-10-30 07:00,Short put,98000.0,15.1,0.15,108989.0,110782.0,0.903,0.972,0.972,Yes,ask,541.24,82006.11,182006.11
228.0,2025-10-24,2025-10-24 06:00,2025-10-31 07:00,Short put,102000.0,14.1,0.15,111316.0,109663.0,0.907,0.975,0.975,Yes,ask,297.96,82304.07,182304.07
229.0,2025-10-25,2025-10-25 06:00,2025-11-01 07:00,Short put,103000.0,13.1,0.15,111402.0,109940.0,0.852,0.974,0.974,Yes,ask,384.47,82688.53,182688.53
230.0,2025-10-26,2025-10-26 07:00,2025-11-02 07:00,Short put,103000.0,12.0,0.15,111646.0,110648.0,0.851,0.964,0.964,Yes,ask,416.44,83104.98,183104.98
231.0,2025-11-03,2025-11-03 07:00,2025-11-10 07:00,Short put,100000.0,11.0,0.15,107475.0,106206.0,0.812,0.887,0.887,Yes,ask,402.8,83507.78,183507.78
232.0,2025-11-04,2025-11-04 07:00,2025-11-11 07:00,Short call,113000.0,10.0,0.15,104741.0,105242.0,0.913,0.653,0.913,Yes,ask,449.0,83956.78,183956.78
233.0,2025-11-06,2025-11-06 07:00,2025-11-13 07:00,Short call,113000.0,15.0,0.15,103299.0,103603.0,0.917,0.802,0.917,Yes,ask,299.68,84256.46,184256.46
234.0,2025-11-07,2025-11-07 07:00,2025-11-14 07:00,Short call,112000.0,14.0,0.15,101791.0,97512.0,0.923,0.809,0.923,Yes,ask,376.67,84633.13,184633.13
235.0,2025-11-18,2025-11-18 07:00,2025-11-25 07:00,Short call,98000.0,10.0,0.15,89546.0,87987.0,0.935,0.935,0.935,Yes,ask,450.27,85083.4,185083.4
236.0,2025-11-20,2025-11-20 07:00,2025-11-27 07:00,Short put,84000.0,15.0,0.15,91891.0,91232.0,0.921,0.964,0.964,Yes,ask,428.01,85511.41,185511.41
237.0,2025-11-21,2025-11-21 07:00,2025-11-28 07:00,Short put,78000.0,14.0,0.15,85473.0,91263.0,0.932,0.957,0.957,Yes,ask,1004.42,86515.83,186515.83
238.0,2025-11-24,2025-11-24 07:00,2025-12-01 07:00,Short put,78000.0,11.0,0.15,86877.0,86251.0,0.902,0.969,0.969,Yes,ask,358.92,86874.75,186874.75
239.0,2025-11-25,2025-11-25 07:00,2025-12-02 07:00,Short put,80000.0,10.0,0.15,87987.0,87100.0,0.894,0.965,0.965,Yes,ask,389.77,87264.53,187264.53
240.0,2025-11-27,2025-11-27 07:00,2025-12-04 07:00,Short put,82000.0,15.0,0.15,91232.0,93156.0,0.881,0.937,0.937,Yes,ask,506.73,87771.25,187771.25
241.0,2025-11-28,2025-11-28 07:00,2025-12-05 07:00,Short put,82000.0,14.0,0.15,91263.0,92355.0,0.836,0.95,0.95,Yes,ask,427.18,88198.43,188198.43
242.0,2025-11-29,2025-11-29 07:00,2025-12-06 07:00,Short put,82000.0,13.0,0.15,90592.0,89707.0,0.688,0.967,0.967,Yes,ask,375.71,88574.14,188574.14
243.0,2025-11-30,2025-11-30 07:00,2025-12-07 07:00,Short put,83000.0,12.0,0.15,90930.0,89720.0,0.671,0.969,0.969,Yes,ask,343.28,88917.43,188917.43
244.0,2025-12-01,2025-12-01 07:00,2025-12-08 07:00,Short put,78000.0,11.0,0.15,86251.0,91487.0,0.626,0.94,0.94,Yes,ask,676.98,89594.41,189594.41
245.0,2025-12-02,2025-12-02 07:00,2025-12-09 07:00,Short put,80000.0,10.0,0.15,87100.0,90181.0,0.775,0.943,0.943,Yes,ask,686.17,90280.57,190280.57
246.0,2025-12-03,2025-12-03 07:00,2025-12-10 07:00,Short put,86000.0,9.0,0.15,93487.0,92725.0,0.828,0.927,0.927,Yes,ask,469.52,90750.09,190750.09
247.0,2025-12-04,2025-12-04 07:00,2025-12-11 07:00,Short put,84000.0,15.0,0.15,93156.0,90332.0,0.71,0.9,0.9,Yes,ask,168.85,90918.94,190918.94
248.0,2025-12-05,2025-12-05 07:00,2025-12-12 07:00,Short put,83000.0,14.0,0.15,92355.0,92534.0,0.772,0.931,0.931,Yes,ask,443.34,91362.27,191362.27
249.0,2025-12-06,2025-12-06 07:00,2025-12-13 07:00,Short put,82000.0,13.0,0.15,89707.0,90373.0,0.847,0.881,0.881,Yes,ask,618.0,91980.27,191980.27
250.0,2025-12-07,2025-12-07 07:00,2025-12-14 07:00,Short put,82000.0,12.0,0.15,89720.0,90179.0,0.817,0.876,0.876,Yes,ask,627.41,92607.68,192607.68
251.0,2025-12-08,2025-12-08 07:00,2025-12-15 07:00,Short put,83000.0,11.0,0.15,91487.0,89765.0,0.827,0.908,0.908,Yes,ask,480.17,93087.85,193087.85
252.0,2025-12-09,2025-12-09 07:00,2025-12-16 07:00,Short put,82000.0,10.0,0.15,90181.0,86494.0,0.616,0.909,0.909,Yes,ask,231.16,93319.0,193319.0
253.0,2025-12-11,2025-12-11 07:00,2025-12-18 07:00,Short call,100000.0,15.0,0.15,90332.0,86637.0,0.706,0.705,0.706,Yes,ask,346.99,93666.0,193666.0
254.0,2025-12-12,2025-12-12 07:00,2025-12-19 07:00,Short put,84000.0,14.0,0.15,92534.0,87417.0,0.713,0.738,0.738,Yes,ask,-303.72,93362.28,193362.28
255.0,2025-12-13,2025-12-13 07:00,2025-12-20 07:00,Short put,82000.0,13.0,0.15,90373.0,88283.0,0.723,0.892,0.892,Yes,ask,278.31,93640.58,193640.58
256.0,2025-12-14,2025-12-14 07:00,2025-12-21 07:00,Short put,82000.0,12.0,0.15,90179.0,88081.0,0.732,0.922,0.922,Yes,ask,295.41,93935.99,193935.99
257.0,2025-12-15,2025-12-15 07:00,2025-12-22 07:00,Short put,82000.0,11.0,0.15,89765.0,88884.0,0.829,0.951,0.951,Yes,ask,343.32,94279.32,194279.32
258.0,2025-12-16,2025-12-16 07:00,2025-12-23 07:00,Short put,80000.0,10.0,0.15,86494.0,87365.0,0.851,0.92,0.92,Yes,ask,543.39,94822.71,194822.71
259.0,2025-12-17,2025-12-17 07:00,2025-12-24 07:00,Short put,80000.0,9.0,0.15,86759.0,86962.0,0.802,0.93,0.93,Yes,ask,411.18,95233.89,195233.89
260.0,2025-12-18,2025-12-18 07:00,2025-12-25 07:00,Short call,95000.0,15.0,0.15,86637.0,87796.0,0.906,0.898,0.906,Yes,ask,283.39,95517.28,195517.28
261.0,2025-12-19,2025-12-19 07:00,2025-12-26 07:00,Short put,80000.0,14.0,0.15,87417.0,89064.0,0.9,0.942,0.942,Yes,ask,557.61,96074.89,196074.89
262.0,2025-12-20,2025-12-20 07:00,2025-12-27 07:00,Short put,80000.0,13.0,0.15,88283.0,87451.0,0.859,0.953,0.953,Yes,ask,330.94,96405.83,196405.83
263.0,2025-12-21,2025-12-21 07:00,2025-12-28 07:00,Short put,80000.0,12.0,0.15,88081.0,87689.0,0.822,0.971,0.971,Yes,ask,305.03,96710.86,196710.86
264.0,2025-12-22,2025-12-22 07:00,2025-12-29 07:00,Short put,82000.0,11.0,0.15,88884.0,89715.0,0.828,0.981,0.981,Yes,ask,395.23,97106.09,197106.09
265.0,2025-12-23,2025-12-23 07:00,2025-12-30 07:00,Short put,82000.0,10.0,0.15,87365.0,87350.0,0.783,0.985,0.985,Yes,ask,457.24,97563.33,197563.33
266.0,2025-12-24,2025-12-24 07:00,2025-12-31 07:00,Short put,82000.0,9.0,0.15,86962.0,88437.0,0.736,0.976,0.976,Yes,ask,455.25,98018.58,198018.58
267.0,2025-12-25,2025-12-25 07:00,2026-01-01 07:00,Short put,80000.0,15.0,0.15,87796.0,87571.0,0.716,0.967,0.967,Yes,ask,212.27,98230.85,198230.85
268.0,2025-12-26,2025-12-26 07:00,2026-01-02 07:00,Short put,82000.0,14.0,0.15,89064.0,88862.0,0.64,0.969,0.969,Yes,ask,268.92,98499.78,198499.78
269.0,2025-12-27,2025-12-27 07:00,2026-01-03 07:00,Short put,80000.0,13.0,0.15,87451.0,89854.0,0.564,0.955,0.955,Yes,ask,300.58,98800.36,198800.36
270.0,2025-12-28,2025-12-28 07:00,2026-01-04 07:00,Short put,82000.0,12.0,0.15,87689.0,91224.0,0.647,0.946,0.946,Yes,ask,464.1,99264.46,199264.46
271.0,2025-12-29,2025-12-29 07:00,2026-01-05 07:00,Short put,83000.0,11.0,0.15,89715.0,92463.0,0.634,0.934,0.934,Yes,ask,372.39,99636.85,199636.85
272.0,2026-01-01,2026-01-01 07:00,2026-01-08 07:00,Short put,80000.0,15.0,0.15,87571.0,89752.0,0.73,0.971,0.971,Yes,ask,335.95,99972.8,199972.8
273.0,2026-01-02,2026-01-02 07:00,2026-01-09 07:00,Short put,82000.0,14.0,0.15,88862.0,91041.0,0.829,0.963,0.963,Yes,ask,386.54,100359.34,200359.34
274.0,2026-01-03,2026-01-03 07:00,2026-01-10 07:00,Short put,82000.0,13.0,0.15,89854.0,90429.0,0.625,0.952,0.952,Yes,ask,344.43,100703.77,200703.77
275.0,2026-01-04,2026-01-04 07:00,2026-01-11 07:00,Short put,84000.0,12.0,0.15,91224.0,90654.0,0.679,0.96,0.96,Yes,ask,366.74,101070.51,201070.51
276.0,2026-01-05,2026-01-05 07:00,2026-01-12 07:00,Short put,85000.0,11.0,0.15,92463.0,91736.0,0.725,0.973,0.973,Yes,ask,288.82,101359.33,201359.33
277.0,2026-01-06,2026-01-06 07:00,2026-01-13 07:00,Short put,87000.0,10.0,0.15,93770.0,92090.0,0.861,0.983,0.983,Yes,ask,322.6,101681.93,201681.93
278.0,2026-01-09,2026-01-09 07:00,2026-01-16 07:00,Short put,84000.0,14.0,0.15,91041.0,95742.0,0.7,0.95,0.95,Yes,ask,501.7,102183.63,202183.63
279.0,2026-01-11,2026-01-11 07:00,2026-01-18 07:00,Short put,84000.0,12.0,0.15,90654.0,95152.0,0.682,0.942,0.942,Yes,ask,417.17,102600.8,202600.8
280.0,2026-01-12,2026-01-12 07:00,2026-01-19 07:00,Short put,85000.0,11.0,0.15,91736.0,92549.0,0.69,0.949,0.949,Yes,ask,341.22,102942.02,202942.02
281.0,2026-01-13,2026-01-13 07:00,2026-01-20 07:00,Short put,86000.0,10.0,0.15,92090.0,90848.0,0.667,0.911,0.911,Yes,ask,197.47,103139.49,203139.49
282.0,2026-01-21,2026-01-21 07:00,2026-01-28 07:00,Short put,82000.0,9.0,0.15,89566.0,89241.0,0.782,0.909,0.909,Yes,ask,360.0,103499.49,203499.49
283.0,2026-01-22,2026-01-22 07:00,2026-01-29 07:00,Short call,98000.0,15.0,0.15,90087.0,88240.0,0.807,0.78,0.807,Yes,ask,324.99,103824.48,203824.48
284.0,2026-02-05,2026-02-05 07:00,2026-02-12 07:00,Short call,80000.0,15.0,0.15,70816.0,67038.0,0.939,0.731,0.939,Yes,ask,449.81,104274.29,204274.29
285.0,2026-02-06,2026-02-06 07:00,2026-02-13 07:00,Short call,74000.0,14.0,0.15,64888.0,66323.0,0.934,0.801,0.934,Yes,ask,431.76,104706.05,204706.05
286.0,2026-02-07,2026-02-07 07:00,2026-02-14 07:00,Short call,77000.0,13.0,0.15,68891.0,68889.0,0.961,0.785,0.961,Yes,ask,363.33,105069.38,205069.38
287.0,2026-02-08,2026-02-08 07:00,2026-02-15 07:00,Short call,77000.0,12.0,0.15,69302.0,70377.0,0.968,0.921,0.968,Yes,ask,344.81,105414.19,205414.19
288.0,2026-02-09,2026-02-09 07:00,2026-02-16 07:00,Short call,78000.0,11.0,0.15,70613.0,68423.0,0.968,0.945,0.968,Yes,ask,375.87,105790.06,205790.06
289.0,2026-02-10,2026-02-10 07:00,2026-02-17 07:00,Short call,76000.0,10.0,0.15,68872.0,68372.0,0.972,0.912,0.972,Yes,ask,338.03,106128.09,206128.09
290.0,2026-02-11,2026-02-11 07:00,2026-02-18 07:00,Short call,73000.0,9.0,0.15,66761.0,67808.0,0.966,0.926,0.966,Yes,ask,315.56,106443.65,206443.65
291.0,2026-02-12,2026-02-12 07:00,2026-02-19 07:00,Short call,75000.0,15.0,0.15,67038.0,67123.0,0.967,0.913,0.967,Yes,ask,221.21,106664.86,206664.86
292.0,2026-02-13,2026-02-13 07:00,2026-02-20 07:00,Short put,58000.0,14.0,0.15,66323.0,67822.0,0.837,0.926,0.926,Yes,ask,239.42,106904.29,206904.29
293.0,2026-02-14,2026-02-14 07:00,2026-02-21 07:00,Short put,62000.0,13.0,0.15,68889.0,67772.0,0.878,0.918,0.918,Yes,ask,219.67,107123.95,207123.95
294.0,2026-02-15,2026-02-15 07:00,2026-02-22 07:00,Short call,76000.0,12.0,0.15,70377.0,68026.0,0.918,0.865,0.918,Yes,ask,406.68,107530.63,207530.63
295.0,2026-02-16,2026-02-16 07:00,2026-02-23 07:00,Short call,75000.0,11.0,0.15,68423.0,65733.0,0.912,0.724,0.912,Yes,ask,372.23,107902.86,207902.86
296.0,2026-02-19,2026-02-19 07:00,2026-02-26 07:00,Short call,75000.0,15.0,0.15,67123.0,68141.0,0.952,0.874,0.952,Yes,ask,116.36,108019.22,208019.22
297.0,2026-02-20,2026-02-20 07:00,2026-02-27 07:00,Short put,60000.0,14.0,0.15,67822.0,67654.0,0.842,0.9,0.9,Yes,ask,279.29,108298.51,208298.51
298.0,2026-02-21,2026-02-21 07:00,2026-02-24 04:16,Short put,60000.0,13.0,0.15,67772.0,62958.0,0.809,0.841,0.841,Yes,stop_loss,-1058.28,107240.23,207240.23
299.0,2026-02-22,2026-02-22 07:00,2026-03-01 07:00,Short put,62000.0,12.0,0.15,68026.0,66931.0,0.871,0.933,0.933,Yes,ask,84.55,107324.78,207324.78
300.0,2026-02-23,2026-02-23 07:00,2026-03-02 07:00,Short put,58000.0,11.0,0.15,65733.0,66207.0,0.83,0.881,0.881,Yes,ask,307.47,107632.25,207632.25
301.0,2026-02-26,2026-02-26 07:00,2026-03-05 07:00,Short put,60000.0,15.0,0.15,68141.0,72562.0,0.701,0.903,0.903,Yes,ask,437.95,108070.21,208070.21
302.0,2026-02-27,2026-02-27 07:00,2026-03-06 07:00,Short put,60000.0,14.0,0.15,67654.0,70597.0,0.524,0.93,0.93,Yes,ask,397.74,108467.95,208467.95
303.0,2026-03-01,2026-03-01 07:00,2026-03-08 07:00,Short put,60000.0,12.0,0.15,66931.0,67163.0,0.814,0.863,0.863,Yes,ask,326.9,108794.85,208794.85
304.0,2026-03-02,2026-03-02 07:00,2026-03-09 07:00,Short put,58000.0,11.0,0.15,66207.0,67253.0,0.833,0.942,0.942,Yes,ask,281.61,109076.46,209076.46
305.0,2026-03-03,2026-03-03 07:00,2026-03-10 07:00,Short put,61000.0,10.0,0.15,68103.0,69941.0,0.526,0.947,0.947,Yes,ask,470.88,109547.34,209547.34
306.0,2026-03-05,2026-03-05 07:00,2026-03-12 07:00,Short put,64000.0,15.0,0.15,72562.0,69497.0,0.716,0.972,0.972,Yes,ask,0.95,109548.29,209548.29
307.0,2026-03-06,2026-03-06 07:00,2026-03-13 07:00,Short put,63000.0,14.0,0.15,70597.0,71321.0,0.76,0.97,0.97,Yes,ask,435.11,109983.4,209983.4
308.0,2026-03-07,2026-03-07 07:00,2026-03-14 07:00,Short put,60000.0,13.0,0.15,67693.0,70640.0,0.845,0.975,0.975,Yes,ask,454.66,110438.06,210438.06
309.0,2026-03-08,2026-03-08 07:00,2026-03-15 07:00,Short put,60000.0,12.0,0.15,67163.0,71468.0,0.758,0.991,0.991,Yes,ask,654.54,111092.6,211092.6
310.0,2026-03-10,2026-03-10 07:00,2026-03-17 07:00,Short put,63000.0,10.0,0.15,69941.0,74087.0,0.76,0.979,0.979,Yes,ask,505.58,111598.18,211598.18
311.0,2026-03-12,2026-03-12 07:00,2026-03-19 07:00,Short put,62000.0,15.0,0.15,69497.0,70588.0,0.784,0.974,0.974,Yes,ask,447.08,112045.26,212045.26
312.0,2026-03-13,2026-03-13 07:00,2026-03-20 07:00,Short put,64000.0,14.0,0.15,71321.0,70491.0,0.831,0.972,0.972,Yes,ask,333.97,112379.23,212379.23
313.0,2026-03-14,2026-03-14 07:00,2026-03-21 07:00,Short put,62000.0,13.0,0.15,70640.0,70770.0,0.722,0.983,0.983,Yes,ask,345.97,112725.2,212725.2
314.0,2026-03-19,2026-03-19 07:00,2026-03-26 07:00,Short put,64000.0,15.0,0.15,70588.0,70062.0,0.735,0.973,0.973,Yes,ask,434.73,113159.93,213159.93
315.0,2026-03-20,2026-03-20 07:00,2026-03-27 07:00,Short put,64000.0,14.0,0.15,70491.0,68622.0,0.723,0.978,0.978,Yes,ask,202.08,113362.01,213362.01
316.0,2026-03-23,2026-03-23 07:00,2026-03-30 06:00,Short put,60000.0,11.0,0.15,67857.0,67441.0,0.825,0.98,0.98,Yes,ask,401.71,113763.72,213763.72
317.0,2026-03-27,2026-03-27 07:00,2026-04-03 06:00,Short put,60000.0,14.0,0.15,68622.0,66606.0,0.729,0.985,0.985,Yes,ask,241.36,114005.08,214005.08
318.0,2026-03-28,2026-03-28 07:00,2026-04-04 06:00,Short put,60000.0,13.0,0.15,66351.0,66905.0,0.818,0.981,0.981,Yes,ask,582.81,114587.88,214587.88
319.0,2026-03-29,2026-03-29 06:00,2026-04-05 06:00,Short put,60000.0,12.1,0.15,66728.0,66920.0,0.82,0.981,0.981,Yes,ask,493.66,115081.54,215081.54
320.0,2026-03-30,2026-03-30 06:00,2026-04-06 06:00,Short put,60000.0,11.1,0.15,67441.0,69177.0,0.778,0.988,0.988,Yes,ask,456.25,115537.79,215537.79
321.0,2026-03-31,2026-03-31 06:00,2026-04-07 06:00,Short put,60000.0,10.1,0.15,67630.0,68662.0,0.854,0.989,0.989,Yes,ask,439.84,115977.62,215977.62
322.0,2026-04-02,2026-04-02 06:00,2026-04-09 06:00,Short put,60000.0,15.1,0.15,66584.0,70996.0,0.732,0.972,0.972,Yes,ask,714.09,116691.72,216691.72
323.0,2026-04-06,2026-04-06 06:00,2026-04-13 06:00,Short put,63000.0,11.1,0.15,69177.0,70896.0,0.716,0.98,0.98,Yes,ask,356.5,117048.22,217048.22
324.0,2026-04-09,2026-04-09 06:00,2026-04-16 06:00,Short put,64000.0,15.1,0.15,70996.0,75059.0,0.456,0.966,0.966,Yes,ask,390.11,117438.33,217438.33
325.0,2026-04-10,2026-04-10 06:00,2026-04-17 06:00,Short put,66000.0,14.1,0.15,72116.0,74656.0,0.412,0.975,0.975,Yes,ask,377.64,117815.97,217815.97
326.0,2026-04-11,2026-04-11 06:00,2026-04-18 06:00,Short put,67000.0,13.1,0.15,72757.0,77167.0,0.499,0.98,0.98,Yes,ask,435.93,118251.9,218251.9
327.0,2026-04-12,2026-04-12 06:00,2026-04-19 06:00,Short put,65000.0,12.1,0.15,71734.0,75580.0,0.378,0.979,0.979,Yes,ask,349.83,118601.72,218601.72
328.0,2026-04-13,2026-04-13 06:00,2026-04-20 06:00,Short put,65000.0,11.1,0.15,70896.0,74297.0,0.513,0.967,0.967,Yes,ask,388.06,118989.79,218989.79
329.0,2026-04-14,2026-04-14 06:00,2026-04-21 06:00,Short put,68000.0,10.1,0.15,74241.0,75836.0,0.543,0.962,0.962,Yes,ask,299.76,119289.55,219289.55
330.0,2026-04-16,2026-04-16 06:00,2026-04-23 06:00,Short put,68000.0,15.1,0.15,75059.0,78049.0,0.589,0.948,0.948,Yes,ask,379.12,119668.67,219668.67
331.0,2026-04-17,2026-04-17 06:00,2026-04-24 06:00,Short put,68000.0,14.1,0.15,74656.0,77963.0,0.501,0.946,0.946,Yes,ask,319.21,119987.88,219987.88
332.0,2026-04-18,2026-04-18 06:00,2026-04-25 06:00,Short put,71000.0,13.1,0.15,77167.0,77542.0,0.75,0.961,0.961,Yes,ask,432.26,120420.14,220420.14
333.0,2026-04-19,2026-04-19 06:00,2026-04-26 06:00,Short put,69000.0,12.1,0.15,75580.0,78007.0,0.641,0.976,0.976,Yes,ask,481.4,120901.54,220901.54
334.0,2026-04-21,2026-04-21 06:00,2026-04-28 06:00,Short put,70000.0,10.1,0.15,75836.0,76883.0,0.666,0.976,0.976,Yes,ask,416.86,121318.4,221318.4
335.0,2026-04-23,2026-04-23 06:00,2026-04-30 06:00,Short put,71000.0,15.1,0.15,78049.0,75569.0,0.733,0.979,0.979,Yes,ask,99.85,121418.24,221418.24
336.0,2026-04-24,2026-04-24 06:00,2026-05-01 06:00,Short put,71000.0,14.1,0.15,77963.0,77133.0,0.714,0.979,0.979,Yes,ask,313.65,121731.89,221731.89
337.0,2026-04-25,2026-04-25 06:00,2026-05-02 06:00,Short put,72000.0,13.1,0.15,77542.0,78180.0,0.738,0.952,0.952,Yes,ask,335.27,122067.16,222067.16
338.0,2026-04-26,2026-04-26 06:00,2026-05-03 06:00,Short put,72000.0,12.1,0.15,78007.0,78242.0,0.741,0.963,0.963,Yes,ask,307.58,122374.74,222374.74
339.0,2026-04-27,2026-04-27 06:00,2026-05-04 06:00,Short put,72000.0,11.1,0.15,77800.0,80014.0,0.69,0.983,0.983,Yes,ask,349.31,122724.05,222724.05
340.0,2026-05-01,2026-05-01 06:00,2026-05-08 06:00,Short put,70000.0,14.1,0.15,77133.0,79589.0,0.644,0.938,0.938,Yes,ask,307.72,123031.77,223031.77
341.0,2026-05-03,2026-05-03 06:00,2026-05-10 06:00,Short put,73000.0,12.1,0.15,78242.0,80684.0,0.654,0.977,0.977,Yes,ask,438.42,123470.18,223470.18
342.0,2026-05-04,2026-05-04 06:00,2026-05-11 06:00,Short put,74000.0,11.1,0.15,80014.0,80822.0,0.669,0.963,0.963,Yes,ask,314.67,123784.86,223784.86
343.0,2026-05-05,2026-05-05 06:00,2026-05-12 06:00,Short put,75000.0,10.1,0.15,80965.0,81206.0,0.787,0.981,0.981,Yes,ask,317.63,124102.48,224102.48
344.0,2026-05-06,2026-05-06 06:00,2026-05-13 06:00,Short call,86000.0,9.1,0.15,81309.0,81003.0,0.787,0.244,0.787,Yes,ask,344.74,124447.23,224447.23
345.0,2026-05-07,2026-05-07 06:00,2026-05-14 06:00,Short put,75000.0,15.1,0.15,81081.0,79804.0,0.791,0.852,0.852,Yes,ask,136.1,124583.33,224583.33
346.0,2026-05-08,2026-05-08 06:00,2026-05-15 06:00,Short put,73000.0,14.1,0.15,79589.0,80340.0,0.756,0.969,0.969,Yes,ask,173.36,124756.69,224756.69
347.0,2026-05-09,2026-05-09 06:00,2026-05-16 06:00,Short put,75000.0,13.1,0.15,80375.0,79000.0,0.786,0.911,0.911,Yes,ask,31.23,124787.92,224787.92
348.0,2026-05-14,2026-05-14 06:00,2026-05-21 06:00,Short put,73000.0,15.1,0.15,79804.0,77758.0,0.827,0.985,0.985,Yes,ask,121.67,124909.6,224909.6
349.0,2026-05-17,2026-05-17 06:00,2026-05-24 06:00,Short put,72000.0,12.1,0.15,78097.0,76729.0,0.757,0.981,0.981,Yes,ask,253.54,125163.14,225163.14
350.0,2026-05-18,2026-05-18 06:00,2026-05-25 06:00,Short put,71000.0,11.1,0.15,76882.0,77322.0,0.815,0.976,0.976,Yes,ask,358.96,125522.1,225522.1
351.0,2026-05-19,2026-05-19 06:00,2026-05-26 06:00,Short put,71000.0,10.1,0.15,76857.0,76845.0,0.858,0.962,0.962,Yes,ask,299.81,125821.91,225821.91
352.0,2026-05-22,2026-05-22 06:00,2026-05-29 06:00,Short call,83000.0,14.1,0.15,77422.0,73602.0,0.784,0.738,0.784,Yes,ask,260.18,126082.09,226082.09
