trade_num,side,exit_type,net_pnl,strike,expiry,spot_r,spot_p,bid_entry,ask_entry,mark_entry,delta_p,delta_r
107,Short put,ask,566.4,72000.0,25APR25,80748.0,80887.0,0.0085,0.009,0.0087,0.142,0.15
108,Short put,ask,689.7,75000.0,25APR25,83311.0,83430.0,0.0095,0.01,0.0096,0.156,0.15
109,Short put,ask,532.34,76000.0,25APR25,84500.0,84734.0,0.0075,0.0085,0.008,0.141,0.15
110,Short put,ask,479.69,78000.0,25APR25,85537.0,85626.0,0.0065,0.0075,0.007,0.144,0.15
111,Short put,ask,525.4,78000.0,2MAY25,84759.0,84913.0,0.0075,0.008,0.0077,0.158,0.15
112,Short put,ask,491.32,84000.0,9MAY25,92606.0,92736.0,0.007,0.0075,0.0072,0.14,0.15
113,Short put,ask,410.8,85000.0,9MAY25,93238.0,93387.0,0.006,0.007,0.0064,0.136,0.15
114,Short put,ask,420.11,87000.0,9MAY25,94693.0,94903.0,0.006,0.0065,0.0063,0.141,0.15
115,Short put,ask,463.45,87000.0,9MAY25,93950.0,94156.0,0.0065,0.007,0.0069,0.156,0.15
116,Short put,ask,382.89,87000.0,9MAY25,94268.0,94381.0,0.0055,0.006,0.0057,0.139,0.15
117,Short put,ask,441.61,88000.0,9MAY25,94311.0,94445.0,0.006,0.0065,0.0065,0.161,0.15
118,Short put,ask,380.26,89000.0,9MAY25,94921.0,95035.0,0.005,0.0055,0.0053,0.151,0.15
119,Short put,ask,529.13,88000.0,16MAY25,95153.0,95351.0,0.0075,0.0085,0.0079,0.166,0.15
120,Short put,ask,462.25,91000.0,23MAY25,98808.0,99020.0,0.0065,0.007,0.0068,0.15,0.15
121,Short put,ask,555.83,95000.0,23MAY25,102956.0,103225.0,0.0075,0.008,0.0076,0.159,0.15
122,Short put,ask,466.58,96000.0,23MAY25,103360.0,103628.0,0.0065,0.007,0.0067,0.157,0.15
123,Short put,ask,475.73,96000.0,23MAY25,103857.0,104173.0,0.006,0.0065,0.0062,0.145,0.15
124,Short put,ask,325.38,96000.0,23MAY25,103954.0,104214.0,0.0055,0.006,0.0058,0.14,0.15
125,Short put,stop_loss,-1225.78,96000.0,23MAY25,102458.0,102688.0,0.005,0.0055,0.0053,0.148,0.15
126,Short put,ask,451.51,98000.0,23MAY25,103906.0,104160.0,0.005,0.006,0.0055,0.16,0.15
127,Short put,ask,427.25,96000.0,30MAY25,103983.0,104187.0,0.0055,0.006,0.0057,0.138,0.15
128,Short put,ask,351.1,96000.0,30MAY25,103377.0,103642.0,0.005,0.006,0.0056,0.142,0.15
129,Short put,ask,323.35,96000.0,30MAY25,103699.0,103959.0,0.0046,0.005,0.0049,0.13,0.15
130,Short put,ask,465.79,99000.0,30MAY25,106132.0,106397.0,0.0055,0.006,0.0058,0.15,0.15
131,Short put,ask,143.11,101000.0,6JUN25,110846.0,111242.0,0.0075,0.0085,0.0082,0.152,0.15
132,Short put,ask,207.39,98000.0,13JUN25,107706.0,108037.0,0.006,0.0065,0.0064,0.134,0.15
133,Short put,ask,136.24,98000.0,13JUN25,106112.0,106440.0,0.007,0.0075,0.0073,0.156,0.15
134,Short put,ask,420.61,95000.0,13JUN25,103575.0,103878.0,0.0055,0.0065,0.0061,0.136,0.15
135,Short put,ask,586.88,98000.0,13JUN25,104581.0,104791.0,0.0075,0.008,0.008,0.183,0.15
136,Short put,ask,455.13,98000.0,13JUN25,104873.0,105071.0,0.006,0.0065,0.0063,0.16,0.15
137,Short put,ask,391.15,98000.0,13JUN25,105504.0,105687.0,0.0046,0.005,0.0049,0.133,0.15
138,Short put,ask,345.78,96000.0,20JUN25,104703.0,104918.0,0.005,0.006,0.0055,0.13,0.15
139,Short put,ask,244.69,95000.0,20JUN25,103029.0,103167.0,0.0055,0.0065,0.006,0.141,0.15
140,Short put,ask,219.63,98000.0,20JUN25,104956.0,105094.0,0.0055,0.0065,0.006,0.156,0.15
141,Short put,ask,209.73,98000.0,20JUN25,105492.0,105612.0,0.005,0.0055,0.0052,0.14,0.15
142,Short put,ask,305.69,98000.0,20JUN25,105440.0,105581.0,0.0048,0.0055,0.0051,0.139,0.15
143,Short put,ask,203.34,102000.0,20JUN25,109349.0,109557.0,0.0046,0.005,0.0048,0.136,0.15
144,Short put,ask,-22.81,100000.0,27JUN25,107807.0,108022.0,0.0065,0.007,0.0069,0.158,0.15
145,Short put,ask,353.89,95000.0,27JUN25,104152.0,104290.0,0.0055,0.006,0.0056,0.128,0.15
146,Short put,ask,175.81,97000.0,27JUN25,105350.0,105580.0,0.005,0.006,0.0053,0.131,0.15
147,Short put,ask,129.45,97000.0,27JUN25,106105.0,106291.0,0.005,0.0055,0.0051,0.122,0.15
148,Short put,ask,261.73,100000.0,27JUN25,107149.0,107309.0,0.0049,0.0055,0.0052,0.144,0.15
149,Short call,ask,434.92,112000.0,27JUN25,105440.0,105558.0,0.005,0.0055,0.0052,0.168,0.15
150,Short call,ask,115.0,114000.0,4JUL25,104912.0,105064.0,0.0055,0.006,0.0059,0.152,0.15
151,Short call,ask,135.94,113000.0,4JUL25,104562.0,104710.0,0.0055,0.006,0.0058,0.157,0.15
152,Short call,ask,22.14,111000.0,4JUL25,103443.0,103488.0,0.0055,0.006,0.0058,0.164,0.15
153,Short call,ask,-53.5,111000.0,4JUL25,102892.0,102988.0,0.005,0.006,0.0057,0.157,0.15
154,Short put,ask,511.31,99000.0,4JUL25,105471.0,105559.0,0.0055,0.006,0.0058,0.16,0.15
155,Short put,ask,354.79,100000.0,4JUL25,106295.0,106359.0,0.0041,0.0045,0.0043,0.141,0.15
156,Short put,ask,384.53,100000.0,11JUL25,107701.0,107855.0,0.006,0.007,0.0064,0.154,0.15
157,Short put,ask,351.52,100000.0,11JUL25,107365.0,107516.0,0.0055,0.006,0.0056,0.147,0.15
158,Short put,ask,288.07,101000.0,11JUL25,107363.0,107466.0,0.0055,0.0065,0.006,0.165,0.15
159,Short put,ask,310.44,100000.0,11JUL25,107358.0,107463.0,0.005,0.0055,0.0051,0.141,0.15
160,Short put,ask,378.42,102000.0,11JUL25,108328.0,108486.0,0.0055,0.006,0.0058,0.164,0.15
161,Short put,ask,352.29,101000.0,11JUL25,106973.0,107071.0,0.0044,0.0048,0.0046,0.149,0.15
162,Short put,ask,345.95,101000.0,11JUL25,106660.0,106740.0,0.0039,0.0043,0.0041,0.145,0.15
163,Short call,ask,148.36,120000.0,18JUL25,109389.0,109644.0,0.0047,0.0055,0.0051,0.133,0.15
164,Short put,ask,485.99,104000.0,25JUL25,111146.0,111472.0,0.006,0.007,0.0064,0.162,0.15
165,Short call,ask,2.76,130000.0,25JUL25,117886.0,118301.0,0.0038,0.0041,0.0038,0.11,0.15
166,Short call,ask,294.12,126000.0,25JUL25,117762.0,118089.0,0.0055,0.006,0.006,0.173,0.15
167,Short put,ask,283.56,110000.0,25JUL25,117843.0,118152.0,0.005,0.0055,0.0052,0.143,0.15
168,Short put,ask,478.09,109000.0,25JUL25,117343.0,117641.0,0.0055,0.0065,0.006,0.148,0.15
169,Short put,ask,380.42,111000.0,25JUL25,117881.0,118113.0,0.0041,0.0044,0.0042,0.138,0.15
170,Short call,ask,431.3,129000.0,1AUG25,118649.0,119071.0,0.006,0.0065,0.0061,0.157,0.15
171,Short call,ask,645.3,132000.0,1AUG25,120642.0,121025.0,0.0065,0.007,0.0066,0.158,0.15
172,Short call,ask,383.69,128000.0,1AUG25,118339.0,118573.0,0.005,0.006,0.0055,0.152,0.15
173,Short put,ask,283.42,110000.0,1AUG25,117915.0,118330.0,0.005,0.006,0.0055,0.145,0.15
174,Short put,ask,395.18,111000.0,1AUG25,118476.0,118819.0,0.005,0.0055,0.0052,0.146,0.15
175,Short put,ask,382.29,110000.0,1AUG25,117373.0,117656.0,0.0047,0.005,0.0049,0.142,0.15
176,Short put,ask,353.96,112000.0,1AUG25,118699.0,119067.0,0.0044,0.0046,0.0045,0.144,0.15
177,Short put,ask,435.64,108000.0,8AUG25,117678.0,118044.0,0.006,0.0065,0.0063,0.139,0.15
178,Short put,ask,441.22,105000.0,8AUG25,115683.0,115958.0,0.006,0.0065,0.0061,0.129,0.15
179,Short put,ask,-79.72,110000.0,8AUG25,117496.0,117950.0,0.006,0.007,0.0065,0.162,0.15
180,Short call,ask,445.63,128000.0,15AUG25,118354.0,118650.0,0.0045,0.0048,0.0047,0.14,0.15
181,Short put,ask,414.64,108000.0,15AUG25,115588.0,115809.0,0.006,0.0065,0.0065,0.161,0.15
182,Short put,ask,442.6,106000.0,15AUG25,113944.0,114139.0,0.005,0.006,0.0055,0.144,0.15
183,Short put,ask,522.48,105000.0,15AUG25,113604.0,113648.0,0.0055,0.006,0.0057,0.142,0.15
184,Short put,ask,403.01,108000.0,15AUG25,114405.0,114609.0,0.0043,0.0047,0.0045,0.147,0.15
185,Short put,ask,433.69,108000.0,22AUG25,114638.0,114931.0,0.006,0.007,0.0064,0.171,0.15
186,Short put,ask,299.65,109000.0,22AUG25,116632.0,116966.0,0.0047,0.005,0.005,0.14,0.15
187,Short put,ask,174.0,110000.0,22AUG25,116792.0,117157.0,0.0043,0.0047,0.0045,0.142,0.15
188,Short put,ask,107.77,112000.0,22AUG25,118061.0,118494.0,0.0045,0.0048,0.0047,0.155,0.15
189,Short put,ask,-349.2,113000.0,22AUG25,118816.0,119170.0,0.0047,0.0055,0.0049,0.163,0.15
190,Short call,ask,409.35,128000.0,29AUG25,119077.0,119511.0,0.0048,0.0055,0.0051,0.154,0.15
191,Short call,ask,341.42,126000.0,29AUG25,117715.0,118014.0,0.0042,0.0044,0.0043,0.143,0.15
192,Short call,ask,405.14,126000.0,29AUG25,118085.0,118325.0,0.0045,0.0048,0.0046,0.153,0.15
193,Short call,ask,375.07,123000.0,29AUG25,115764.0,115903.0,0.0042,0.0047,0.0047,0.16,0.15
194,Short call,ask,432.11,122000.0,29AUG25,115011.0,115116.0,0.0046,0.0049,0.0047,0.161,0.15
195,Short call,ask,346.38,123000.0,5SEP25,113975.0,114313.0,0.0049,0.0055,0.0052,0.151,0.15
196,Short call,ask,385.63,123000.0,5SEP25,113280.0,113550.0,0.0047,0.0055,0.0051,0.142,0.15
197,Short call,ask,413.27,120000.0,5SEP25,112344.0,112655.0,0.0043,0.0047,0.0045,0.15,0.15
198,Short call,ask,353.29,118000.0,5SEP25,110224.0,110379.0,0.0043,0.0046,0.0045,0.145,0.15
199,Short call,ask,351.97,118000.0,5SEP25,111408.0,111614.0,0.0038,0.004,0.004,0.151,0.15
200,Short put,ask,25.62,104000.0,12SEP25,112867.0,113313.0,0.006,0.007,0.0064,0.144,0.15
201,Short put,ask,334.34,104000.0,12SEP25,111286.0,111612.0,0.0075,0.008,0.0078,0.176,0.15
202,Short call,ask,77.76,116000.0,12SEP25,108366.0,108531.0,0.005,0.0055,0.0055,0.164,0.15
203,Short call,ask,213.52,117000.0,12SEP25,108781.0,108952.0,0.0046,0.0048,0.0048,0.146,0.15
204,Short call,ask,163.97,116000.0,12SEP25,107870.0,108042.0,0.0047,0.005,0.005,0.15,0.15
205,Short put,ask,582.17,104000.0,12SEP25,110220.0,110450.0,0.0065,0.007,0.0068,0.179,0.15
206,Short put,ask,456.79,104000.0,12SEP25,110717.0,110863.0,0.005,0.006,0.0055,0.157,0.15
207,Short put,ask,612.76,102000.0,19SEP25,110691.0,110949.0,0.007,0.0075,0.0072,0.154,0.15
208,Short put,ask,501.53,102000.0,19SEP25,111614.0,111850.0,0.0055,0.006,0.0057,0.129,0.15
209,Short put,ask,539.95,104000.0,19SEP25,111023.0,111211.0,0.006,0.007,0.0065,0.166,0.15
210,Short put,ask,448.09,105000.0,19SEP25,112233.0,112387.0,0.005,0.0055,0.0052,0.147,0.15
211,Short put,ask,441.77,106000.0,26SEP25,114312.0,114673.0,0.006,0.0065,0.0064,0.15,0.15
212,Short put,ask,346.48,108000.0,26SEP25,115710.0,116124.0,0.005,0.0055,0.0053,0.143,0.15
213,Short call,ask,366.24,124000.0,26SEP25,115821.0,116162.0,0.0047,0.005,0.005,0.158,0.15
214,Short call,ask,286.8,124000.0,26SEP25,115931.0,116272.0,0.0039,0.0041,0.004,0.139,0.15
215,Short put,ask,82.89,110000.0,26SEP25,116608.0,116976.0,0.0055,0.0065,0.0059,0.165,0.15
216,Short call,ask,530.68,120000.0,3OCT25,114027.0,113972.0,0.005,0.006,0.0051,0.177,0.15
217,Short call,ask,249.19,119000.0,3OCT25,112750.0,112838.0,0.004,0.0042,0.0042,0.158,0.15
218,Short put,ask,443.95,110000.0,17OCT25,118450.0,118747.0,0.006,0.007,0.0065,0.154,0.15
219,Short put,ask,358.02,112000.0,17OCT25,120017.0,120395.0,0.0055,0.006,0.0057,0.149,0.15
220,Short call,ask,636.85,123000.0,24OCT25,112521.0,112541.0,0.0065,0.007,0.0068,0.159,0.15
221,Short call,ask,632.79,123000.0,24OCT25,111800.0,111915.0,0.0065,0.0075,0.0072,0.157,0.15
222,Short call,ask,508.95,125000.0,24OCT25,114702.0,114905.0,0.0055,0.006,0.006,0.151,0.15
223,Short call,ask,438.8,122000.0,31OCT25,110995.0,111217.0,0.0065,0.007,0.0066,0.153,0.15
224,Short call,ask,273.96,120000.0,31OCT25,108461.0,108678.0,0.006,0.0065,0.0061,0.14,0.15
225,Short put,ask,801.01,98000.0,31OCT25,106914.0,107104.0,0.0085,0.009,0.0087,0.165,0.15
226,Short put,ask,707.73,102000.0,31OCT25,111061.0,111267.0,0.0075,0.008,0.0078,0.157,0.15
227,Short put,ask,541.24,98000.0,7NOV25,108989.0,109244.0,0.008,0.009,0.0086,0.146,0.15
228,Short put,ask,297.96,102000.0,7NOV25,111316.0,111479.0,0.0075,0.0085,0.008,0.158,0.15
229,Short put,ask,384.47,103000.0,7NOV25,111402.0,111563.0,0.007,0.0075,0.0073,0.159,0.15
230,Short put,ask,416.44,103000.0,7NOV25,111646.0,111798.0,0.0065,0.007,0.0067,0.151,0.15
231,Short put,ask,402.8,100000.0,14NOV25,107475.0,107586.0,0.0075,0.0085,0.008,0.175,0.15
232,Short call,ask,449.0,113000.0,14NOV25,104741.0,104820.0,0.0055,0.006,0.0058,0.157,0.15
233,Short call,ask,299.68,113000.0,21NOV25,103299.0,103514.0,0.006,0.0065,0.0062,0.151,0.15
234,Short call,ask,376.67,112000.0,21NOV25,101791.0,101938.0,0.006,0.0065,0.0061,0.144,0.15
235,Short call,ask,450.27,98000.0,28NOV25,89546.0,89579.0,0.006,0.0065,0.0065,0.154,0.15
236,Short put,ask,428.01,84000.0,5DEC25,91891.0,92086.0,0.0105,0.0115,0.0109,0.18,0.15
237,Short put,ask,1004.42,78000.0,5DEC25,85473.0,85570.0,0.0135,0.0145,0.0141,0.2,0.15
238,Short put,ask,358.92,78000.0,5DEC25,86877.0,86974.0,0.0075,0.008,0.0078,0.139,0.15
239,Short put,ask,389.77,80000.0,5DEC25,87987.0,88073.0,0.007,0.0075,0.0073,0.144,0.15
240,Short put,ask,506.73,82000.0,12DEC25,91232.0,91385.0,0.0085,0.009,0.0089,0.149,0.15
241,Short put,ask,427.18,82000.0,12DEC25,91263.0,91426.0,0.0075,0.008,0.008,0.141,0.15
242,Short put,ask,375.71,82000.0,12DEC25,90592.0,90732.0,0.008,0.009,0.0085,0.151,0.15
243,Short put,ask,343.28,83000.0,12DEC25,90930.0,91100.0,0.0085,0.009,0.0088,0.161,0.15
244,Short put,ask,676.98,78000.0,12DEC25,86251.0,86292.0,0.009,0.0095,0.0092,0.157,0.15
245,Short put,ask,686.17,80000.0,12DEC25,87100.0,87199.0,0.009,0.0095,0.0093,0.172,0.15
246,Short put,ask,469.52,86000.0,12DEC25,93487.0,93587.0,0.007,0.0075,0.0071,0.152,0.15
247,Short put,ask,168.85,84000.0,19DEC25,93156.0,93322.0,0.0085,0.009,0.0088,0.15,0.15
248,Short put,ask,443.34,83000.0,19DEC25,92355.0,92456.0,0.0075,0.0085,0.008,0.141,0.15
249,Short put,ask,618.0,82000.0,19DEC25,89707.0,89788.0,0.0095,0.01,0.0097,0.172,0.15
250,Short put,ask,627.41,82000.0,19DEC25,89720.0,89776.0,0.0095,0.01,0.0097,0.172,0.15
251,Short put,ask,480.17,83000.0,19DEC25,91487.0,91609.0,0.0075,0.008,0.0077,0.146,0.15
252,Short put,ask,231.16,82000.0,19DEC25,90181.0,90239.0,0.0065,0.007,0.0068,0.139,0.15
253,Short call,ask,346.99,100000.0,26DEC25,90332.0,90427.0,0.0049,0.0055,0.0052,0.127,0.15
254,Short put,ask,-303.72,84000.0,26DEC25,92534.0,92673.0,0.0075,0.008,0.0077,0.147,0.15
255,Short put,ask,278.31,82000.0,26DEC25,90373.0,90455.0,0.0065,0.007,0.0068,0.137,0.15
256,Short put,ask,295.41,82000.0,26DEC25,90179.0,90257.0,0.0065,0.007,0.007,0.141,0.15
257,Short put,ask,343.32,82000.0,26DEC25,89765.0,89866.0,0.006,0.0065,0.0064,0.139,0.15
258,Short put,ask,543.39,80000.0,26DEC25,86494.0,86554.0,0.0075,0.0085,0.0081,0.169,0.15
259,Short put,ask,411.18,80000.0,26DEC25,86759.0,86815.0,0.0055,0.006,0.0058,0.139,0.15
260,Short call,ask,283.39,95000.0,2JAN26,86637.0,86744.0,0.006,0.007,0.0067,0.155,0.15
261,Short put,ask,557.61,80000.0,2JAN26,87417.0,87597.0,0.0085,0.0095,0.009,0.165,0.15
262,Short put,ask,330.94,80000.0,2JAN26,88283.0,88450.0,0.0055,0.006,0.0057,0.124,0.15
263,Short put,ask,305.03,80000.0,2JAN26,88081.0,88232.0,0.005,0.006,0.0055,0.122,0.15
264,Short put,ask,395.23,82000.0,2JAN26,88884.0,89048.0,0.006,0.0065,0.0063,0.145,0.15
265,Short put,ask,457.24,82000.0,2JAN26,87365.0,87477.0,0.007,0.0075,0.0074,0.179,0.15
266,Short put,ask,455.25,82000.0,2JAN26,86962.0,87072.0,0.006,0.0065,0.0063,0.173,0.15
267,Short put,ask,212.27,80000.0,9JAN26,87796.0,87981.0,0.006,0.007,0.0066,0.137,0.15
268,Short put,ask,268.92,82000.0,9JAN26,89064.0,89271.0,0.0065,0.0075,0.007,0.152,0.15
269,Short put,ask,300.58,80000.0,9JAN26,87451.0,87621.0,0.0049,0.0055,0.0051,0.123,0.15
270,Short put,ask,464.1,82000.0,9JAN26,87689.0,87883.0,0.007,0.008,0.0074,0.173,0.15
271,Short put,ask,372.39,83000.0,9JAN26,89715.0,89899.0,0.0055,0.006,0.0058,0.142,0.15
272,Short put,ask,335.95,80000.0,16JAN26,87571.0,87726.0,0.007,0.0075,0.0073,0.147,0.15
273,Short put,ask,386.54,82000.0,16JAN26,88862.0,89012.0,0.007,0.008,0.0074,0.158,0.15
274,Short put,ask,344.43,82000.0,16JAN26,89854.0,89962.0,0.0055,0.006,0.0058,0.13,0.15
275,Short put,ask,366.74,84000.0,16JAN26,91224.0,91343.0,0.0065,0.007,0.0069,0.151,0.15
276,Short put,ask,288.82,85000.0,16JAN26,92463.0,92605.0,0.0055,0.0065,0.0059,0.138,0.15
277,Short put,ask,322.6,87000.0,16JAN26,93770.0,93896.0,0.0055,0.006,0.0057,0.145,0.15
278,Short put,ask,501.7,84000.0,23JAN26,91041.0,91222.0,0.007,0.008,0.0075,0.158,0.15
279,Short put,ask,417.17,84000.0,23JAN26,90654.0,90834.0,0.0055,0.0065,0.006,0.145,0.15
280,Short put,ask,341.22,85000.0,23JAN26,91736.0,91886.0,0.0055,0.006,0.0059,0.145,0.15
281,Short put,ask,197.47,86000.0,23JAN26,92090.0,92247.0,0.005,0.006,0.0055,0.148,0.15
282,Short put,ask,360.0,82000.0,30JAN26,89566.0,89646.0,0.005,0.006,0.0055,0.129,0.15
283,Short call,ask,324.99,98000.0,6FEB26,90087.0,90287.0,0.0049,0.0055,0.0054,0.144,0.15
284,Short call,ask,449.81,80000.0,20FEB26,70816.0,70919.0,0.0075,0.008,0.008,0.148,0.15
285,Short call,ask,431.76,74000.0,20FEB26,64888.0,64896.0,0.009,0.01,0.01,0.161,0.15
286,Short call,ask,363.33,77000.0,20FEB26,68891.0,68738.0,0.0065,0.0075,0.0072,0.144,0.15
287,Short call,ask,344.81,77000.0,20FEB26,69302.0,69331.0,0.007,0.008,0.008,0.159,0.15
288,Short call,ask,375.87,78000.0,20FEB26,70613.0,70660.0,0.0065,0.007,0.007,0.153,0.15
289,Short call,ask,338.03,76000.0,20FEB26,68872.0,68888.0,0.006,0.0065,0.0065,0.15,0.15
290,Short call,ask,315.56,73000.0,20FEB26,66761.0,66736.0,0.0055,0.0065,0.0065,0.153,0.15
291,Short call,ask,221.21,75000.0,27FEB26,67038.0,67071.0,0.0065,0.007,0.0069,0.143,0.15
292,Short put,ask,239.42,58000.0,27FEB26,66323.0,66349.0,0.008,0.009,0.0085,0.128,0.15
293,Short put,ask,219.67,62000.0,27FEB26,68889.0,68859.0,0.009,0.01,0.0095,0.156,0.15
294,Short call,ask,406.68,76000.0,27FEB26,70377.0,70380.0,0.0075,0.008,0.008,0.185,0.15
295,Short call,ask,372.23,75000.0,27FEB26,68423.0,68469.0,0.0065,0.0075,0.007,0.159,0.15
296,Short call,ask,116.36,75000.0,6MAR26,67123.0,67148.0,0.0065,0.007,0.0068,0.142,0.15
297,Short put,ask,279.29,60000.0,6MAR26,67822.0,67867.0,0.009,0.01,0.0095,0.143,0.15
298,Short put,stop_loss,-1058.28,60000.0,6MAR26,67772.0,67829.0,0.0075,0.0085,0.008,0.131,0.15
299,Short put,ask,84.55,62000.0,6MAR26,68026.0,68032.0,0.01,0.011,0.0106,0.176,0.15
300,Short put,ask,307.47,58000.0,6MAR26,65733.0,65726.0,0.008,0.0085,0.0083,0.132,0.15
301,Short put,ask,437.95,60000.0,13MAR26,68141.0,68167.0,0.0095,0.0105,0.01,0.144,0.15
302,Short put,ask,397.74,60000.0,13MAR26,67654.0,67667.0,0.009,0.01,0.0095,0.145,0.15
303,Short put,ask,326.9,60000.0,13MAR26,66931.0,66935.0,0.01,0.011,0.0106,0.161,0.15
304,Short put,ask,281.61,58000.0,13MAR26,66207.0,66213.0,0.0075,0.008,0.008,0.125,0.15
305,Short put,ask,470.88,61000.0,13MAR26,68103.0,68106.0,0.0085,0.009,0.0086,0.145,0.15
306,Short put,ask,0.95,64000.0,20MAR26,72562.0,72646.0,0.0095,0.0105,0.01,0.144,0.15
307,Short put,ask,435.11,63000.0,20MAR26,70597.0,70658.0,0.0105,0.0115,0.0111,0.161,0.15
308,Short put,ask,454.66,60000.0,20MAR26,67693.0,67720.0,0.009,0.01,0.0096,0.146,0.15
309,Short put,ask,654.54,60000.0,20MAR26,67163.0,67176.0,0.0115,0.0125,0.012,0.168,0.15
310,Short put,ask,505.58,63000.0,20MAR26,69941.0,69960.0,0.0085,0.009,0.0086,0.15,0.15
311,Short put,ask,447.08,62000.0,27MAR26,69497.0,69562.0,0.0115,0.012,0.0117,0.165,0.15
312,Short put,ask,333.97,64000.0,27MAR26,71321.0,71407.0,0.011,0.0115,0.0113,0.166,0.15
313,Short put,ask,345.97,62000.0,27MAR26,70640.0,70683.0,0.0075,0.008,0.0078,0.124,0.15
314,Short put,ask,434.73,64000.0,3APR26,70588.0,70623.0,0.0135,0.014,0.0137,0.193,0.15
315,Short put,ask,202.08,64000.0,3APR26,70491.0,70544.0,0.0125,0.013,0.0127,0.187,0.15
316,Short put,ask,401.71,60000.0,3APR26,67857.0,67871.0,0.009,0.01,0.0096,0.144,0.15
317,Short put,ask,241.36,60000.0,10APR26,68622.0,68646.0,0.0075,0.0085,0.008,0.124,0.15
318,Short put,ask,582.81,60000.0,10APR26,66351.0,66361.0,0.011,0.0115,0.0113,0.175,0.15
319,Short put,ask,493.66,60000.0,10APR26,66728.0,66749.0,0.0095,0.0105,0.01,0.16,0.15
320,Short put,ask,456.25,60000.0,10APR26,67441.0,67478.0,0.008,0.0085,0.0082,0.136,0.15
321,Short put,ask,439.84,60000.0,10APR26,67630.0,67658.0,0.0075,0.008,0.0077,0.13,0.15
322,Short put,ask,714.09,60000.0,17APR26,66584.0,66611.0,0.012,0.0125,0.0121,0.176,0.15
323,Short put,ask,356.5,63000.0,17APR26,69177.0,69241.0,0.0065,0.007,0.0069,0.141,0.15
324,Short put,ask,390.11,64000.0,24APR26,70996.0,71033.0,0.007,0.0075,0.0074,0.139,0.15
325,Short put,ask,377.64,66000.0,24APR26,72116.0,72190.0,0.0075,0.0085,0.008,0.157,0.15
326,Short put,ask,435.93,67000.0,24APR26,72757.0,72791.0,0.0075,0.0085,0.008,0.164,0.15
327,Short put,ask,349.83,65000.0,24APR26,71734.0,71723.0,0.0065,0.007,0.007,0.139,0.15
328,Short put,ask,388.06,65000.0,24APR26,70896.0,70892.0,0.0065,0.0075,0.0069,0.148,0.15
329,Short put,ask,299.76,68000.0,24APR26,74241.0,74255.0,0.0055,0.006,0.0056,0.132,0.15
330,Short put,ask,379.12,68000.0,1MAY26,75059.0,75112.0,0.007,0.0075,0.0073,0.141,0.15
331,Short put,ask,319.21,68000.0,1MAY26,74656.0,74691.0,0.006,0.007,0.0066,0.138,0.15
332,Short put,ask,432.26,71000.0,1MAY26,77167.0,77131.0,0.0075,0.0085,0.008,0.164,0.15
333,Short put,ask,481.4,69000.0,1MAY26,75580.0,75558.0,0.0075,0.0085,0.008,0.156,0.15
334,Short put,ask,416.86,70000.0,1MAY26,75836.0,75775.0,0.0065,0.0075,0.007,0.157,0.15
335,Short put,ask,99.85,71000.0,8MAY26,78049.0,78022.0,0.007,0.0075,0.0073,0.146,0.15
336,Short put,ask,313.65,71000.0,8MAY26,77963.0,77950.0,0.0065,0.007,0.0067,0.14,0.15
337,Short put,ask,335.27,72000.0,8MAY26,77542.0,77510.0,0.006,0.0065,0.0062,0.154,0.15
338,Short put,ask,307.58,72000.0,8MAY26,78007.0,77956.0,0.0055,0.006,0.0059,0.143,0.15
339,Short put,ask,349.31,72000.0,8MAY26,77800.0,77797.0,0.0055,0.006,0.0058,0.145,0.15
340,Short put,ask,307.72,70000.0,15MAY26,77133.0,77166.0,0.005,0.0055,0.0053,0.12,0.15
341,Short put,ask,438.42,73000.0,15MAY26,78242.0,78238.0,0.0065,0.007,0.0068,0.166,0.15
342,Short put,ask,314.67,74000.0,15MAY26,80014.0,80035.0,0.0047,0.0055,0.0051,0.134,0.15
343,Short put,ask,317.63,75000.0,15MAY26,80965.0,80968.0,0.0048,0.0055,0.0051,0.136,0.15
344,Short call,ask,344.74,86000.0,15MAY26,81309.0,81309.0,0.005,0.006,0.0055,0.178,0.15
345,Short put,ask,136.1,75000.0,22MAY26,81081.0,81133.0,0.0065,0.0075,0.0072,0.159,0.15
346,Short put,ask,173.36,73000.0,22MAY26,79589.0,79632.0,0.005,0.006,0.0056,0.133,0.15
347,Short put,ask,31.23,75000.0,22MAY26,80375.0,80450.0,0.0055,0.0065,0.006,0.155,0.15
348,Short put,ask,121.67,73000.0,29MAY26,79804.0,79870.0,0.006,0.007,0.0064,0.14,0.15
349,Short put,ask,253.54,72000.0,29MAY26,78097.0,78144.0,0.006,0.007,0.0065,0.149,0.15
350,Short put,ask,358.96,71000.0,29MAY26,76882.0,76853.0,0.0065,0.007,0.0068,0.154,0.15
351,Short put,ask,299.81,71000.0,29MAY26,76857.0,76940.0,0.005,0.006,0.0054,0.136,0.15
352,Short call,ask,260.18,83000.0,5JUN26,77422.0,77514.0,0.0042,0.0046,0.0045,0.144,0.15
