combo_idx,trade_idx,open_idx,ts,event,contract,side,qty,price_btc,amount_btc,fee_btc,spot,amount_usd,fee_usd,balance_usd,exit_reason,status
57,1,1,2025-06-26 17:00:00+00:00,open,BTC-27JUN25-111000-C,sell,11.2,0.0002,0.0022399998,0.00023340799,107244.84,240.22844,25.031803,100215.195,,0
57,1,1,2025-06-26 17:00:00+00:00,open,BTC-27JUN25-104000-P,sell,11.2,0.0002,0.0022399998,0.00023340799,107244.84,240.22844,25.031803,100430.39,,0
57,2,1,2025-06-27 08:00:00+00:00,close,BTC-27JUN25-111000-C,buy,11.2,0.0,-0.0,0.0,107019.66,-0.0,0.0,100430.39,expiry,0
57,2,1,2025-06-27 08:00:00+00:00,close,BTC-27JUN25-104000-P,buy,11.2,0.0,-0.0,0.0,107019.66,-0.0,0.0,100430.39,expiry,0
57,3,3,2025-07-01 18:05:00+00:00,open,BTC-2JUL25-109000-C,sell,11.3,1e-04,0.00113,0.000117746,106227.16,120.03668,12.507822,100537.92,,0
57,3,3,2025-07-01 18:05:00+00:00,open,BTC-2JUL25-103000-P,sell,11.3,1e-04,0.00113,0.000117746,106227.16,120.03668,12.507822,100645.45,,0
57,4,3,2025-07-02 08:00:00+00:00,close,BTC-2JUL25-109000-C,buy,11.3,0.0,-0.0,0.0,107307.66,-0.0,0.0,100645.45,expiry,0
57,4,3,2025-07-02 08:00:00+00:00,close,BTC-2JUL25-103000-P,buy,11.3,0.0,-0.0,0.0,107307.66,-0.0,0.0,100645.45,expiry,0
57,5,5,2025-07-02 21:00:00+00:00,open,BTC-3JUL25-113000-C,sell,11.1,0.0002,0.00222,0.000231324,109207.1,242.43976,25.262222,100862.625,,0
57,5,5,2025-07-02 21:00:00+00:00,open,BTC-3JUL25-106000-P,sell,11.1,1e-04,0.00111,0.000115662,109207.1,121.21988,12.631111,100971.22,,0
57,6,5,2025-07-03 08:00:00+00:00,close,BTC-3JUL25-113000-C,buy,11.1,0.0,-0.0,0.0,109389.77,-0.0,0.0,100971.22,expiry,0
57,6,5,2025-07-03 08:00:00+00:00,close,BTC-3JUL25-106000-P,buy,11.1,0.0,-0.0,0.0,109389.77,-0.0,0.0,100971.22,expiry,0
57,7,7,2025-07-03 18:00:00+00:00,open,BTC-4JUL25-113000-C,sell,11.1,0.0002,0.00222,0.000231324,109602.94,243.31851,25.353788,101189.18,,0
57,7,7,2025-07-03 18:00:00+00:00,open,BTC-4JUL25-106000-P,sell,11.1,1e-04,0.00111,0.000115662,109602.94,121.659256,12.676894,101298.164,,0
57,8,7,2025-07-04 08:00:00+00:00,close,BTC-4JUL25-113000-C,buy,11.1,0.0,-0.0,0.0,108743.36,-0.0,0.0,101298.164,expiry,0
57,8,7,2025-07-04 08:00:00+00:00,close,BTC-4JUL25-106000-P,buy,11.1,0.0,-0.0,0.0,108743.36,-0.0,0.0,101298.164,expiry,0
57,9,9,2025-07-08 19:05:00+00:00,open,BTC-9JUL25-112000-C,sell,11.1,1e-04,0.00111,0.000115662,109088.46,121.08819,12.61739,101406.63,,0
57,9,9,2025-07-08 19:05:00+00:00,open,BTC-9JUL25-106000-P,sell,11.1,1e-04,0.00111,0.000115662,109088.46,121.08819,12.61739,101515.11,,0
57,10,9,2025-07-09 08:00:00+00:00,close,BTC-9JUL25-112000-C,buy,11.1,0.0,-0.0,0.0,108743.28,-0.0,0.0,101515.11,expiry,0
57,10,9,2025-07-09 08:00:00+00:00,close,BTC-9JUL25-106000-P,buy,11.1,0.0,-0.0,0.0,108743.28,-0.0,0.0,101515.11,expiry,0
57,11,11,2025-07-09 18:00:00+00:00,open,BTC-10JUL25-112000-C,sell,11.2,0.0002,0.0022399998,0.00023340799,109156.12,244.50969,25.477911,101734.14,,0
57,11,11,2025-07-09 18:00:00+00:00,open,BTC-10JUL25-106000-P,sell,11.2,1e-04,0.0011199999,0.000116703995,109156.12,122.254845,12.7389555,101843.66,,0
57,12,11,2025-07-10 08:00:00+00:00,close,BTC-10JUL25-112000-C,buy,11.2,0.0,-0.0,0.0,111262.23,-0.0,0.0,101843.66,expiry,0
57,12,11,2025-07-10 08:00:00+00:00,close,BTC-10JUL25-106000-P,buy,11.2,0.0,-0.0,0.0,111262.23,-0.0,0.0,101843.66,expiry,0
57,13,13,2025-07-14 22:00:00+00:00,open,BTC-15JUL25-123500-C,sell,10.2,0.0003,0.0030600003,0.00031885202,120043.58,367.33337,38.27614,102172.71,,0
57,13,13,2025-07-14 22:00:00+00:00,open,BTC-15JUL25-116000-P,sell,10.2,1e-04,0.00102,0.000106283995,120043.58,122.44445,12.758711,102282.4,,0
57,14,13,2025-07-15 08:00:00+00:00,close,BTC-15JUL25-123500-C,buy,10.2,0.0,-0.0,0.0,116766.02,-0.0,0.0,102282.4,expiry,0
57,14,13,2025-07-15 08:00:00+00:00,close,BTC-15JUL25-116000-P,buy,10.2,0.0,-0.0,0.0,116766.02,-0.0,0.0,102282.4,expiry,0
57,15,15,2025-07-15 18:00:00+00:00,open,BTC-16JUL25-121000-C,sell,10.5,0.0002,0.0021,0.00021882,117327.92,246.38863,25.673695,102503.11,,0
57,15,15,2025-07-15 18:00:00+00:00,open,BTC-16JUL25-114000-P,sell,10.5,1e-04,0.00105,0.00010941,117327.92,123.19431,12.836847,102613.47,,0
57,16,15,2025-07-16 08:00:00+00:00,close,BTC-16JUL25-121000-C,buy,10.5,0.0,-0.0,0.0,118215.29,-0.0,0.0,102613.47,expiry,0
57,16,15,2025-07-16 08:00:00+00:00,close,BTC-16JUL25-114000-P,buy,10.5,0.0,-0.0,0.0,118215.29,-0.0,0.0,102613.47,expiry,0
57,17,17,2025-07-16 22:00:00+00:00,open,BTC-17JUL25-123000-C,sell,10.3,0.0002,0.0020599999,0.000214652,119513.06,246.1969,25.653717,102834.016,,0
57,17,17,2025-07-16 22:00:00+00:00,open,BTC-17JUL25-116000-P,sell,10.3,1e-04,0.0010299999,0.000107326,119513.06,123.09845,12.8268585,102944.28,,0
57,18,17,2025-07-17 08:00:00+00:00,close,BTC-17JUL25-123000-C,buy,10.3,0.0,-0.0,0.0,118378.85,-0.0,0.0,102944.28,expiry,0
57,18,17,2025-07-17 08:00:00+00:00,close,BTC-17JUL25-116000-P,buy,10.3,0.0,-0.0,0.0,118378.85,-0.0,0.0,102944.28,expiry,0
57,19,19,2025-07-22 18:00:00+00:00,open,BTC-23JUL25-123000-C,sell,10.4,1e-04,0.00104,0.000108367996,119263.96,124.034515,12.9243965,103055.39,,0
57,19,19,2025-07-22 18:00:00+00:00,open,BTC-23JUL25-116000-P,sell,10.4,0.0002,0.00208,0.00021673599,119263.96,248.06903,25.848793,103277.62,,0
57,20,19,2025-07-23 08:00:00+00:00,close,BTC-23JUL25-123000-C,buy,10.4,0.0,-0.0,0.0,118428.58,-0.0,0.0,103277.62,expiry,0
57,20,19,2025-07-23 08:00:00+00:00,close,BTC-23JUL25-116000-P,buy,10.4,0.0,-0.0,0.0,118428.58,-0.0,0.0,103277.62,expiry,0
57,21,21,2025-07-23 19:00:00+00:00,open,BTC-24JUL25-122000-C,sell,10.5,1e-04,0.00105,0.00010941,118462.7,124.38583,12.961004,103389.04,,0
57,21,21,2025-07-23 19:00:00+00:00,open,BTC-24JUL25-115000-P,sell,10.5,0.0002,0.0021,0.00021882,118462.7,248.77167,25.922009,103611.89,,0
57,22,21,2025-07-24 08:00:00+00:00,close,BTC-24JUL25-122000-C,buy,10.5,0.0,-0.0,0.0,118365.93,-0.0,0.0,103611.89,expiry,0
57,22,21,2025-07-24 08:00:00+00:00,close,BTC-24JUL25-115000-P,buy,10.5,0.0,-0.0,0.0,118365.93,-0.0,0.0,103611.89,expiry,0
57,23,23,2025-07-24 17:00:00+00:00,open,BTC-25JUL25-122000-C,sell,10.0,0.0003,0.003,0.00031260002,118559.01,355.67703,37.061546,103930.51,,0
57,23,23,2025-07-24 17:00:00+00:00,open,BTC-25JUL25-115000-P,sell,10.0,0.0004,0.0039999997,0.0004168,118559.01,474.23602,49.415394,104355.33,,0
57,24,23,2025-07-25 08:00:00+00:00,close,BTC-25JUL25-122000-C,buy,10.0,0.0,-0.0,0.0,115543.32,-0.0,0.0,104355.33,expiry,0
57,24,23,2025-07-25 08:00:00+00:00,close,BTC-25JUL25-115000-P,buy,10.0,0.0,-0.0,0.0,115543.32,-0.0,0.0,104355.33,expiry,0
57,25,25,2025-07-28 17:15:00+00:00,open,BTC-29JUL25-121000-C,sell,10.6,1e-04,0.0010599999,0.000110452,117714.35,124.77721,13.001785,104467.1,,0
57,25,25,2025-07-28 17:15:00+00:00,open,BTC-29JUL25-114000-P,sell,10.6,1e-04,0.0010599999,0.000110452,117714.35,124.77721,13.001785,104578.875,,0
57,26,25,2025-07-29 08:00:00+00:00,close,BTC-29JUL25-121000-C,buy,10.6,0.0,-0.0,0.0,118874.31,-0.0,0.0,104578.875,expiry,0
57,26,25,2025-07-29 08:00:00+00:00,close,BTC-29JUL25-114000-P,buy,10.6,0.0,-0.0,0.0,118874.31,-0.0,0.0,104578.875,expiry,0
57,27,27,2025-07-29 17:10:00+00:00,open,BTC-30JUL25-121000-C,sell,10.7,1e-04,0.00107,0.000111493995,117814.13,126.06112,13.135569,104691.805,,0
57,27,27,2025-07-29 17:10:00+00:00,open,BTC-30JUL25-114000-P,sell,10.7,1e-04,0.00107,0.000111493995,117814.13,126.06112,13.135569,104804.73,,0
57,28,27,2025-07-30 08:00:00+00:00,close,BTC-30JUL25-121000-C,buy,10.7,0.0,-0.0,0.0,118129.93,-0.0,0.0,104804.73,expiry,0
57,28,27,2025-07-30 08:00:00+00:00,close,BTC-30JUL25-114000-P,buy,10.7,0.0,-0.0,0.0,118129.93,-0.0,0.0,104804.73,expiry,0
57,29,29,2025-07-30 17:00:00+00:00,open,BTC-31JUL25-121000-C,sell,10.2,0.0003,0.0030600003,0.00031885202,117759.54,360.3442,37.547867,105127.52,,0
57,29,29,2025-07-30 17:00:00+00:00,open,BTC-31JUL25-114000-P,sell,10.2,0.0004,0.00408,0.00042513598,117759.54,480.4589,50.06382,105557.92,,0
57,30,29,2025-07-31 08:00:00+00:00,close,BTC-31JUL25-121000-C,buy,10.2,0.0,-0.0,0.0,118687.4,-0.0,0.0,105557.92,expiry,0
57,30,29,2025-07-31 08:00:00+00:00,close,BTC-31JUL25-114000-P,buy,10.2,0.0,-0.0,0.0,118687.4,-0.0,0.0,105557.92,expiry,0
57,31,31,2025-07-31 17:00:00+00:00,open,BTC-1AUG25-122000-C,sell,10.7,0.0003,0.0032100002,0.00033448203,118491.05,380.3563,39.633125,105898.64,,0
57,31,31,2025-07-31 17:00:00+00:00,open,BTC-1AUG25-115000-P,sell,10.7,0.0002,0.00214,0.00022298799,118491.05,253.57083,26.422081,106125.79,,0
57,32,31,2025-08-01 08:00:00+00:00,close,BTC-1AUG25-122000-C,buy,10.7,0.0,-0.0,0.0,114942.26,-0.0,0.0,106125.79,expiry,0
57,32,31,2025-08-01 08:00:00+00:00,close,BTC-1AUG25-115000-P,buy,10.7,0.0005023582,-0.005375233,0.0,114942.26,-617.84143,0.0,105507.945,expiry,0
57,33,33,2025-08-04 18:55:00+00:00,open,BTC-5AUG25-118000-C,sell,11.0,1e-04,0.0011,0.000114619994,114952.78,126.44806,13.175887,105621.22,,0
57,33,33,2025-08-04 18:55:00+00:00,open,BTC-5AUG25-111000-P,sell,11.0,1e-04,0.0011,0.000114619994,114952.78,126.44806,13.175887,105734.49,,0
57,34,33,2025-08-05 08:00:00+00:00,close,BTC-5AUG25-118000-C,buy,11.0,0.0,-0.0,0.0,113929.64,-0.0,0.0,105734.49,expiry,0
57,34,33,2025-08-05 08:00:00+00:00,close,BTC-5AUG25-111000-P,buy,11.0,0.0,-0.0,0.0,113929.64,-0.0,0.0,105734.49,expiry,0
57,35,35,2025-08-07 17:00:00+00:00,open,BTC-8AUG25-120000-C,sell,10.9,0.0002,0.0021799998,0.000227156,116332.57,253.605,26.42564,105961.67,,0
57,35,35,2025-08-07 17:00:00+00:00,open,BTC-8AUG25-113000-P,sell,10.9,0.0002,0.0021799998,0.000227156,116332.57,253.605,26.42564,106188.85,,0
57,36,35,2025-08-08 08:00:00+00:00,close,BTC-8AUG25-120000-C,buy,10.9,0.0,-0.0,0.0,116800.52,-0.0,0.0,106188.85,expiry,0
57,36,35,2025-08-08 08:00:00+00:00,close,BTC-8AUG25-113000-P,buy,10.9,0.0,-0.0,0.0,116800.52,-0.0,0.0,106188.85,expiry,0
57,37,37,2025-08-12 18:00:00+00:00,open,BTC-13AUG25-123000-C,sell,10.7,0.0002,0.00214,0.00022298799,119336.32,255.37971,26.610567,106417.62,,0
57,37,37,2025-08-12 18:00:00+00:00,open,BTC-13AUG25-116000-P,sell,10.7,0.0002,0.00214,0.00022298799,119336.32,255.37971,26.610567,106646.39,,0
57,38,37,2025-08-13 08:00:00+00:00,close,BTC-13AUG25-123000-C,buy,10.7,0.0,-0.0,0.0,119523.81,-0.0,0.0,106646.39,expiry,0
57,38,37,2025-08-13 08:00:00+00:00,close,BTC-13AUG25-116000-P,buy,10.7,0.0,-0.0,0.0,119523.81,-0.0,0.0,106646.39,expiry,0
57,39,39,2025-08-18 19:00:00+00:00,open,BTC-19AUG25-120000-C,sell,11.0,1e-04,0.0011,0.000114619994,116637.11,128.30081,13.368945,106761.32,,0
57,39,39,2025-08-18 19:00:00+00:00,open,BTC-19AUG25-113000-P,sell,11.0,1e-04,0.0011,0.000114619994,116637.11,128.30081,13.368945,106876.25,,0
57,40,39,2025-08-19 08:00:00+00:00,close,BTC-19AUG25-120000-C,buy,11.0,0.0,-0.0,0.0,115011.6,-0.0,0.0,106876.25,expiry,0
57,40,39,2025-08-19 08:00:00+00:00,close,BTC-19AUG25-113000-P,buy,11.0,0.0,-0.0,0.0,115011.6,-0.0,0.0,106876.25,expiry,0
57,41,41,2025-08-19 23:05:00+00:00,open,BTC-20AUG25-116000-C,sell,11.4,1e-04,0.00114,0.000118788,112982.32,128.79984,13.420943,106991.63,,0
57,41,41,2025-08-19 23:05:00+00:00,open,BTC-20AUG25-110000-P,sell,11.4,0.0003,0.0034200002,0.000356364,112982.32,386.39957,40.262833,107337.766,,0
57,42,41,2025-08-20 08:00:00+00:00,close,BTC-20AUG25-116000-C,buy,11.4,0.0,-0.0,0.0,113420.94,-0.0,0.0,107337.766,expiry,0
57,42,41,2025-08-20 08:00:00+00:00,close,BTC-20AUG25-110000-P,buy,11.4,0.0,-0.0,0.0,113420.94,-0.0,0.0,107337.766,expiry,0
57,43,43,2025-08-20 19:00:00+00:00,open,BTC-21AUG25-117000-C,sell,11.3,1e-04,0.00113,0.000117746,113528.69,128.28741,13.367549,107452.69,,0
57,43,43,2025-08-20 19:00:00+00:00,open,BTC-21AUG25-110000-P,sell,11.3,0.0003,0.0033900002,0.00035323802,113528.69,384.86227,40.10265,107797.445,,0
57,44,43,2025-08-21 08:00:00+00:00,close,BTC-21AUG25-117000-C,buy,11.3,0.0,-0.0,0.0,113900.95,-0.0,0.0,107797.445,expiry,0
57,44,43,2025-08-21 08:00:00+00:00,close,BTC-21AUG25-110000-P,buy,11.3,0.0,-0.0,0.0,113900.95,-0.0,0.0,107797.445,expiry,0
57,45,45,2025-08-21 19:00:00+00:00,open,BTC-22AUG25-116000-C,sell,11.5,1e-04,0.00115,0.000119829994,112597.76,129.48741,13.492589,107913.445,,0
57,45,45,2025-08-21 19:00:00+00:00,open,BTC-22AUG25-109000-P,sell,11.5,0.0003,0.0034500002,0.00035949002,112597.76,388.46228,40.47777,108261.43,,0
57,46,45,2025-08-22 08:00:00+00:00,close,BTC-22AUG25-116000-C,buy,11.5,0.0,-0.0,0.0,113038.03,-0.0,0.0,108261.43,expiry,0
57,46,45,2025-08-22 08:00:00+00:00,close,BTC-22AUG25-109000-P,buy,11.5,0.0,-0.0,0.0,113038.03,-0.0,0.0,108261.43,expiry,0
57,47,47,2025-08-26 17:00:00+00:00,open,BTC-27AUG25-114000-C,sell,11.8,1e-04,0.00118,0.000122956,110199.85,130.03583,13.549732,108377.914,,0
57,47,47,2025-08-26 17:00:00+00:00,open,BTC-27AUG25-107000-P,sell,11.8,0.0005,0.0059,0.00061478,110199.85,650.17914,67.748665,108960.34,,0
57,48,47,2025-08-27 08:00:00+00:00,close,BTC-27AUG25-114000-C,buy,11.8,0.0,-0.0,0.0,110798.58,-0.0,0.0,108960.34,expiry,0
57,48,47,2025-08-27 08:00:00+00:00,close,BTC-27AUG25-107000-P,buy,11.8,0.0,-0.0,0.0,110798.58,-0.0,0.0,108960.34,expiry,0
57,49,49,2025-08-27 19:00:00+00:00,open,BTC-28AUG25-115000-C,sell,11.7,1e-04,0.00117,0.000121913996,112006.57,131.04768,13.655169,109077.734,,0
57,49,49,2025-08-27 19:00:00+00:00,open,BTC-28AUG25-109000-P,sell,11.7,0.0003,0.0035100002,0.00036574202,112006.57,393.14307,40.965508,109429.914,,0
57,50,49,2025-08-28 08:00:00+00:00,close,BTC-28AUG25-115000-C,buy,11.7,0.0,-0.0,0.0,113160.5,-0.0,0.0,109429.914,expiry,0
57,50,49,2025-08-28 08:00:00+00:00,close,BTC-28AUG25-109000-P,buy,11.7,0.0,-0.0,0.0,113160.5,-0.0,0.0,109429.914,expiry,0
57,51,51,2025-08-28 18:00:00+00:00,open,BTC-29AUG25-116000-C,sell,11.7,0.0003,0.0035100002,0.00036574202,112337.44,394.3044,41.08652,109783.13,,0
57,51,51,2025-08-28 18:00:00+00:00,open,BTC-29AUG25-109000-P,sell,11.7,0.0003,0.0035100002,0.00036574202,112337.44,394.3044,41.08652,110136.35,,0
57,52,51,2025-08-29 08:00:00+00:00,close,BTC-29AUG25-116000-C,buy,11.7,0.0,-0.0,0.0,110191.95,-0.0,0.0,110136.35,expiry,0
57,52,51,2025-08-29 08:00:00+00:00,close,BTC-29AUG25-109000-P,buy,11.7,0.0,-0.0,0.0,110191.95,-0.0,0.0,110136.35,expiry,0
57,53,53,2025-09-01 17:00:00+00:00,open,BTC-2SEP25-112000-C,sell,12.2,1e-04,0.00122,0.000127124,108752.08,132.67754,13.824999,110255.2,,0
57,53,53,2025-09-01 17:00:00+00:00,open,BTC-2SEP25-105000-P,sell,12.2,1e-04,0.00122,0.000127124,108752.08,132.67754,13.824999,110374.055,,0
57,54,53,2025-09-02 08:00:00+00:00,close,BTC-2SEP25-112000-C,buy,12.2,0.0,-0.0,0.0,110253.16,-0.0,0.0,110374.055,expiry,0
57,54,53,2025-09-02 08:00:00+00:00,close,BTC-2SEP25-105000-P,buy,12.2,0.0,-0.0,0.0,110253.16,-0.0,0.0,110374.055,expiry,0
57,55,55,2025-09-02 18:00:00+00:00,open,BTC-3SEP25-114000-C,sell,11.9,1e-04,0.00119,0.00012399799,110904.89,131.97682,13.751985,110492.28,,0
57,55,55,2025-09-02 18:00:00+00:00,open,BTC-3SEP25-108000-P,sell,11.9,0.0003,0.0035700002,0.000371994,110904.89,395.93048,41.255955,110846.95,,0
57,56,55,2025-09-03 08:00:00+00:00,close,BTC-3SEP25-114000-C,buy,11.9,0.0,-0.0,0.0,111106.16,-0.0,0.0,110846.95,expiry,0
57,56,55,2025-09-03 08:00:00+00:00,close,BTC-3SEP25-108000-P,buy,11.9,0.0,-0.0,0.0,111106.16,-0.0,0.0,110846.95,expiry,0
57,57,57,2025-09-04 17:00:00+00:00,open,BTC-5SEP25-113000-C,sell,12.1,1e-04,0.00121,0.000126082,109493.87,132.48758,13.805205,110965.64,,0
57,57,57,2025-09-04 17:00:00+00:00,open,BTC-5SEP25-106000-P,sell,12.1,0.0005,0.0060500004,0.00063041004,109493.87,662.4379,69.02603,111559.05,,0
57,58,57,2025-09-05 08:00:00+00:00,close,BTC-5SEP25-113000-C,buy,12.1,0.0,-0.0,0.0,112966.21,-0.0,0.0,111559.05,expiry,0
57,58,57,2025-09-05 08:00:00+00:00,close,BTC-5SEP25-106000-P,buy,12.1,0.0,-0.0,0.0,112966.21,-0.0,0.0,111559.05,expiry,0
57,59,59,2025-09-09 18:00:00+00:00,open,BTC-10SEP25-114000-C,sell,12.1,1e-04,0.00121,0.000126082,111059.06,134.38147,14.002548,111679.43,,0
57,59,59,2025-09-09 18:00:00+00:00,open,BTC-10SEP25-108000-P,sell,12.1,0.0002,0.00242,0.000252164,111059.06,268.76294,28.005096,111920.19,,0
57,60,59,2025-09-10 08:00:00+00:00,close,BTC-10SEP25-114000-C,buy,12.1,0.0,-0.0,0.0,112526.84,-0.0,0.0,111920.19,expiry,0
57,60,59,2025-09-10 08:00:00+00:00,close,BTC-10SEP25-108000-P,buy,12.1,0.0,-0.0,0.0,112526.84,-0.0,0.0,111920.19,expiry,0
57,61,61,2025-09-11 18:05:00+00:00,open,BTC-12SEP25-118000-C,sell,11.7,1e-04,0.00117,0.000121913996,114578.76,134.05714,13.968755,112040.27,,0
57,61,61,2025-09-11 18:05:00+00:00,open,BTC-12SEP25-111000-P,sell,11.7,0.0002,0.00234,0.00024382799,114578.76,268.1143,27.93751,112280.45,,0
57,62,61,2025-09-12 08:00:00+00:00,close,BTC-12SEP25-118000-C,buy,11.7,0.0,-0.0,0.0,115152.76,-0.0,0.0,112280.45,expiry,0
57,62,61,2025-09-12 08:00:00+00:00,close,BTC-12SEP25-111000-P,buy,11.7,0.0,-0.0,0.0,115152.76,-0.0,0.0,112280.45,expiry,0
57,63,63,2025-09-15 17:00:00+00:00,open,BTC-16SEP25-118000-C,sell,11.7,1e-04,0.00117,0.000121913996,114710.11,134.21083,13.984768,112400.68,,0
57,63,63,2025-09-15 17:00:00+00:00,open,BTC-16SEP25-111000-P,sell,11.7,1e-04,0.00117,0.000121913996,114710.11,134.21083,13.984768,112520.91,,0
57,64,63,2025-09-16 08:00:00+00:00,close,BTC-16SEP25-118000-C,buy,11.7,0.0,-0.0,0.0,115923.7,-0.0,0.0,112520.91,expiry,0
57,64,63,2025-09-16 08:00:00+00:00,close,BTC-16SEP25-111000-P,buy,11.7,0.0,-0.0,0.0,115923.7,-0.0,0.0,112520.91,expiry,0
57,65,65,2025-09-16 21:00:00+00:00,open,BTC-17SEP25-120000-C,sell,11.6,0.0003,0.0034800002,0.000362616,116883.16,406.75342,42.383705,112885.27,,0
57,65,65,2025-09-16 21:00:00+00:00,open,BTC-17SEP25-113000-P,sell,11.6,1e-04,0.00116,0.000120872,116883.16,135.58446,14.1279,113006.73,,0
57,66,65,2025-09-17 08:00:00+00:00,close,BTC-17SEP25-120000-C,buy,11.6,0.0,-0.0,0.0,117222.28,-0.0,0.0,113006.73,expiry,0
57,66,65,2025-09-17 08:00:00+00:00,close,BTC-17SEP25-113000-P,buy,11.6,0.0,-0.0,0.0,117222.28,-0.0,0.0,113006.73,expiry,0
57,67,67,2025-09-17 17:00:00+00:00,open,BTC-18SEP25-120000-C,sell,3.3,0.001,0.0033000002,0.00034386,115758.55,382.00323,39.804737,113348.93,,0
57,67,67,2025-09-17 17:00:00+00:00,open,BTC-18SEP25-111000-P,sell,3.3,0.0014,0.00462,0.000481404,115758.55,534.80444,55.726627,113828.01,,0
57,68,67,2025-09-18 08:00:00+00:00,close,BTC-18SEP25-120000-C,buy,3.3,0.0,-0.0,0.0,117104.53,-0.0,0.0,113828.01,expiry,0
57,68,67,2025-09-18 08:00:00+00:00,close,BTC-18SEP25-111000-P,buy,3.3,0.0,-0.0,0.0,117104.53,-0.0,0.0,113828.01,expiry,0
57,69,69,2025-09-18 17:00:00+00:00,open,BTC-19SEP25-121000-C,sell,11.6,1e-04,0.00116,0.000120872,117635.71,136.45743,14.2188635,113950.24,,0
57,69,69,2025-09-18 17:00:00+00:00,open,BTC-19SEP25-114000-P,sell,11.6,0.0002,0.00232,0.000241744,117635.71,272.91486,28.437727,114194.72,,0
57,70,69,2025-09-19 08:00:00+00:00,close,BTC-19SEP25-121000-C,buy,11.6,0.0,-0.0,0.0,116963.64,-0.0,0.0,114194.72,expiry,0
57,70,69,2025-09-19 08:00:00+00:00,close,BTC-19SEP25-114000-P,buy,11.6,0.0,-0.0,0.0,116963.64,-0.0,0.0,114194.72,expiry,0
57,71,71,2025-09-22 17:00:00+00:00,open,BTC-23SEP25-116000-C,sell,11.6,1e-04,0.00116,0.000120872,112706.97,130.74008,13.6231165,114311.836,,0
57,71,71,2025-09-22 17:00:00+00:00,open,BTC-23SEP25-108000-P,sell,11.6,0.0006,0.0069600004,0.000725232,112706.97,784.44055,81.7387,115014.54,,0
57,72,71,2025-09-23 08:00:00+00:00,close,BTC-23SEP25-116000-C,buy,11.6,0.0,-0.0,0.0,113121.31,-0.0,0.0,115014.54,expiry,0
57,72,71,2025-09-23 08:00:00+00:00,close,BTC-23SEP25-108000-P,buy,11.6,0.0,-0.0,0.0,113121.31,-0.0,0.0,115014.54,expiry,0
57,73,73,2025-09-25 23:00:00+00:00,open,BTC-26SEP25-113000-C,sell,12.6,1e-04,0.0012599999,0.00013129199,109468.3,137.93005,14.372312,115138.1,,0
57,73,73,2025-09-25 23:00:00+00:00,open,BTC-26SEP25-106000-P,sell,12.6,0.0003,0.0037800001,0.00039387602,109468.3,413.7902,43.116936,115508.77,,0
57,74,73,2025-09-26 08:00:00+00:00,close,BTC-26SEP25-113000-C,buy,12.6,0.0,-0.0,0.0,109462.41,-0.0,0.0,115508.77,expiry,0
57,74,73,2025-09-26 08:00:00+00:00,close,BTC-26SEP25-106000-P,buy,12.6,0.0,-0.0,0.0,109462.41,-0.0,0.0,115508.77,expiry,0
57,75,75,2025-10-01 20:00:00+00:00,open,BTC-2OCT25-121000-C,sell,11.8,1e-04,0.00118,0.000122956,117402.82,138.53532,14.435381,115632.875,,0
57,75,75,2025-10-01 20:00:00+00:00,open,BTC-2OCT25-114000-P,sell,11.8,1e-04,0.00118,0.000122956,117402.82,138.53532,14.435381,115756.97,,0
57,76,75,2025-10-02 08:00:00+00:00,close,BTC-2OCT25-121000-C,buy,11.8,0.0,-0.0,0.0,118621.84,-0.0,0.0,115756.97,expiry,0
57,76,75,2025-10-02 08:00:00+00:00,close,BTC-2OCT25-114000-P,buy,11.8,0.0,-0.0,0.0,118621.84,-0.0,0.0,115756.97,expiry,0
57,77,77,2025-10-02 22:00:00+00:00,open,BTC-3OCT25-124000-C,sell,11.6,1e-04,0.00116,0.000120872,120256.27,139.49727,14.535616,115881.93,,0
57,77,77,2025-10-02 22:00:00+00:00,open,BTC-3OCT25-117000-P,sell,11.6,1e-04,0.00116,0.000120872,120256.27,139.49727,14.535616,116006.9,,0
57,78,77,2025-10-03 08:00:00+00:00,close,BTC-3OCT25-124000-C,buy,11.6,0.0,-0.0,0.0,119767.06,-0.0,0.0,116006.9,expiry,0
57,78,77,2025-10-03 08:00:00+00:00,close,BTC-3OCT25-117000-P,buy,11.6,0.0,-0.0,0.0,119767.06,-0.0,0.0,116006.9,expiry,0
57,79,79,2025-10-06 22:00:00+00:00,open,BTC-7OCT25-129000-C,sell,11.1,0.0002,0.00222,0.000231324,125250.45,278.056,28.973434,116255.98,,0
57,79,79,2025-10-06 22:00:00+00:00,open,BTC-7OCT25-121000-P,sell,11.1,1e-04,0.00111,0.000115662,125250.45,139.028,14.486717,116380.516,,0
57,80,79,2025-10-07 08:00:00+00:00,close,BTC-7OCT25-129000-C,buy,11.1,0.0,-0.0,0.0,123677.39,-0.0,0.0,116380.516,expiry,0
57,80,79,2025-10-07 08:00:00+00:00,close,BTC-7OCT25-121000-P,buy,11.1,0.0,-0.0,0.0,123677.39,-0.0,0.0,116380.516,expiry,0
57,81,81,2025-10-08 22:25:00+00:00,open,BTC-9OCT25-127000-C,sell,11.3,1e-04,0.00113,0.000117746,123335.67,139.36931,14.522282,116505.37,,0
57,81,81,2025-10-08 22:25:00+00:00,open,BTC-9OCT25-120000-P,sell,11.3,1e-04,0.00113,0.000117746,123335.67,139.36931,14.522282,116630.21,,0
57,82,81,2025-10-09 08:00:00+00:00,close,BTC-9OCT25-127000-C,buy,11.3,0.0,-0.0,0.0,121933.99,-0.0,0.0,116630.21,expiry,0
57,82,81,2025-10-09 08:00:00+00:00,close,BTC-9OCT25-120000-P,buy,11.3,0.0,-0.0,0.0,121933.99,-0.0,0.0,116630.21,expiry,0
57,83,83,2025-10-09 20:00:00+00:00,open,BTC-10OCT25-125000-C,sell,11.6,0.0004,0.00464,0.000483488,121074.43,561.78534,58.538033,117133.46,,0
57,83,83,2025-10-09 20:00:00+00:00,open,BTC-10OCT25-117000-P,sell,11.6,0.0002,0.00232,0.000241744,121074.43,280.89267,29.269016,117385.086,,0
57,84,83,2025-10-10 08:00:00+00:00,close,BTC-10OCT25-125000-C,buy,11.6,0.0,-0.0,0.0,120995.65,-0.0,0.0,117385.086,expiry,0
57,84,83,2025-10-10 08:00:00+00:00,close,BTC-10OCT25-117000-P,buy,11.6,0.0,-0.0,0.0,120995.65,-0.0,0.0,117385.086,expiry,0
57,85,85,2025-10-13 22:00:00+00:00,open,BTC-14OCT25-119000-C,sell,11.6,0.0004,0.00464,0.000483488,115823.65,537.4217,55.999344,117866.51,,0
57,85,85,2025-10-13 22:00:00+00:00,open,BTC-14OCT25-112000-P,sell,11.6,0.0003,0.0034800002,0.000362616,115823.65,403.0663,41.99951,118227.57,,0
57,86,85,2025-10-14 08:00:00+00:00,close,BTC-14OCT25-119000-C,buy,11.6,0.0,-0.0,0.0,111825.93,-0.0,0.0,118227.57,expiry,0
57,86,85,2025-10-14 08:00:00+00:00,close,BTC-14OCT25-112000-P,buy,11.6,0.0015566185,-0.018056775,0.0,111825.93,-2019.2156,0.0,116208.36,expiry,0
57,87,87,2025-10-14 22:00:00+00:00,open,BTC-15OCT25-117000-C,sell,11.7,0.0002,0.00234,0.00024382799,113326.4,265.18378,27.632149,116445.91,,0
57,87,87,2025-10-14 22:00:00+00:00,open,BTC-15OCT25-110000-P,sell,11.7,0.0005,0.0058500003,0.00060957,113326.4,662.9595,69.080376,117039.79,,0
57,88,87,2025-10-15 08:00:00+00:00,close,BTC-15OCT25-117000-C,buy,11.7,0.0,-0.0,0.0,112607.78,-0.0,0.0,117039.79,expiry,0
57,88,87,2025-10-15 08:00:00+00:00,close,BTC-15OCT25-110000-P,buy,11.7,0.0,-0.0,0.0,112607.78,-0.0,0.0,117039.79,expiry,0
57,89,89,2025-10-15 19:00:00+00:00,open,BTC-16OCT25-115000-C,sell,8.4,0.0002,0.00168,0.00017505599,111392.18,187.13885,19.499868,117207.43,,0
57,89,89,2025-10-15 19:00:00+00:00,open,BTC-16OCT25-108000-P,sell,8.4,0.0008,0.00672,0.00070022396,111392.18,748.5554,77.99947,117877.984,,0
57,90,89,2025-10-16 08:00:00+00:00,close,BTC-16OCT25-115000-C,buy,8.4,0.0,-0.0,0.0,110537.52,-0.0,0.0,117877.984,expiry,0
57,90,89,2025-10-16 08:00:00+00:00,close,BTC-16OCT25-108000-P,buy,8.4,0.0,-0.0,0.0,110537.52,-0.0,0.0,117877.984,expiry,0
57,91,91,2025-10-16 22:00:00+00:00,open,BTC-17OCT25-112000-C,sell,7.2,0.0003,0.0021600001,0.00022507201,108439.55,234.22943,24.406708,118087.805,,0
57,91,91,2025-10-16 22:00:00+00:00,open,BTC-17OCT25-105000-P,sell,7.2,0.0009,0.00648,0.00067521597,108439.55,702.68823,73.220116,118717.27,,0
57,92,91,2025-10-17 08:00:00+00:00,close,BTC-17OCT25-112000-C,buy,7.2,0.0,-0.0,0.0,105563.97,-0.0,0.0,118717.27,expiry,0
57,92,91,2025-10-17 08:00:00+00:00,close,BTC-17OCT25-105000-P,buy,7.2,0.0,-0.0,0.0,105563.97,-0.0,0.0,118717.27,expiry,0
57,93,93,2025-10-20 17:00:00+00:00,open,BTC-21OCT25-114000-C,sell,9.5,0.0003,0.00285,0.00029697,110788.83,315.74817,32.90096,119000.12,,0
57,93,93,2025-10-20 17:00:00+00:00,open,BTC-21OCT25-107000-P,sell,9.5,0.0006,0.0057,0.00059394,110788.83,631.49634,65.80192,119565.81,,0
57,94,93,2025-10-21 08:00:00+00:00,close,BTC-21OCT25-114000-C,buy,9.5,0.0,-0.0,0.0,108074.21,-0.0,0.0,119565.81,expiry,0
57,94,93,2025-10-21 08:00:00+00:00,close,BTC-21OCT25-107000-P,buy,9.5,0.0,-0.0,0.0,108074.21,-0.0,0.0,119565.81,expiry,0
57,95,95,2025-10-22 18:00:00+00:00,open,BTC-23OCT25-111000-C,sell,4.9,0.0006,0.00294,0.00030634803,107837.76,317.04303,33.035885,119849.82,,0
57,95,95,2025-10-22 18:00:00+00:00,open,BTC-23OCT25-105000-P,sell,4.9,0.0012,0.00588,0.00061269605,107837.76,634.08606,66.07177,120417.836,,0
57,96,95,2025-10-23 08:00:00+00:00,close,BTC-23OCT25-111000-C,buy,4.9,0.0,-0.0,0.0,109334.68,-0.0,0.0,120417.836,expiry,0
57,96,95,2025-10-23 08:00:00+00:00,close,BTC-23OCT25-105000-P,buy,4.9,0.0,-0.0,0.0,109334.68,-0.0,0.0,120417.836,expiry,0
57,97,97,2025-10-23 20:00:00+00:00,open,BTC-24OCT25-114000-C,sell,9.7,0.0003,0.00291,0.000303222,110149.38,320.53473,33.39972,120704.97,,0
57,97,97,2025-10-23 20:00:00+00:00,open,BTC-24OCT25-107000-P,sell,9.7,0.0006,0.00582,0.000606444,110149.38,641.06946,66.79944,121279.24,,0
57,98,97,2025-10-24 08:00:00+00:00,close,BTC-24OCT25-114000-C,buy,9.7,0.0,-0.0,0.0,111061.82,-0.0,0.0,121279.24,expiry,0
57,98,97,2025-10-24 08:00:00+00:00,close,BTC-24OCT25-107000-P,buy,9.7,0.0,-0.0,0.0,111061.82,-0.0,0.0,121279.24,expiry,0
57,99,99,2025-10-27 17:00:00+00:00,open,BTC-28OCT25-119000-C,sell,12.6,1e-04,0.0012599999,0.00013129199,115520.76,145.55615,15.166951,121409.63,,0
57,99,99,2025-10-27 17:00:00+00:00,open,BTC-28OCT25-112000-P,sell,12.6,1e-04,0.0012599999,0.00013129199,115520.76,145.55615,15.166951,121540.02,,0
57,100,99,2025-10-28 08:00:00+00:00,close,BTC-28OCT25-119000-C,buy,12.6,0.0,-0.0,0.0,114195.92,-0.0,0.0,121540.02,expiry,0
57,100,99,2025-10-28 08:00:00+00:00,close,BTC-28OCT25-112000-P,buy,12.6,0.0,-0.0,0.0,114195.92,-0.0,0.0,121540.02,expiry,0
57,101,101,2025-10-28 18:00:00+00:00,open,BTC-29OCT25-119000-C,sell,12.6,1e-04,0.0012599999,0.00013129199,115302.37,145.28098,15.138278,121670.164,,0
57,101,101,2025-10-28 18:00:00+00:00,open,BTC-29OCT25-112000-P,sell,12.6,0.0003,0.0037800001,0.00039387602,115302.37,435.84296,45.414837,122060.59,,0
57,102,101,2025-10-29 08:00:00+00:00,close,BTC-29OCT25-119000-C,buy,12.6,0.0,-0.0,0.0,113564.41,-0.0,0.0,122060.59,expiry,0
57,102,101,2025-10-29 08:00:00+00:00,close,BTC-29OCT25-112000-P,buy,12.6,0.0,-0.0,0.0,113564.41,-0.0,0.0,122060.59,expiry,0
57,103,103,2025-10-29 22:00:00+00:00,open,BTC-30OCT25-115000-C,sell,13.1,0.0002,0.00262,0.000273004,111589.38,292.36417,30.464348,122322.49,,0
57,103,103,2025-10-29 22:00:00+00:00,open,BTC-30OCT25-108000-P,sell,13.1,0.0003,0.00393,0.00040950603,111589.38,438.5463,45.696526,122715.34,,0
57,104,103,2025-10-30 08:00:00+00:00,close,BTC-30OCT25-115000-C,buy,13.1,0.0,-0.0,0.0,111333.3,-0.0,0.0,122715.34,expiry,0
57,104,103,2025-10-30 08:00:00+00:00,close,BTC-30OCT25-108000-P,buy,13.1,0.0,-0.0,0.0,111333.3,-0.0,0.0,122715.34,expiry,0
57,105,105,2025-10-30 22:00:00+00:00,open,BTC-31OCT25-111000-C,sell,6.5,0.0005,0.00325,0.00033865002,107850.96,350.51562,36.52373,123029.336,,0
57,105,105,2025-10-30 22:00:00+00:00,open,BTC-31OCT25-104000-P,sell,6.5,0.0009,0.00585,0.00060957,107850.96,630.9281,65.74271,123594.516,,0
57,106,105,2025-10-31 08:00:00+00:00,close,BTC-31OCT25-111000-C,buy,6.5,0.0,-0.0,0.0,109387.8,-0.0,0.0,123594.516,expiry,0
57,106,105,2025-10-31 08:00:00+00:00,close,BTC-31OCT25-104000-P,buy,6.5,0.0,-0.0,0.0,109387.8,-0.0,0.0,123594.516,expiry,0
57,107,107,2025-11-03 20:00:00+00:00,open,BTC-4NOV25-110000-C,sell,13.8,0.0002,0.0027599998,0.000287592,107133.53,295.68854,30.810745,123859.4,,0
57,107,107,2025-11-03 20:00:00+00:00,open,BTC-4NOV25-104000-P,sell,13.8,0.0003,0.0041400003,0.00043138803,107133.53,443.53284,46.21612,124256.71,,0
57,108,107,2025-11-04 08:00:00+00:00,close,BTC-4NOV25-110000-C,buy,13.8,0.0,-0.0,0.0,104475.69,-0.0,0.0,124256.71,expiry,0
57,108,107,2025-11-04 08:00:00+00:00,close,BTC-4NOV25-104000-P,buy,13.8,0.0,-0.0,0.0,104475.69,-0.0,0.0,124256.71,expiry,0
57,109,109,2025-11-05 19:00:00+00:00,open,BTC-6NOV25-108000-C,sell,14.3,1e-04,0.00143,0.000149006,104314.57,149.16983,15.543496,124390.336,,0
57,109,109,2025-11-05 19:00:00+00:00,open,BTC-6NOV25-101000-P,sell,14.3,0.0004,0.00572,0.000596024,104314.57,596.6793,62.173985,124924.84,,0
57,110,109,2025-11-06 08:00:00+00:00,close,BTC-6NOV25-108000-C,buy,14.3,0.0,-0.0,0.0,103104.47,-0.0,0.0,124924.84,expiry,0
57,110,109,2025-11-06 08:00:00+00:00,close,BTC-6NOV25-101000-P,buy,14.3,0.0,-0.0,0.0,103104.47,-0.0,0.0,124924.84,expiry,0
57,111,111,2025-11-06 22:00:00+00:00,open,BTC-7NOV25-104000-C,sell,9.9,0.0003,0.00297,0.000309474,101072.03,300.18396,31.279167,125193.75,,0
57,111,111,2025-11-06 22:00:00+00:00,open,BTC-7NOV25-98000-P,sell,9.9,0.0007,0.0069299997,0.00072210596,101072.03,700.42914,72.98472,125821.195,,0
57,112,111,2025-11-07 08:00:00+00:00,close,BTC-7NOV25-104000-C,buy,9.9,0.0,-0.0,0.0,101927.04,-0.0,0.0,125821.195,expiry,0
57,112,111,2025-11-07 08:00:00+00:00,close,BTC-7NOV25-98000-P,buy,9.9,0.0,-0.0,0.0,101927.04,-0.0,0.0,125821.195,expiry,0
57,113,113,2025-11-10 18:00:00+00:00,open,BTC-11NOV25-109000-C,sell,14.2,0.0002,0.00284,0.00029592798,105969.57,300.95358,31.359362,126090.79,,0
57,113,113,2025-11-10 18:00:00+00:00,open,BTC-11NOV25-103000-P,sell,14.2,0.0004,0.00568,0.00059185596,105969.57,601.90717,62.718723,126629.98,,0
57,114,113,2025-11-11 08:00:00+00:00,close,BTC-11NOV25-109000-C,buy,14.2,0.0,-0.0,0.0,104851.37,-0.0,0.0,126629.98,expiry,0
57,114,113,2025-11-11 08:00:00+00:00,close,BTC-11NOV25-103000-P,buy,14.2,0.0,-0.0,0.0,104851.37,-0.0,0.0,126629.98,expiry,0
57,115,115,2025-11-11 20:00:00+00:00,open,BTC-12NOV25-106000-C,sell,14.7,0.0002,0.00294,0.000306348,103038.68,302.93372,31.565693,126901.34,,0
57,115,115,2025-11-11 20:00:00+00:00,open,BTC-12NOV25-100000-P,sell,14.7,0.0003,0.00441,0.000459522,103038.68,454.4006,47.34854,127308.4,,0
57,116,115,2025-11-12 08:00:00+00:00,close,BTC-12NOV25-106000-C,buy,14.7,0.0,-0.0,0.0,103136.14,-0.0,0.0,127308.4,expiry,0
57,116,115,2025-11-12 08:00:00+00:00,close,BTC-12NOV25-100000-P,buy,14.7,0.0,-0.0,0.0,103136.14,-0.0,0.0,127308.4,expiry,0
57,117,117,2025-11-12 22:00:00+00:00,open,BTC-13NOV25-105000-C,sell,15.0,0.0002,0.003,0.0003126,101849.38,305.54813,31.838116,127582.11,,0
57,117,117,2025-11-12 22:00:00+00:00,open,BTC-13NOV25-99000-P,sell,15.0,0.0004,0.006,0.0006252,101849.38,611.09625,63.67623,128129.52,,0
57,118,117,2025-11-13 08:00:00+00:00,close,BTC-13NOV25-105000-C,buy,15.0,0.0,-0.0,0.0,103512.14,-0.0,0.0,128129.52,expiry,0
57,118,117,2025-11-13 08:00:00+00:00,close,BTC-13NOV25-99000-P,buy,15.0,0.0,-0.0,0.0,103512.14,-0.0,0.0,128129.52,expiry,0
57,119,119,2025-11-18 20:00:00+00:00,open,BTC-19NOV25-96000-C,sell,12.2,0.0003,0.0036600002,0.00038137203,93241.6,341.26428,35.55974,128435.234,,0
57,119,119,2025-11-18 20:00:00+00:00,open,BTC-19NOV25-90000-P,sell,12.2,0.0006,0.0073200003,0.00076274405,93241.6,682.52856,71.11948,129046.64,,0
57,120,119,2025-11-19 08:00:00+00:00,close,BTC-19NOV25-96000-C,buy,12.2,0.0,-0.0,0.0,91807.77,-0.0,0.0,129046.64,expiry,0
57,120,119,2025-11-19 08:00:00+00:00,close,BTC-19NOV25-90000-P,buy,12.2,0.0,-0.0,0.0,91807.77,-0.0,0.0,129046.64,expiry,0
57,121,121,2025-11-19 23:00:00+00:00,open,BTC-20NOV25-93000-C,sell,11.4,0.0004,0.00456,0.000475152,90510.84,412.72943,43.00641,129416.36,,0
57,121,121,2025-11-19 23:00:00+00:00,open,BTC-20NOV25-88000-P,sell,11.4,0.0006,0.0068400004,0.000712728,90510.84,619.0942,64.50961,129970.945,,0
57,122,121,2025-11-20 08:00:00+00:00,close,BTC-20NOV25-93000-C,buy,11.4,0.0,-0.0,0.0,92157.25,-0.0,0.0,129970.945,expiry,0
57,122,121,2025-11-20 08:00:00+00:00,close,BTC-20NOV25-88000-P,buy,11.4,0.0,-0.0,0.0,92157.25,-0.0,0.0,129970.945,expiry,0
57,123,123,2025-11-20 23:00:00+00:00,open,BTC-21NOV25-91000-C,sell,7.4,0.0004,0.00296,0.000308432,88045.58,260.6149,27.156073,130204.41,,0
57,123,123,2025-11-20 23:00:00+00:00,open,BTC-21NOV25-85500-P,sell,7.4,0.0012,0.008880001,0.00092529604,88045.58,781.8448,81.46822,130904.78,,0
57,124,123,2025-11-21 07:35:00+00:00,close,BTC-21NOV25-91000-C,buy,7.4,1e-04,-0.00074,7.7108e-05,83703.97,-61.940937,6.4542456,130836.39,strike_proximity_stop,0
57,124,123,2025-11-21 07:35:00+00:00,close,BTC-21NOV25-85500-P,buy,7.4,1e-04,-0.00074,7.7108e-05,83703.97,-61.940937,6.4542456,130767.99,strike_proximity_stop,0
57,125,125,2025-11-24 20:00:00+00:00,open,BTC-25NOV25-92000-C,sell,13.2,1e-04,0.0013199999,0.00013754399,88382.17,116.66447,12.156437,130872.5,,0
57,125,125,2025-11-24 20:00:00+00:00,open,BTC-25NOV25-86000-P,sell,13.2,0.0008,0.010559999,0.0011003519,88382.17,933.31573,97.251495,131708.56,,0
57,126,125,2025-11-25 08:00:00+00:00,close,BTC-25NOV25-92000-C,buy,13.2,0.0,-0.0,0.0,87371.71,-0.0,0.0,131708.56,expiry,0
57,126,125,2025-11-25 08:00:00+00:00,close,BTC-25NOV25-86000-P,buy,13.2,0.0,-0.0,0.0,87371.71,-0.0,0.0,131708.56,expiry,0
57,127,127,2025-11-25 18:00:00+00:00,open,BTC-26NOV25-90000-C,sell,10.0,0.0004,0.0039999997,0.0004168,87572.13,350.2885,36.500065,132022.36,,0
57,127,127,2025-11-25 18:00:00+00:00,open,BTC-26NOV25-85000-P,sell,10.0,0.0008,0.007999999,0.0008336,87572.13,700.577,73.00013,132649.94,,0
57,128,127,2025-11-26 08:00:00+00:00,close,BTC-26NOV25-90000-C,buy,10.0,0.0,-0.0,0.0,87855.31,-0.0,0.0,132649.94,expiry,0
57,128,127,2025-11-26 08:00:00+00:00,close,BTC-26NOV25-85000-P,buy,10.0,0.0,-0.0,0.0,87855.31,-0.0,0.0,132649.94,expiry,0
57,129,129,2025-11-26 21:40:00+00:00,open,BTC-27NOV25-94000-C,sell,17.6,1e-04,0.00176,0.000183392,90262.79,158.8625,16.553473,132792.23,,0
57,129,129,2025-11-26 21:40:00+00:00,open,BTC-27NOV25-87000-P,sell,17.6,1e-04,0.00176,0.000183392,90262.79,158.8625,16.553473,132934.55,,0
57,130,129,2025-11-27 08:00:00+00:00,close,BTC-27NOV25-94000-C,buy,17.6,0.0,-0.0,0.0,91418.62,-0.0,0.0,132934.55,expiry,0
57,130,129,2025-11-27 08:00:00+00:00,close,BTC-27NOV25-87000-P,buy,17.6,0.0,-0.0,0.0,91418.62,-0.0,0.0,132934.55,expiry,0
57,131,131,2025-11-27 18:00:00+00:00,open,BTC-28NOV25-94000-C,sell,16.6,0.0003,0.00498,0.000518916,91459.35,455.4676,47.459724,133342.56,,0
57,131,131,2025-11-27 18:00:00+00:00,open,BTC-28NOV25-89000-P,sell,16.6,0.0004,0.00664,0.000691888,91459.35,607.2901,63.279625,133886.56,,0
57,132,131,2025-11-28 08:00:00+00:00,close,BTC-28NOV25-94000-C,buy,16.6,0.0,-0.0,0.0,90935.42,-0.0,0.0,133886.56,expiry,0
57,132,131,2025-11-28 08:00:00+00:00,close,BTC-28NOV25-89000-P,buy,16.6,0.0,-0.0,0.0,90935.42,-0.0,0.0,133886.56,expiry,0
57,133,133,2025-12-01 19:00:00+00:00,open,BTC-2DEC25-88000-C,sell,7.9,0.0005,0.0039500003,0.00041159,85247.15,336.72626,35.086876,134188.2,,0
57,133,133,2025-12-01 19:00:00+00:00,open,BTC-2DEC25-82000-P,sell,7.9,0.0011,0.00869,0.000905498,85247.15,740.7977,77.191124,134851.81,,0
57,134,133,2025-12-02 08:00:00+00:00,close,BTC-2DEC25-88000-C,buy,7.9,0.0,-0.0,0.0,87038.85,-0.0,0.0,134851.81,expiry,0
57,134,133,2025-12-02 08:00:00+00:00,close,BTC-2DEC25-82000-P,buy,7.9,0.0,-0.0,0.0,87038.85,-0.0,0.0,134851.81,expiry,0
57,135,135,2025-12-02 21:00:00+00:00,open,BTC-3DEC25-94000-C,sell,17.8,0.0002,0.0035599999,0.00037095198,91054.94,324.15558,33.77701,135142.19,,0
57,135,135,2025-12-02 21:00:00+00:00,open,BTC-3DEC25-88000-P,sell,17.8,0.0003,0.00534,0.00055642804,91054.94,486.2334,50.66552,135577.77,,0
57,136,135,2025-12-03 08:00:00+00:00,close,BTC-3DEC25-94000-C,buy,17.8,0.0,-0.0,0.0,93082.52,-0.0,0.0,135577.77,expiry,0
57,136,135,2025-12-03 08:00:00+00:00,close,BTC-3DEC25-88000-P,buy,17.8,0.0,-0.0,0.0,93082.52,-0.0,0.0,135577.77,expiry,0
57,137,137,2025-12-03 18:00:00+00:00,open,BTC-4DEC25-96000-C,sell,17.5,0.0003,0.0052500004,0.00054705003,93008.82,488.29633,50.880478,136015.17,,0
57,137,137,2025-12-03 18:00:00+00:00,open,BTC-4DEC25-90000-P,sell,17.5,0.0002,0.0034999999,0.00036469998,93008.82,325.53085,33.920315,136306.78,,0
57,138,137,2025-12-04 08:00:00+00:00,close,BTC-4DEC25-96000-C,buy,17.5,0.0,-0.0,0.0,93370.72,-0.0,0.0,136306.78,expiry,0
57,138,137,2025-12-04 08:00:00+00:00,close,BTC-4DEC25-90000-P,buy,17.5,0.0,-0.0,0.0,93370.72,-0.0,0.0,136306.78,expiry,0
57,139,139,2025-12-04 18:00:00+00:00,open,BTC-5DEC25-95000-C,sell,16.9,0.0004,0.00676,0.000704392,92369.01,624.4145,65.06399,136866.14,,0
57,139,139,2025-12-04 18:00:00+00:00,open,BTC-5DEC25-89000-P,sell,16.9,0.0003,0.0050700004,0.000528294,92369.01,468.31088,48.797997,137285.64,,0
57,140,139,2025-12-05 08:00:00+00:00,close,BTC-5DEC25-95000-C,buy,16.9,0.0,-0.0,0.0,92235.73,-0.0,0.0,137285.64,expiry,0
57,140,139,2025-12-05 08:00:00+00:00,close,BTC-5DEC25-89000-P,buy,16.9,0.0,-0.0,0.0,92235.73,-0.0,0.0,137285.64,expiry,0
57,141,141,2025-12-08 20:00:00+00:00,open,BTC-9DEC25-93000-C,sell,18.3,0.0002,0.00366,0.000381372,90202.51,330.14117,34.40071,137581.39,,0
57,141,141,2025-12-08 20:00:00+00:00,open,BTC-9DEC25-87000-P,sell,18.3,0.0002,0.00366,0.000381372,90202.51,330.14117,34.40071,137877.12,,0
57,142,141,2025-12-09 08:00:00+00:00,close,BTC-9DEC25-93000-C,buy,18.3,0.0,-0.0,0.0,90493.77,-0.0,0.0,137877.12,expiry,0
57,142,141,2025-12-09 08:00:00+00:00,close,BTC-9DEC25-87000-P,buy,18.3,0.0,-0.0,0.0,90493.77,-0.0,0.0,137877.12,expiry,0
57,143,143,2025-12-09 20:00:00+00:00,open,BTC-10DEC25-97000-C,sell,17.7,0.0002,0.00354,0.000368868,93738.25,331.8334,34.57704,138174.39,,0
57,143,143,2025-12-09 20:00:00+00:00,open,BTC-10DEC25-91000-P,sell,17.7,0.0004,0.00708,0.000737736,93738.25,663.6668,69.15408,138768.89,,0
57,144,143,2025-12-10 08:00:00+00:00,close,BTC-10DEC25-97000-C,buy,17.7,0.0,-0.0,0.0,92732.47,-0.0,0.0,138768.89,expiry,0
57,144,143,2025-12-10 08:00:00+00:00,close,BTC-10DEC25-91000-P,buy,17.7,0.0,-0.0,0.0,92732.47,-0.0,0.0,138768.89,expiry,0
57,145,145,2025-12-10 18:00:00+00:00,open,BTC-11DEC25-96000-C,sell,4.6,0.001,0.0046,0.00047932004,92316.91,424.65778,44.24934,139149.31,,0
57,145,145,2025-12-10 18:00:00+00:00,open,BTC-11DEC25-89000-P,sell,4.6,0.0016,0.0073599997,0.000766912,92316.91,679.4524,70.79894,139757.95,,0
57,146,145,2025-12-11 08:00:00+00:00,close,BTC-11DEC25-96000-C,buy,4.6,0.0,-0.0,0.0,90256.43,-0.0,0.0,139757.95,expiry,0
57,146,145,2025-12-11 08:00:00+00:00,close,BTC-11DEC25-89000-P,buy,4.6,0.0,-0.0,0.0,90256.43,-0.0,0.0,139757.95,expiry,0
57,147,147,2025-12-15 23:00:00+00:00,open,BTC-16DEC25-89000-C,sell,19.5,1e-04,0.00195,0.00020319,86213.94,168.11717,17.517809,139908.56,,0
57,147,147,2025-12-15 23:00:00+00:00,open,BTC-16DEC25-83000-P,sell,19.5,1e-04,0.00195,0.00020319,86213.94,168.11717,17.517809,140059.16,,0
57,148,147,2025-12-16 08:00:00+00:00,close,BTC-16DEC25-89000-C,buy,19.5,0.0,-0.0,0.0,85957.03,-0.0,0.0,140059.16,expiry,0
57,148,147,2025-12-16 08:00:00+00:00,close,BTC-16DEC25-83000-P,buy,19.5,0.0,-0.0,0.0,85957.03,-0.0,0.0,140059.16,expiry,0
57,149,149,2025-12-16 18:00:00+00:00,open,BTC-17DEC25-90000-C,sell,19.3,0.0003,0.0057900003,0.00060331804,87063.32,504.09665,52.52687,140510.73,,0
57,149,149,2025-12-16 18:00:00+00:00,open,BTC-17DEC25-84000-P,sell,19.3,0.0002,0.0038599998,0.000402212,87063.32,336.06442,35.01791,140811.78,,0
57,150,149,2025-12-17 08:00:00+00:00,close,BTC-17DEC25-90000-C,buy,19.3,0.0,-0.0,0.0,86929.37,-0.0,0.0,140811.78,expiry,0
57,150,149,2025-12-17 08:00:00+00:00,close,BTC-17DEC25-84000-P,buy,19.3,0.0,-0.0,0.0,86929.37,-0.0,0.0,140811.78,expiry,0
57,151,151,2025-12-17 23:00:00+00:00,open,BTC-18DEC25-89000-C,sell,19.6,1e-04,0.00196,0.000204232,86215.49,168.98236,17.607962,140963.16,,0
57,151,151,2025-12-17 23:00:00+00:00,open,BTC-18DEC25-83000-P,sell,19.6,0.0002,0.00392,0.000408464,86215.49,337.96472,35.215923,141265.9,,0
57,152,151,2025-12-18 08:00:00+00:00,close,BTC-18DEC25-89000-C,buy,19.6,0.0,-0.0,0.0,86824.54,-0.0,0.0,141265.9,expiry,0
57,152,151,2025-12-18 08:00:00+00:00,close,BTC-18DEC25-83000-P,buy,19.6,0.0,-0.0,0.0,86824.54,-0.0,0.0,141265.9,expiry,0
57,153,153,2025-12-22 18:00:00+00:00,open,BTC-23DEC25-92000-C,sell,19.0,0.0004,0.0075999997,0.00079192,89307.52,678.7372,70.72441,141873.9,,0
57,153,153,2025-12-22 18:00:00+00:00,open,BTC-23DEC25-86000-P,sell,19.0,1e-04,0.0018999999,0.00019798,89307.52,169.6843,17.681103,142025.92,,0
57,154,153,2025-12-23 08:00:00+00:00,close,BTC-23DEC25-92000-C,buy,19.0,0.0,-0.0,0.0,87509.83,-0.0,0.0,142025.92,expiry,0
57,154,153,2025-12-23 08:00:00+00:00,close,BTC-23DEC25-86000-P,buy,19.0,0.0,-0.0,0.0,87509.83,-0.0,0.0,142025.92,expiry,0
57,155,155,2025-12-23 19:00:00+00:00,open,BTC-24DEC25-91000-C,sell,19.4,1e-04,0.00194,0.00020214799,87941.33,170.60617,17.777163,142178.75,,0
57,155,155,2025-12-23 19:00:00+00:00,open,BTC-24DEC25-85000-P,sell,19.4,0.0002,0.00388,0.00040429598,87941.33,341.21234,35.554325,142484.4,,0
57,156,155,2025-12-24 08:00:00+00:00,close,BTC-24DEC25-91000-C,buy,19.4,0.0,-0.0,0.0,86840.59,-0.0,0.0,142484.4,expiry,0
57,156,155,2025-12-24 08:00:00+00:00,close,BTC-24DEC25-85000-P,buy,19.4,0.0,-0.0,0.0,86840.59,-0.0,0.0,142484.4,expiry,0
57,157,157,2025-12-24 18:00:00+00:00,open,BTC-25DEC25-90000-C,sell,19.6,1e-04,0.00196,0.000204232,87253.75,171.01735,17.820007,142637.6,,0
57,157,157,2025-12-24 18:00:00+00:00,open,BTC-25DEC25-84000-P,sell,19.6,1e-04,0.00196,0.000204232,87253.75,171.01735,17.820007,142790.8,,0
57,158,157,2025-12-25 08:00:00+00:00,close,BTC-25DEC25-90000-C,buy,19.6,0.0,-0.0,0.0,87795.9,-0.0,0.0,142790.8,expiry,0
57,158,157,2025-12-25 08:00:00+00:00,close,BTC-25DEC25-84000-P,buy,19.6,0.0,-0.0,0.0,87795.9,-0.0,0.0,142790.8,expiry,0
57,159,159,2025-12-25 18:00:00+00:00,open,BTC-26DEC25-92000-C,sell,19.4,0.0002,0.00388,0.00040429598,88105.83,341.85062,35.620834,143097.03,,0
57,159,159,2025-12-25 18:00:00+00:00,open,BTC-26DEC25-85000-P,sell,19.4,0.0004,0.00776,0.00080859195,88105.83,683.70123,71.24167,143709.48,,0
57,160,159,2025-12-26 08:00:00+00:00,close,BTC-26DEC25-92000-C,buy,19.4,0.0,-0.0,0.0,88546.68,-0.0,0.0,143709.48,expiry,0
57,160,159,2025-12-26 08:00:00+00:00,close,BTC-26DEC25-85000-P,buy,19.4,0.0,-0.0,0.0,88546.68,-0.0,0.0,143709.48,expiry,0
57,161,161,2025-12-29 18:00:00+00:00,open,BTC-30DEC25-91000-C,sell,19.6,1e-04,0.00196,0.000204232,87781.46,172.05167,17.927782,143863.61,,0
57,161,161,2025-12-29 18:00:00+00:00,open,BTC-30DEC25-85000-P,sell,19.6,0.0002,0.00392,0.000408464,87781.46,344.10333,35.855564,144171.86,,0
57,162,161,2025-12-30 08:00:00+00:00,close,BTC-30DEC25-91000-C,buy,19.6,0.0,-0.0,0.0,87398.47,-0.0,0.0,144171.86,expiry,0
57,162,161,2025-12-30 08:00:00+00:00,close,BTC-30DEC25-85000-P,buy,19.6,0.0,-0.0,0.0,87398.47,-0.0,0.0,144171.86,expiry,0
57,163,163,2025-12-30 19:00:00+00:00,open,BTC-31DEC25-91000-C,sell,19.6,1e-04,0.00196,0.000204232,88187.03,172.84657,18.010612,144326.69,,0
57,163,163,2025-12-30 19:00:00+00:00,open,BTC-31DEC25-85000-P,sell,19.6,1e-04,0.00196,0.000204232,88187.03,172.84657,18.010612,144481.53,,0
57,164,163,2025-12-31 08:00:00+00:00,close,BTC-31DEC25-91000-C,buy,19.6,0.0,-0.0,0.0,88515.15,-0.0,0.0,144481.53,expiry,0
57,164,163,2025-12-31 08:00:00+00:00,close,BTC-31DEC25-85000-P,buy,19.6,0.0,-0.0,0.0,88515.15,-0.0,0.0,144481.53,expiry,0
57,165,165,2025-12-31 19:00:00+00:00,open,BTC-1JAN26-90000-C,sell,19.8,0.0003,0.00594,0.000618948,87652.85,520.65796,54.25256,144947.94,,0
57,165,165,2025-12-31 19:00:00+00:00,open,BTC-1JAN26-85000-P,sell,19.8,0.0003,0.00594,0.000618948,87652.85,520.65796,54.25256,145414.34,,0
57,166,165,2026-01-01 08:00:00+00:00,close,BTC-1JAN26-90000-C,buy,19.8,0.0,-0.0,0.0,87500.56,-0.0,0.0,145414.34,expiry,0
57,166,165,2026-01-01 08:00:00+00:00,close,BTC-1JAN26-85000-P,buy,19.8,0.0,-0.0,0.0,87500.56,-0.0,0.0,145414.34,expiry,0
57,167,167,2026-01-01 23:35:00+00:00,open,BTC-2JAN26-91000-C,sell,19.7,1e-04,0.0019699999,0.000205274,88690.37,174.72002,18.205826,145570.86,,0
57,167,167,2026-01-01 23:35:00+00:00,open,BTC-2JAN26-86000-P,sell,19.7,1e-04,0.0019699999,0.000205274,88690.37,174.72002,18.205826,145727.38,,0
57,168,167,2026-01-02 08:00:00+00:00,close,BTC-2JAN26-91000-C,buy,19.7,0.0,-0.0,0.0,88801.11,-0.0,0.0,145727.38,expiry,0
57,168,167,2026-01-02 08:00:00+00:00,close,BTC-2JAN26-86000-P,buy,19.7,0.0,-0.0,0.0,88801.11,-0.0,0.0,145727.38,expiry,0
57,169,169,2026-01-07 22:00:00+00:00,open,BTC-8JAN26-94000-C,sell,19.2,1e-04,0.00192,0.000200064,90879.06,174.4878,18.18163,145883.67,,0
57,169,169,2026-01-07 22:00:00+00:00,open,BTC-8JAN26-88000-P,sell,19.2,1e-04,0.00192,0.000200064,90879.06,174.4878,18.18163,146039.98,,0
57,170,169,2026-01-08 08:00:00+00:00,close,BTC-8JAN26-94000-C,buy,19.2,0.0,-0.0,0.0,90462.91,-0.0,0.0,146039.98,expiry,0
57,170,169,2026-01-08 08:00:00+00:00,close,BTC-8JAN26-88000-P,buy,19.2,0.0,-0.0,0.0,90462.91,-0.0,0.0,146039.98,expiry,0
57,171,171,2026-01-08 22:00:00+00:00,open,BTC-9JAN26-94000-C,sell,19.2,1e-04,0.00192,0.000200064,91202.69,175.10916,18.246374,146196.84,,0
57,171,171,2026-01-08 22:00:00+00:00,open,BTC-9JAN26-88000-P,sell,19.2,1e-04,0.00192,0.000200064,91202.69,175.10916,18.246374,146353.7,,0
57,172,171,2026-01-09 08:00:00+00:00,close,BTC-9JAN26-94000-C,buy,19.2,0.0,-0.0,0.0,90691.96,-0.0,0.0,146353.7,expiry,0
57,172,171,2026-01-09 08:00:00+00:00,close,BTC-9JAN26-88000-P,buy,19.2,0.0,-0.0,0.0,90691.96,-0.0,0.0,146353.7,expiry,0
57,173,173,2026-01-12 21:00:00+00:00,open,BTC-13JAN26-94000-C,sell,19.2,1e-04,0.00192,0.000200064,91383.4,175.45612,18.282528,146510.88,,0
57,173,173,2026-01-12 21:00:00+00:00,open,BTC-13JAN26-89000-P,sell,19.2,0.0002,0.00384,0.000400128,91383.4,350.91223,36.565056,146825.23,,0
57,174,173,2026-01-13 08:00:00+00:00,close,BTC-13JAN26-94000-C,buy,19.2,0.0,-0.0,0.0,91875.63,-0.0,0.0,146825.23,expiry,0
57,174,173,2026-01-13 08:00:00+00:00,close,BTC-13JAN26-89000-P,buy,19.2,0.0,-0.0,0.0,91875.63,-0.0,0.0,146825.23,expiry,0
57,175,175,2026-01-13 22:15:00+00:00,open,BTC-14JAN26-98000-C,sell,18.5,0.0002,0.0037,0.00038553998,95332.75,352.73117,36.75459,147141.2,,0
57,175,175,2026-01-13 22:15:00+00:00,open,BTC-14JAN26-92000-P,sell,18.5,1e-04,0.00185,0.00019276999,95332.75,176.36559,18.377295,147299.19,,0
57,176,175,2026-01-14 08:00:00+00:00,close,BTC-14JAN26-98000-C,buy,18.5,0.0,-0.0,0.0,95214.32,-0.0,0.0,147299.19,expiry,0
57,176,175,2026-01-14 08:00:00+00:00,close,BTC-14JAN26-92000-P,buy,18.5,0.0,-0.0,0.0,95214.32,-0.0,0.0,147299.19,expiry,0
57,177,177,2026-01-14 23:00:00+00:00,open,BTC-15JAN26-100000-C,sell,18.2,1e-04,0.00182,0.000189644,96989.42,176.52074,18.393461,147457.31,,0
57,177,177,2026-01-14 23:00:00+00:00,open,BTC-15JAN26-94000-P,sell,18.2,0.0002,0.00364,0.000379288,96989.42,353.04147,36.786922,147773.58,,0
57,178,177,2026-01-15 08:00:00+00:00,close,BTC-15JAN26-100000-C,buy,18.2,0.0,-0.0,0.0,96557.07,-0.0,0.0,147773.58,expiry,0
57,178,177,2026-01-15 08:00:00+00:00,close,BTC-15JAN26-94000-P,buy,18.2,0.0,-0.0,0.0,96557.07,-0.0,0.0,147773.58,expiry,0
57,179,179,2026-01-15 23:00:00+00:00,open,BTC-16JAN26-98000-C,sell,18.6,1e-04,0.00186,0.000193812,95515.53,177.65889,18.512056,147932.72,,0
57,179,179,2026-01-15 23:00:00+00:00,open,BTC-16JAN26-93000-P,sell,18.6,0.0003,0.00558,0.00058143603,95515.53,532.9767,55.53617,148410.16,,0
57,180,179,2026-01-16 08:00:00+00:00,close,BTC-16JAN26-98000-C,buy,18.6,0.0,-0.0,0.0,95622.27,-0.0,0.0,148410.16,expiry,0
57,180,179,2026-01-16 08:00:00+00:00,close,BTC-16JAN26-93000-P,buy,18.6,0.0,-0.0,0.0,95622.27,-0.0,0.0,148410.16,expiry,0
57,181,181,2026-01-19 18:00:00+00:00,open,BTC-20JAN26-96000-C,sell,19.1,1e-04,0.00191,0.00019902199,93182.3,177.97818,18.545326,148569.6,,0
57,181,181,2026-01-19 18:00:00+00:00,open,BTC-20JAN26-90000-P,sell,19.1,0.0003,0.0057300003,0.000597066,93182.3,533.9346,55.635983,149047.89,,0
57,182,181,2026-01-20 08:00:00+00:00,close,BTC-20JAN26-96000-C,buy,19.1,0.0,-0.0,0.0,91045.35,-0.0,0.0,149047.89,expiry,0
57,182,181,2026-01-20 08:00:00+00:00,close,BTC-20JAN26-90000-P,buy,19.1,0.0,-0.0,0.0,91045.35,-0.0,0.0,149047.89,expiry,0
57,183,183,2026-01-20 22:25:00+00:00,open,BTC-21JAN26-92000-C,sell,20.0,1e-04,0.0019999999,0.0002084,89439.15,178.8783,18.639118,149208.12,,0
57,183,183,2026-01-20 22:25:00+00:00,open,BTC-21JAN26-87000-P,sell,20.0,0.0005,0.010000001,0.001042,89439.15,894.39154,93.195595,150009.33,,0
57,184,183,2026-01-21 08:00:00+00:00,close,BTC-21JAN26-92000-C,buy,20.0,0.0,-0.0,0.0,89076.12,-0.0,0.0,150009.33,expiry,0
57,184,183,2026-01-21 08:00:00+00:00,close,BTC-21JAN26-87000-P,buy,20.0,0.0,-0.0,0.0,89076.12,-0.0,0.0,150009.33,expiry,0
57,185,185,2026-01-21 22:00:00+00:00,open,BTC-22JAN26-93000-C,sell,20.0,1e-04,0.0019999999,0.0002084,90152.52,180.30504,18.787785,150170.84,,0
57,185,185,2026-01-21 22:00:00+00:00,open,BTC-22JAN26-87000-P,sell,20.0,1e-04,0.0019999999,0.0002084,90152.52,180.30504,18.787785,150332.36,,0
57,186,185,2026-01-22 08:00:00+00:00,close,BTC-22JAN26-93000-C,buy,20.0,0.0,-0.0,0.0,89755.94,-0.0,0.0,150332.36,expiry,0
57,186,185,2026-01-22 08:00:00+00:00,close,BTC-22JAN26-87000-P,buy,20.0,0.0,-0.0,0.0,89755.94,-0.0,0.0,150332.36,expiry,0
57,187,187,2026-01-22 20:00:00+00:00,open,BTC-23JAN26-92000-C,sell,13.4,0.0002,0.00268,0.000279256,89645.53,240.25002,25.034052,150547.58,,0
57,187,187,2026-01-22 20:00:00+00:00,open,BTC-23JAN26-87000-P,sell,13.4,0.0008,0.01072,0.001117024,89645.53,961.00006,100.13621,151408.44,,0
57,188,187,2026-01-23 08:00:00+00:00,close,BTC-23JAN26-92000-C,buy,13.4,0.0,-0.0,0.0,89471.56,-0.0,0.0,151408.44,expiry,0
57,188,187,2026-01-23 08:00:00+00:00,close,BTC-23JAN26-87000-P,buy,13.4,0.0,-0.0,0.0,89471.56,-0.0,0.0,151408.44,expiry,0
57,189,189,2026-01-26 20:35:00+00:00,open,BTC-27JAN26-90000-C,sell,20.7,1e-04,0.00207,0.00021569399,87718.78,181.57787,18.920414,151571.1,,0
57,189,189,2026-01-26 20:35:00+00:00,open,BTC-27JAN26-85000-P,sell,20.7,0.0002,0.00414,0.00043138798,87718.78,363.15573,37.840828,151896.42,,0
57,190,189,2026-01-27 08:00:00+00:00,close,BTC-27JAN26-90000-C,buy,20.7,0.0,-0.0,0.0,88214.79,-0.0,0.0,151896.42,expiry,0
57,190,189,2026-01-27 08:00:00+00:00,close,BTC-27JAN26-85000-P,buy,20.7,0.0,-0.0,0.0,88214.79,-0.0,0.0,151896.42,expiry,0
57,191,191,2026-01-27 20:00:00+00:00,open,BTC-28JAN26-91000-C,sell,20.6,1e-04,0.0020599999,0.000214652,88283.46,181.86392,18.95022,152059.33,,0
57,191,191,2026-01-27 20:00:00+00:00,open,BTC-28JAN26-85000-P,sell,20.6,1e-04,0.0020599999,0.000214652,88283.46,181.86392,18.95022,152222.23,,0
57,192,191,2026-01-28 08:00:00+00:00,close,BTC-28JAN26-91000-C,buy,20.6,0.0,-0.0,0.0,89035.66,-0.0,0.0,152222.23,expiry,0
57,192,191,2026-01-28 08:00:00+00:00,close,BTC-28JAN26-85000-P,buy,20.6,0.0,-0.0,0.0,89035.66,-0.0,0.0,152222.23,expiry,0
57,193,193,2026-01-28 22:00:00+00:00,open,BTC-29JAN26-92000-C,sell,20.5,1e-04,0.00205,0.00021361,89303.49,183.07216,19.076118,152386.23,,0
57,193,193,2026-01-28 22:00:00+00:00,open,BTC-29JAN26-86000-P,sell,20.5,1e-04,0.00205,0.00021361,89303.49,183.07216,19.076118,152550.23,,0
57,194,193,2026-01-29 08:00:00+00:00,close,BTC-29JAN26-92000-C,buy,20.5,0.0,-0.0,0.0,88154.75,-0.0,0.0,152550.23,expiry,0
57,194,193,2026-01-29 08:00:00+00:00,close,BTC-29JAN26-86000-P,buy,20.5,0.0,-0.0,0.0,88154.75,-0.0,0.0,152550.23,expiry,0
57,195,195,2026-01-29 22:00:00+00:00,open,BTC-30JAN26-87000-C,sell,16.1,0.0002,0.0032199998,0.000335524,84379.82,271.703,28.311455,152793.62,,0
57,195,195,2026-01-29 22:00:00+00:00,open,BTC-30JAN26-82000-P,sell,16.1,0.0007,0.01127,0.001174334,84379.82,950.9606,99.09009,153645.5,,0
57,196,195,2026-01-30 08:00:00+00:00,close,BTC-30JAN26-87000-C,buy,16.1,0.0,-0.0,0.0,82597.36,-0.0,0.0,153645.5,expiry,0
57,196,195,2026-01-30 08:00:00+00:00,close,BTC-30JAN26-82000-P,buy,16.1,0.0,-0.0,0.0,82597.36,-0.0,0.0,153645.5,expiry,0
57,197,197,2026-02-02 20:00:00+00:00,open,BTC-3FEB26-81000-C,sell,11.2,1e-04,0.0011199999,0.000116703995,78143.51,87.52073,9.119659,153723.89,,0
57,197,197,2026-02-02 20:00:00+00:00,open,BTC-3FEB26-76000-P,sell,11.2,0.0013,0.01456,0.001517152,78143.51,1137.7695,118.55558,154743.11,,0
57,198,197,2026-02-03 08:00:00+00:00,close,BTC-3FEB26-81000-C,buy,11.2,0.0,-0.0,0.0,78736.17,-0.0,0.0,154743.11,expiry,0
57,198,197,2026-02-03 08:00:00+00:00,close,BTC-3FEB26-76000-P,buy,11.2,0.0,-0.0,0.0,78736.17,-0.0,0.0,154743.11,expiry,0
57,199,199,2026-02-09 21:00:00+00:00,open,BTC-10FEB26-73000-C,sell,25.0,1e-04,0.0025,0.0002605,70687.18,176.71794,18.41401,154901.42,,0
57,199,199,2026-02-09 21:00:00+00:00,open,BTC-10FEB26-68000-P,sell,25.0,0.0006,0.015000001,0.001563,70687.18,1060.3077,110.48407,155851.23,,0
57,200,199,2026-02-10 08:00:00+00:00,close,BTC-10FEB26-73000-C,buy,25.0,0.0,-0.0,0.0,68892.25,-0.0,0.0,155851.23,expiry,0
57,200,199,2026-02-10 08:00:00+00:00,close,BTC-10FEB26-68000-P,buy,25.0,0.0,-0.0,0.0,68892.25,-0.0,0.0,155851.23,expiry,0
57,201,201,2026-02-10 19:00:00+00:00,open,BTC-11FEB26-71000-C,sell,15.1,0.0004,0.00604,0.000629368,68818.45,415.66345,43.31213,156223.6,,0
57,201,201,2026-02-10 19:00:00+00:00,open,BTC-11FEB26-66000-P,sell,15.1,0.0008,0.01208,0.001258736,68818.45,831.3269,86.62426,156968.3,,0
57,202,201,2026-02-11 08:00:00+00:00,close,BTC-11FEB26-71000-C,buy,15.1,0.0,-0.0,0.0,66994.91,-0.0,0.0,156968.3,expiry,0
57,202,201,2026-02-11 08:00:00+00:00,close,BTC-11FEB26-66000-P,buy,15.1,0.0,-0.0,0.0,66994.91,-0.0,0.0,156968.3,expiry,0
57,203,203,2026-02-11 19:00:00+00:00,open,BTC-12FEB26-69000-C,sell,7.8,0.001,0.0078000003,0.00081276003,67176.1,523.97363,54.59805,157437.67,,0
57,203,203,2026-02-11 19:00:00+00:00,open,BTC-12FEB26-65000-P,sell,7.8,0.0014,0.010919999,0.001137864,67176.1,733.563,76.43726,158094.8,,0
57,204,203,2026-02-12 08:00:00+00:00,close,BTC-12FEB26-69000-C,buy,7.8,0.0,-0.0,0.0,67210.4,-0.0,0.0,158094.8,expiry,0
57,204,203,2026-02-12 08:00:00+00:00,close,BTC-12FEB26-65000-P,buy,7.8,0.0,-0.0,0.0,67210.4,-0.0,0.0,158094.8,expiry,0
57,205,205,2026-02-12 22:00:00+00:00,open,BTC-13FEB26-68000-C,sell,12.0,0.0002,0.0023999999,0.00025008,65741.84,157.78043,16.44072,158236.14,,0
57,205,205,2026-02-12 22:00:00+00:00,open,BTC-13FEB26-64000-P,sell,12.0,0.0014,0.0168,0.0017505599,65741.84,1104.4629,115.08504,159225.52,,0
57,206,205,2026-02-13 08:00:00+00:00,close,BTC-13FEB26-68000-C,buy,12.0,0.0,-0.0,0.0,66185.73,-0.0,0.0,159225.52,expiry,0
57,206,205,2026-02-13 08:00:00+00:00,close,BTC-13FEB26-64000-P,buy,12.0,0.0,-0.0,0.0,66185.73,-0.0,0.0,159225.52,expiry,0
57,207,207,2026-02-16 18:00:00+00:00,open,BTC-17FEB26-70000-C,sell,11.7,0.0006,0.0070200004,0.00073148403,67905.56,476.69708,49.671833,159652.53,,0
57,207,207,2026-02-16 18:00:00+00:00,open,BTC-17FEB26-66000-P,sell,11.7,0.001,0.011700001,0.00121914,67905.56,794.4951,82.78639,160364.25,,0
57,208,207,2026-02-17 08:00:00+00:00,close,BTC-17FEB26-70000-C,buy,11.7,0.0,-0.0,0.0,68394.13,-0.0,0.0,160364.25,expiry,0
57,208,207,2026-02-17 08:00:00+00:00,close,BTC-17FEB26-66000-P,buy,11.7,0.0,-0.0,0.0,68394.13,-0.0,0.0,160364.25,expiry,0
57,209,209,2026-02-17 19:00:00+00:00,open,BTC-18FEB26-70000-C,sell,18.9,0.0002,0.00378,0.000393876,68017.33,257.1055,26.790392,160594.56,,0
57,209,209,2026-02-17 19:00:00+00:00,open,BTC-18FEB26-66000-P,sell,18.9,0.0008,0.01512,0.001575504,68017.33,1028.422,107.16157,161515.83,,0
57,210,209,2026-02-18 08:00:00+00:00,close,BTC-18FEB26-70000-C,buy,18.9,0.0,-0.0,0.0,68073.35,-0.0,0.0,161515.83,expiry,0
57,210,209,2026-02-18 08:00:00+00:00,close,BTC-18FEB26-66000-P,buy,18.9,0.0,-0.0,0.0,68073.35,-0.0,0.0,161515.83,expiry,0
57,211,211,2026-02-18 18:00:00+00:00,open,BTC-19FEB26-69000-C,sell,14.8,0.0004,0.00592,0.000616864,67167.52,397.6317,41.433228,161872.02,,0
57,211,211,2026-02-18 18:00:00+00:00,open,BTC-19FEB26-65000-P,sell,14.8,0.0009,0.01332,0.001387944,67167.52,894.6714,93.22476,162673.47,,0
57,212,211,2026-02-19 08:00:00+00:00,close,BTC-19FEB26-69000-C,buy,14.8,0.0,-0.0,0.0,67132.79,-0.0,0.0,162673.47,expiry,0
57,212,211,2026-02-19 08:00:00+00:00,close,BTC-19FEB26-65000-P,buy,14.8,0.0,-0.0,0.0,67132.79,-0.0,0.0,162673.47,expiry,0
57,213,213,2026-02-19 18:00:00+00:00,open,BTC-20FEB26-68500-C,sell,16.3,0.0002,0.00326,0.000339692,66330.29,216.23674,22.531868,162867.17,,0
57,213,213,2026-02-19 18:00:00+00:00,open,BTC-20FEB26-64000-P,sell,16.3,0.001,0.0163,0.0016984601,66330.29,1081.1837,112.65935,163835.69,,0
57,214,213,2026-02-20 08:00:00+00:00,close,BTC-20FEB26-68500-C,buy,16.3,0.0,-0.0,0.0,67819.46,-0.0,0.0,163835.69,expiry,0
57,214,213,2026-02-20 08:00:00+00:00,close,BTC-20FEB26-64000-P,buy,16.3,0.0,-0.0,0.0,67819.46,-0.0,0.0,163835.69,expiry,0
57,215,215,2026-02-23 22:00:00+00:00,open,BTC-24FEB26-66500-C,sell,16.9,0.0003,0.0050700004,0.000528294,64566.87,327.35406,34.11029,164128.94,,0
57,215,215,2026-02-23 22:00:00+00:00,open,BTC-24FEB26-62000-P,sell,16.9,0.0009,0.01521,0.0015848819,64566.87,982.0621,102.33087,165008.67,,0
57,216,215,2026-02-24 08:00:00+00:00,close,BTC-24FEB26-66500-C,buy,16.9,0.0,-0.0,0.0,63133.59,-0.0,0.0,165008.67,expiry,0
57,216,215,2026-02-24 08:00:00+00:00,close,BTC-24FEB26-62000-P,buy,16.9,0.0,-0.0,0.0,63133.59,-0.0,0.0,165008.67,expiry,0
57,217,217,2026-02-24 18:00:00+00:00,open,BTC-25FEB26-66000-C,sell,12.8,0.0004,0.00512,0.000533504,64248.3,328.9513,34.276726,165303.34,,0
57,217,217,2026-02-24 18:00:00+00:00,open,BTC-25FEB26-62000-P,sell,12.8,0.0012,0.015360001,0.0016005121,64248.3,986.85394,102.830185,166187.38,,0
57,218,217,2026-02-25 08:00:00+00:00,close,BTC-25FEB26-66000-C,buy,12.8,0.0,-0.0,0.0,65038.49,-0.0,0.0,166187.38,expiry,0
57,218,217,2026-02-25 08:00:00+00:00,close,BTC-25FEB26-62000-P,buy,12.8,0.0,-0.0,0.0,65038.49,-0.0,0.0,166187.38,expiry,0
57,219,219,2026-02-26 20:00:00+00:00,open,BTC-27FEB26-69500-C,sell,16.4,0.0006,0.00984,0.0010253281,67637.24,665.5505,69.350365,166783.56,,0
57,219,219,2026-02-26 20:00:00+00:00,open,BTC-27FEB26-65500-P,sell,16.4,0.0006,0.00984,0.0010253281,67637.24,665.5505,69.350365,167379.77,,0
57,220,219,2026-02-27 08:00:00+00:00,close,BTC-27FEB26-69500-C,buy,16.4,0.0,-0.0,0.0,67674.05,-0.0,0.0,167379.77,expiry,0
57,220,219,2026-02-27 08:00:00+00:00,close,BTC-27FEB26-65500-P,buy,16.4,0.0,-0.0,0.0,67674.05,-0.0,0.0,167379.77,expiry,0
57,221,221,2026-03-02 22:00:00+00:00,open,BTC-3MAR26-72000-C,sell,14.8,0.0002,0.00296,0.000308432,69425.27,205.49881,21.412975,167563.86,,0
57,221,221,2026-03-02 22:00:00+00:00,open,BTC-3MAR26-67500-P,sell,14.8,0.0011,0.01628,0.001696376,69425.27,1130.2434,117.77137,168576.33,,0
57,222,221,2026-03-03 08:00:00+00:00,close,BTC-3MAR26-72000-C,buy,14.8,0.0,-0.0,0.0,68160.59,-0.0,0.0,168576.33,expiry,0
57,222,221,2026-03-03 08:00:00+00:00,close,BTC-3MAR26-67500-P,buy,14.8,0.0,-0.0,0.0,68160.59,-0.0,0.0,168576.33,expiry,0
57,223,223,2026-03-03 22:00:00+00:00,open,BTC-4MAR26-70000-C,sell,18.0,0.0004,0.0072,0.00075024,68059.21,490.0263,51.06074,169015.3,,0
57,223,223,2026-03-03 22:00:00+00:00,open,BTC-4MAR26-66000-P,sell,18.0,0.0007,0.012599999,0.00131292,68059.21,857.546,89.35629,169783.48,,0
57,224,223,2026-03-04 08:00:00+00:00,close,BTC-4MAR26-70000-C,buy,18.0,0.0,-0.0,0.0,69620.43,-0.0,0.0,169783.48,expiry,0
57,224,223,2026-03-04 08:00:00+00:00,close,BTC-4MAR26-66000-P,buy,18.0,0.0,-0.0,0.0,69620.43,-0.0,0.0,169783.48,expiry,0
57,225,225,2026-03-04 22:00:00+00:00,open,BTC-5MAR26-76000-C,sell,16.8,0.0003,0.00504,0.000525168,73372.03,369.79504,38.532646,170114.75,,0
57,225,225,2026-03-04 22:00:00+00:00,open,BTC-5MAR26-71000-P,sell,16.8,0.0008,0.01344,0.0014004479,73372.03,986.12006,102.753716,170998.11,,0
57,226,225,2026-03-05 08:00:00+00:00,close,BTC-5MAR26-76000-C,buy,16.8,0.0,-0.0,0.0,72081.1,-0.0,0.0,170998.11,expiry,0
57,226,225,2026-03-05 08:00:00+00:00,close,BTC-5MAR26-71000-P,buy,16.8,0.0,-0.0,0.0,72081.1,-0.0,0.0,170998.11,expiry,0
57,227,227,2026-03-05 21:00:00+00:00,open,BTC-6MAR26-73500-C,sell,21.3,0.0003,0.00639,0.000665838,71264.35,455.37924,47.450516,171406.05,,0
57,227,227,2026-03-05 21:00:00+00:00,open,BTC-6MAR26-69000-P,sell,21.3,0.0006,0.01278,0.001331676,71264.35,910.7585,94.90103,172221.89,,0
57,228,227,2026-03-06 08:00:00+00:00,close,BTC-6MAR26-73500-C,buy,21.3,0.0,-0.0,0.0,71022.66,-0.0,0.0,172221.89,expiry,0
57,228,227,2026-03-06 08:00:00+00:00,close,BTC-6MAR26-69000-P,buy,21.3,0.0,-0.0,0.0,71022.66,-0.0,0.0,172221.89,expiry,0
57,229,229,2026-03-09 19:00:00+00:00,open,BTC-10MAR26-70500-C,sell,14.4,0.0005,0.0072000003,0.00075024005,68425.42,492.66306,51.33549,172663.22,,0
57,229,229,2026-03-09 19:00:00+00:00,open,BTC-10MAR26-66000-P,sell,14.4,0.0009,0.01296,0.0013504319,68425.42,886.79346,92.40388,173457.61,,0
57,230,229,2026-03-10 08:00:00+00:00,close,BTC-10MAR26-70500-C,buy,14.4,0.0,-0.0,0.0,70479.38,-0.0,0.0,173457.61,expiry,0
57,230,229,2026-03-10 08:00:00+00:00,close,BTC-10MAR26-66000-P,buy,14.4,0.0,-0.0,0.0,70479.38,-0.0,0.0,173457.61,expiry,0
57,231,231,2026-03-10 19:00:00+00:00,open,BTC-11MAR26-72000-C,sell,12.4,0.0006,0.0074400003,0.00077524805,70040.23,521.0993,54.29855,173924.42,,0
57,231,231,2026-03-10 19:00:00+00:00,open,BTC-11MAR26-68000-P,sell,12.4,0.001,0.0124,0.00129208,70040.23,868.49884,90.49758,174702.42,,0
57,232,231,2026-03-11 08:00:00+00:00,close,BTC-11MAR26-72000-C,buy,12.4,0.0,-0.0,0.0,69675.19,-0.0,0.0,174702.42,expiry,0
57,232,231,2026-03-11 08:00:00+00:00,close,BTC-11MAR26-68000-P,buy,12.4,0.0,-0.0,0.0,69675.19,-0.0,0.0,174702.42,expiry,0
57,233,233,2026-03-11 20:00:00+00:00,open,BTC-12MAR26-72500-C,sell,28.3,0.0003,0.008490001,0.000884658,70616.16,599.5312,62.47115,175239.47,,0
57,233,233,2026-03-11 20:00:00+00:00,open,BTC-12MAR26-68500-P,sell,28.3,0.0004,0.01132,0.001179544,70616.16,799.3749,83.29486,175955.56,,0
57,234,233,2026-03-12 08:00:00+00:00,close,BTC-12MAR26-72500-C,buy,28.3,0.0,-0.0,0.0,69865.79,-0.0,0.0,175955.56,expiry,0
57,234,233,2026-03-12 08:00:00+00:00,close,BTC-12MAR26-68500-P,buy,28.3,0.0,-0.0,0.0,69865.79,-0.0,0.0,175955.56,expiry,0
57,235,235,2026-03-12 18:00:00+00:00,open,BTC-13MAR26-72500-C,sell,25.0,0.0002,0.005,0.000521,70244.87,351.22433,36.597576,176270.19,,0
57,235,235,2026-03-12 18:00:00+00:00,open,BTC-13MAR26-68000-P,sell,25.0,0.0006,0.015000001,0.001563,70244.87,1053.6731,109.79273,177214.06,,0
57,236,235,2026-03-13 08:00:00+00:00,close,BTC-13MAR26-72500-C,buy,25.0,0.0,-0.0,0.0,71645.07,-0.0,0.0,177214.06,expiry,0
57,236,235,2026-03-13 08:00:00+00:00,close,BTC-13MAR26-68000-P,buy,25.0,0.0,-0.0,0.0,71645.07,-0.0,0.0,177214.06,expiry,0
57,237,237,2026-03-16 17:00:00+00:00,open,BTC-17MAR26-76000-C,sell,12.0,0.0005,0.006,0.00062520005,73936.21,443.61728,46.224922,177611.45,,0
57,237,237,2026-03-16 17:00:00+00:00,open,BTC-17MAR26-72000-P,sell,12.0,0.0011,0.0132,0.00137544,73936.21,975.958,101.694824,178485.72,,0
57,238,237,2026-03-17 08:00:00+00:00,close,BTC-17MAR26-76000-C,buy,12.0,0.0,-0.0,0.0,74325.45,-0.0,0.0,178485.72,expiry,0
57,238,237,2026-03-17 08:00:00+00:00,close,BTC-17MAR26-72000-P,buy,12.0,0.0,-0.0,0.0,74325.45,-0.0,0.0,178485.72,expiry,0
57,239,239,2026-03-17 17:00:00+00:00,open,BTC-18MAR26-76500-C,sell,14.8,0.0005,0.0074000005,0.00077108,74253.78,549.478,57.255608,178977.94,,0
57,239,239,2026-03-17 17:00:00+00:00,open,BTC-18MAR26-72000-P,sell,14.8,0.0008,0.01184,0.001233728,74253.78,879.16473,91.60896,179765.5,,0
57,240,239,2026-03-18 08:00:00+00:00,close,BTC-18MAR26-76500-C,buy,14.8,0.0,-0.0,0.0,73881.42,-0.0,0.0,179765.5,expiry,0
57,240,239,2026-03-18 08:00:00+00:00,close,BTC-18MAR26-72000-P,buy,14.8,0.0,-0.0,0.0,73881.42,-0.0,0.0,179765.5,expiry,0
57,241,241,2026-03-18 18:00:00+00:00,open,BTC-19MAR26-74000-C,sell,9.1,0.0007,0.0063699996,0.00066375395,71802.24,457.38028,47.659023,180175.22,,0
57,241,241,2026-03-18 18:00:00+00:00,open,BTC-19MAR26-69500-P,sell,9.1,0.0015,0.01365,0.00142233,71802.24,980.1006,102.12649,181053.19,,0
57,242,241,2026-03-19 08:00:00+00:00,close,BTC-19MAR26-74000-C,buy,9.1,0.0,-0.0,0.0,70244.25,-0.0,0.0,181053.19,expiry,0
57,242,241,2026-03-19 08:00:00+00:00,close,BTC-19MAR26-69500-P,buy,9.1,0.0,-0.0,0.0,70244.25,-0.0,0.0,181053.19,expiry,0
57,243,243,2026-03-19 18:00:00+00:00,open,BTC-20MAR26-72000-C,sell,13.0,0.0003,0.0039000001,0.00040638002,69842.43,272.3855,28.382568,181297.19,,0
57,243,243,2026-03-19 18:00:00+00:00,open,BTC-20MAR26-68000-P,sell,13.0,0.0013,0.0169,0.00176098,69842.43,1180.337,122.99112,182354.55,,0
57,244,243,2026-03-20 08:00:00+00:00,close,BTC-20MAR26-72000-C,buy,13.0,0.0,-0.0,0.0,70825.67,-0.0,0.0,182354.55,expiry,0
57,244,243,2026-03-20 08:00:00+00:00,close,BTC-20MAR26-68000-P,buy,13.0,0.0,-0.0,0.0,70825.67,-0.0,0.0,182354.55,expiry,0
57,245,245,2026-03-23 19:00:00+00:00,open,BTC-24MAR26-73000-C,sell,20.5,0.0004,0.0082,0.00085444,71022.93,582.388,60.68483,182876.25,,0
57,245,245,2026-03-23 19:00:00+00:00,open,BTC-24MAR26-69000-P,sell,20.5,0.0006,0.0123000005,0.00128166,71022.93,873.5821,91.02725,183658.8,,0
57,246,245,2026-03-24 08:00:00+00:00,close,BTC-24MAR26-73000-C,buy,20.5,0.0,-0.0,0.0,71270.41,-0.0,0.0,183658.8,expiry,0
57,246,245,2026-03-24 08:00:00+00:00,close,BTC-24MAR26-69000-P,buy,20.5,0.0,-0.0,0.0,71270.41,-0.0,0.0,183658.8,expiry,0
57,247,247,2026-03-24 20:00:00+00:00,open,BTC-25MAR26-71500-C,sell,26.5,0.0002,0.0053,0.00055225997,69338.27,367.49283,38.292755,183988.0,,0
57,247,247,2026-03-24 20:00:00+00:00,open,BTC-25MAR26-67500-P,sell,26.5,0.0006,0.0159,0.0016567801,69338.27,1102.4786,114.87827,184975.6,,0
57,248,247,2026-03-25 08:00:00+00:00,close,BTC-25MAR26-71500-C,buy,26.5,0.0,-0.0,0.0,70931.5,-0.0,0.0,184975.6,expiry,0
57,248,247,2026-03-25 08:00:00+00:00,close,BTC-25MAR26-67500-P,buy,26.5,0.0,-0.0,0.0,70931.5,-0.0,0.0,184975.6,expiry,0
57,249,249,2026-03-25 19:00:00+00:00,open,BTC-26MAR26-73000-C,sell,31.4,0.0003,0.00942,0.000981564,70782.06,666.7671,69.47713,185572.89,,0
57,249,249,2026-03-25 19:00:00+00:00,open,BTC-26MAR26-68500-P,sell,31.4,0.0003,0.00942,0.000981564,70782.06,666.7671,69.47713,186170.17,,0
57,250,249,2026-03-26 08:00:00+00:00,close,BTC-26MAR26-73000-C,buy,31.4,0.0,-0.0,0.0,70070.96,-0.0,0.0,186170.17,expiry,0
57,250,249,2026-03-26 08:00:00+00:00,close,BTC-26MAR26-68500-P,buy,31.4,0.0,-0.0,0.0,70070.96,-0.0,0.0,186170.17,expiry,0
57,251,251,2026-03-26 17:00:00+00:00,open,BTC-27MAR26-71000-C,sell,13.5,0.0009,0.01215,0.00126603,68916.66,837.33734,87.25055,186920.27,,0
57,251,251,2026-03-26 17:00:00+00:00,open,BTC-27MAR26-66000-P,sell,13.5,0.0007,0.00945,0.0009846899,68916.66,651.2624,67.86154,187503.67,,0
57,252,251,2026-03-27 08:00:00+00:00,close,BTC-27MAR26-71000-C,buy,13.5,0.0,-0.0,0.0,68600.61,-0.0,0.0,187503.67,expiry,0
57,252,251,2026-03-27 08:00:00+00:00,close,BTC-27MAR26-66000-P,buy,13.5,0.0,-0.0,0.0,68600.61,-0.0,0.0,187503.67,expiry,0
57,253,253,2026-03-30 17:00:00+00:00,open,BTC-31MAR26-69500-C,sell,22.3,1e-04,0.00223,0.000232366,67350.0,150.19049,15.64985,187638.2,,0
57,253,253,2026-03-30 17:00:00+00:00,open,BTC-31MAR26-65500-P,sell,22.3,0.0009,0.02007,0.002091294,67350.0,1351.7145,140.84865,188849.08,,0
57,254,253,2026-03-31 08:00:00+00:00,close,BTC-31MAR26-69500-C,buy,22.3,0.0,-0.0,0.0,67311.25,-0.0,0.0,188849.08,expiry,0
57,254,253,2026-03-31 08:00:00+00:00,close,BTC-31MAR26-65500-P,buy,22.3,0.0,-0.0,0.0,67311.25,-0.0,0.0,188849.08,expiry,0
57,255,255,2026-03-31 20:00:00+00:00,open,BTC-1APR26-70000-C,sell,31.8,0.0002,0.00636,0.000662712,67836.11,431.43765,44.955803,189235.56,,0
57,255,255,2026-03-31 20:00:00+00:00,open,BTC-1APR26-66000-P,sell,31.8,0.0005,0.0159,0.0016567801,67836.11,1078.5942,112.38951,190201.77,,0
57,256,255,2026-04-01 08:00:00+00:00,close,BTC-1APR26-70000-C,buy,31.8,0.0,-0.0,0.0,68680.33,-0.0,0.0,190201.77,expiry,0
57,256,255,2026-04-01 08:00:00+00:00,close,BTC-1APR26-66000-P,buy,31.8,0.0,-0.0,0.0,68680.33,-0.0,0.0,190201.77,expiry,0
57,257,257,2026-04-01 17:00:00+00:00,open,BTC-2APR26-71000-C,sell,15.8,0.0005,0.007900001,0.00082318,68828.73,543.74695,56.658432,190688.84,,0
57,257,257,2026-04-01 17:00:00+00:00,open,BTC-2APR26-66500-P,sell,15.8,0.0009,0.014219999,0.001481724,68828.73,978.74445,101.985176,191565.61,,0
57,258,257,2026-04-02 08:00:00+00:00,close,BTC-2APR26-71000-C,buy,15.8,0.0,-0.0,0.0,66871.52,-0.0,0.0,191565.61,expiry,0
57,258,257,2026-04-02 08:00:00+00:00,close,BTC-2APR26-66500-P,buy,15.8,0.0,-0.0,0.0,66871.52,-0.0,0.0,191565.61,expiry,0
57,259,259,2026-04-02 18:00:00+00:00,open,BTC-3APR26-68500-C,sell,28.7,0.0004,0.01148,0.001196216,66721.87,765.96704,79.81377,192251.77,,0
57,259,259,2026-04-02 18:00:00+00:00,open,BTC-3APR26-64000-P,sell,28.7,0.0004,0.01148,0.001196216,66721.87,765.96704,79.81377,192937.92,,0
57,260,259,2026-04-03 08:00:00+00:00,close,BTC-3APR26-68500-C,buy,28.7,0.0,-0.0,0.0,67010.63,-0.0,0.0,192937.92,expiry,0
57,260,259,2026-04-03 08:00:00+00:00,close,BTC-3APR26-64000-P,buy,28.7,0.0,-0.0,0.0,67010.63,-0.0,0.0,192937.92,expiry,0
57,261,261,2026-04-06 17:00:00+00:00,open,BTC-7APR26-72000-C,sell,22.1,0.0004,0.008839999,0.00092112797,69806.7,617.09125,64.30091,193490.7,,0
57,261,261,2026-04-06 17:00:00+00:00,open,BTC-7APR26-67500-P,sell,22.1,0.0006,0.01326,0.001381692,69806.7,925.6369,96.45137,194319.89,,0
57,262,261,2026-04-07 08:00:00+00:00,close,BTC-7APR26-72000-C,buy,22.1,0.0,-0.0,0.0,68616.5,-0.0,0.0,194319.89,expiry,0
57,262,261,2026-04-07 08:00:00+00:00,close,BTC-7APR26-67500-P,buy,22.1,0.0,-0.0,0.0,68616.5,-0.0,0.0,194319.89,expiry,0
57,263,263,2026-04-07 17:00:00+00:00,open,BTC-8APR26-70000-C,sell,11.4,0.0011,0.01254,0.001306668,68219.5,855.47253,89.140236,195086.22,,0
57,263,263,2026-04-07 17:00:00+00:00,open,BTC-8APR26-66000-P,sell,11.4,0.0009,0.01026,0.001069092,68219.5,699.93207,72.93292,195713.22,,0
57,264,263,2026-04-08 04:00:00+00:00,close,BTC-8APR26-70000-C,buy,11.4,0.02,-0.228,0.00285,71289.16,-16253.928,203.1741,179256.12,strike_proximity_stop,0
57,264,263,2026-04-08 04:00:00+00:00,close,BTC-8APR26-66000-P,buy,11.4,1e-04,-0.00114,0.000118788,71289.16,-81.26964,8.468296,179166.38,strike_proximity_stop,0
57,265,265,2026-04-08 17:00:00+00:00,open,BTC-9APR26-74000-C,sell,28.6,0.0003,0.00858,0.000894036,71611.6,614.42755,64.02335,179716.78,,0
57,265,265,2026-04-08 17:00:00+00:00,open,BTC-9APR26-69500-P,sell,28.6,0.0004,0.01144,0.001192048,71611.6,819.2367,85.36446,180450.66,,0
57,266,265,2026-04-09 08:00:00+00:00,close,BTC-9APR26-74000-C,buy,28.6,0.0,-0.0,0.0,70983.96,-0.0,0.0,180450.66,expiry,0
57,266,265,2026-04-09 08:00:00+00:00,close,BTC-9APR26-69500-P,buy,28.6,0.0,-0.0,0.0,70983.96,-0.0,0.0,180450.66,expiry,0
57,267,267,2026-04-09 21:00:00+00:00,open,BTC-10APR26-75000-C,sell,29.9,1e-04,0.00299,0.000311558,72425.85,216.55328,22.564854,180644.64,,0
57,267,267,2026-04-09 21:00:00+00:00,open,BTC-10APR26-70500-P,sell,29.9,0.0003,0.008970001,0.00093467406,72425.85,649.6599,67.694565,181226.61,,0
57,268,267,2026-04-10 08:00:00+00:00,close,BTC-10APR26-75000-C,buy,29.9,0.0,-0.0,0.0,71492.22,-0.0,0.0,181226.61,expiry,0
57,268,267,2026-04-10 08:00:00+00:00,close,BTC-10APR26-70500-P,buy,29.9,0.0,-0.0,0.0,71492.22,-0.0,0.0,181226.61,expiry,0
57,269,269,2026-04-13 21:00:00+00:00,open,BTC-14APR26-75500-C,sell,29.7,0.0002,0.00594,0.00061894796,73183.31,434.70886,45.296665,181616.03,,0
57,269,269,2026-04-13 21:00:00+00:00,open,BTC-14APR26-71000-P,sell,29.7,0.0003,0.00891,0.000928422,73183.31,652.06335,67.945,182200.14,,0
57,270,269,2026-04-14 08:00:00+00:00,close,BTC-14APR26-75500-C,buy,29.7,0.0,-0.0,0.0,74584.39,-0.0,0.0,182200.14,expiry,0
57,270,269,2026-04-14 08:00:00+00:00,close,BTC-14APR26-71000-P,buy,29.7,0.0,-0.0,0.0,74584.39,-0.0,0.0,182200.14,expiry,0
57,271,271,2026-04-14 19:00:00+00:00,open,BTC-15APR26-77000-C,sell,29.5,0.0002,0.0058999998,0.00061478,74186.93,437.70288,45.60864,182592.23,,0
57,271,271,2026-04-14 19:00:00+00:00,open,BTC-15APR26-72000-P,sell,29.5,0.0003,0.008850001,0.00092217006,74186.93,656.5544,68.412964,183180.38,,0
57,272,271,2026-04-15 08:00:00+00:00,close,BTC-15APR26-77000-C,buy,29.5,0.0,-0.0,0.0,73772.35,-0.0,0.0,183180.38,expiry,0
57,272,271,2026-04-15 08:00:00+00:00,close,BTC-15APR26-72000-P,buy,29.5,0.0,-0.0,0.0,73772.35,-0.0,0.0,183180.38,expiry,0
57,273,273,2026-04-15 17:00:00+00:00,open,BTC-16APR26-76000-C,sell,22.0,0.0005,0.011000001,0.0011462,73958.44,813.54285,84.771164,183909.16,,0
57,273,273,2026-04-15 17:00:00+00:00,open,BTC-16APR26-72000-P,sell,22.0,0.0004,0.0088,0.00091695995,73958.44,650.8342,67.816925,184492.17,,0
57,274,273,2026-04-16 08:00:00+00:00,close,BTC-16APR26-76000-C,buy,22.0,0.0,-0.0,0.0,74696.9,-0.0,0.0,184492.17,expiry,0
57,274,273,2026-04-16 08:00:00+00:00,close,BTC-16APR26-72000-P,buy,22.0,0.0,-0.0,0.0,74696.9,-0.0,0.0,184492.17,expiry,0
57,275,275,2026-04-16 18:00:00+00:00,open,BTC-17APR26-76500-C,sell,29.8,0.0003,0.00894,0.0009315481,74356.09,664.7435,69.26627,185087.64,,0
57,275,275,2026-04-16 18:00:00+00:00,open,BTC-17APR26-72000-P,sell,29.8,0.0003,0.00894,0.0009315481,74356.09,664.7435,69.26627,185683.12,,0
57,276,275,2026-04-17 08:00:00+00:00,close,BTC-17APR26-76500-C,buy,29.8,0.0,-0.0,0.0,75089.23,-0.0,0.0,185683.12,expiry,0
57,276,275,2026-04-17 08:00:00+00:00,close,BTC-17APR26-72000-P,buy,29.8,0.0,-0.0,0.0,75089.23,-0.0,0.0,185683.12,expiry,0
57,277,277,2026-04-20 20:00:00+00:00,open,BTC-21APR26-78500-C,sell,29.2,1e-04,0.0029199999,0.000304264,76236.86,222.61162,23.19613,185882.53,,0
57,277,277,2026-04-20 20:00:00+00:00,open,BTC-21APR26-74000-P,sell,29.2,1e-04,0.0029199999,0.000304264,76236.86,222.61162,23.19613,186081.95,,0
57,278,277,2026-04-21 08:00:00+00:00,close,BTC-21APR26-78500-C,buy,29.2,0.0,-0.0,0.0,76118.46,-0.0,0.0,186081.95,expiry,0
57,278,277,2026-04-21 08:00:00+00:00,close,BTC-21APR26-74000-P,buy,29.2,0.0,-0.0,0.0,76118.46,-0.0,0.0,186081.95,expiry,0
57,279,279,2026-04-21 22:00:00+00:00,open,BTC-22APR26-78000-C,sell,29.6,1e-04,0.00296,0.000308432,75566.24,223.67607,23.307047,186282.33,,0
57,279,279,2026-04-21 22:00:00+00:00,open,BTC-22APR26-73500-P,sell,29.6,0.0003,0.008880001,0.00092529604,75566.24,671.02826,69.92114,186883.42,,0
57,280,279,2026-04-22 08:00:00+00:00,close,BTC-22APR26-78000-C,buy,29.6,0.00027136065,-0.008032274,0.0,78021.17,-626.6875,0.0,186256.73,expiry,0
57,280,279,2026-04-22 08:00:00+00:00,close,BTC-22APR26-73500-P,buy,29.6,0.0,-0.0,0.0,78021.17,-0.0,0.0,186256.73,expiry,0
57,281,281,2026-04-22 18:00:00+00:00,open,BTC-23APR26-81000-C,sell,28.3,0.0004,0.01132,0.001179544,78931.71,893.50696,93.103424,187057.14,,0
57,281,281,2026-04-22 18:00:00+00:00,open,BTC-23APR26-76500-P,sell,28.3,0.0002,0.00566,0.000589772,78931.71,446.75348,46.551712,187457.34,,0
57,282,281,2026-04-23 08:00:00+00:00,close,BTC-23APR26-81000-C,buy,28.3,0.0,-0.0,0.0,78080.69,-0.0,0.0,187457.34,expiry,0
57,282,281,2026-04-23 08:00:00+00:00,close,BTC-23APR26-76500-P,buy,28.3,0.0,-0.0,0.0,78080.69,-0.0,0.0,187457.34,expiry,0
57,283,283,2026-04-23 20:00:00+00:00,open,BTC-24APR26-80000-C,sell,24.1,0.0003,0.0072300006,0.00075336604,77676.92,561.6042,58.519154,187960.44,,0
57,283,283,2026-04-23 20:00:00+00:00,open,BTC-24APR26-75500-P,sell,24.1,0.0005,0.012050001,0.00125561,77676.92,936.00696,97.53192,188798.9,,0
57,284,283,2026-04-24 08:00:00+00:00,close,BTC-24APR26-80000-C,buy,24.1,0.0,-0.0,0.0,77676.0,-0.0,0.0,188798.9,expiry,0
57,284,283,2026-04-24 08:00:00+00:00,close,BTC-24APR26-75500-P,buy,24.1,0.0,-0.0,0.0,77676.0,-0.0,0.0,188798.9,expiry,0
57,285,285,2026-04-27 18:00:00+00:00,open,BTC-28APR26-79000-C,sell,29.5,0.0003,0.008850001,0.00092217006,76733.42,679.0908,70.76126,189407.23,,0
57,285,285,2026-04-27 18:00:00+00:00,open,BTC-28APR26-74000-P,sell,29.5,0.0002,0.0058999998,0.00061478,76733.42,452.72717,47.17417,189812.8,,0
57,286,285,2026-04-28 08:00:00+00:00,close,BTC-28APR26-79000-C,buy,29.5,0.0,-0.0,0.0,76875.97,-0.0,0.0,189812.8,expiry,0
57,286,285,2026-04-28 08:00:00+00:00,close,BTC-28APR26-74000-P,buy,29.5,0.0,-0.0,0.0,76875.97,-0.0,0.0,189812.8,expiry,0
57,287,287,2026-04-28 17:10:00+00:00,open,BTC-29APR26-78000-C,sell,30.0,1e-04,0.003,0.0003126,76000.48,228.00142,23.757748,190017.03,,0
57,287,287,2026-04-28 17:10:00+00:00,open,BTC-29APR26-74000-P,sell,30.0,0.0002,0.006,0.0006252,76000.48,456.00284,47.515495,190425.52,,0
57,288,287,2026-04-29 08:00:00+00:00,close,BTC-29APR26-78000-C,buy,30.0,0.0,-0.0,0.0,77040.01,-0.0,0.0,190425.52,expiry,0
57,288,287,2026-04-29 08:00:00+00:00,close,BTC-29APR26-74000-P,buy,30.0,0.0,-0.0,0.0,77040.01,-0.0,0.0,190425.52,expiry,0
57,289,289,2026-04-29 18:00:00+00:00,open,BTC-30APR26-78500-C,sell,16.7,0.0004,0.0066799996,0.000696056,76147.91,508.668,53.003204,190881.19,,0
57,289,289,2026-04-29 18:00:00+00:00,open,BTC-30APR26-74000-P,sell,16.7,0.0008,0.013359999,0.001392112,76147.91,1017.336,106.00641,191792.52,,0
57,290,289,2026-04-30 08:00:00+00:00,close,BTC-30APR26-78500-C,buy,16.7,0.0,-0.0,0.0,76132.66,-0.0,0.0,191792.52,expiry,0
57,290,289,2026-04-30 08:00:00+00:00,close,BTC-30APR26-74000-P,buy,16.7,0.0,-0.0,0.0,76132.66,-0.0,0.0,191792.52,expiry,0
57,291,291,2026-04-30 17:00:00+00:00,open,BTC-1MAY26-78500-C,sell,30.2,1e-04,0.00302,0.000314684,76227.48,230.20697,23.987566,191998.73,,0
57,291,291,2026-04-30 17:00:00+00:00,open,BTC-1MAY26-74000-P,sell,30.2,0.0002,0.00604,0.000629368,76227.48,460.41394,47.975132,192411.17,,0
57,292,291,2026-05-01 08:00:00+00:00,close,BTC-1MAY26-78500-C,buy,30.2,0.0,-0.0,0.0,76312.75,-0.0,0.0,192411.17,expiry,0
57,292,291,2026-05-01 08:00:00+00:00,close,BTC-1MAY26-74000-P,buy,30.2,0.0,-0.0,0.0,76312.75,-0.0,0.0,192411.17,expiry,0
57,293,293,2026-05-04 20:40:00+00:00,open,BTC-5MAY26-82000-C,sell,28.9,1e-04,0.00289,0.000301138,79899.71,230.91016,24.060839,192618.02,,0
57,293,293,2026-05-04 20:40:00+00:00,open,BTC-5MAY26-77500-P,sell,28.9,1e-04,0.00289,0.000301138,79899.71,230.91016,24.060839,192824.88,,0
57,294,293,2026-05-05 08:00:00+00:00,close,BTC-5MAY26-82000-C,buy,28.9,0.0,-0.0,0.0,80851.99,-0.0,0.0,192824.88,expiry,0
57,294,293,2026-05-05 08:00:00+00:00,close,BTC-5MAY26-77500-P,buy,28.9,0.0,-0.0,0.0,80851.99,-0.0,0.0,192824.88,expiry,0
57,295,295,2026-05-05 18:15:00+00:00,open,BTC-6MAY26-84000-C,sell,28.4,1e-04,0.00284,0.00029592798,81565.75,231.64673,24.137589,193032.38,,0
57,295,295,2026-05-05 18:15:00+00:00,open,BTC-6MAY26-79000-P,sell,28.4,1e-04,0.00284,0.00029592798,81565.75,231.64673,24.137589,193239.89,,0
57,296,295,2026-05-06 08:00:00+00:00,close,BTC-6MAY26-84000-C,buy,28.4,0.0,-0.0,0.0,81357.25,-0.0,0.0,193239.89,expiry,0
57,296,295,2026-05-06 08:00:00+00:00,close,BTC-6MAY26-79000-P,buy,28.4,0.0,-0.0,0.0,81357.25,-0.0,0.0,193239.89,expiry,0
57,297,297,2026-05-06 19:00:00+00:00,open,BTC-7MAY26-83500-C,sell,28.5,1e-04,0.0028499998,0.00029696999,81345.86,231.8357,24.15728,193447.56,,0
57,297,297,2026-05-06 19:00:00+00:00,open,BTC-7MAY26-79000-P,sell,28.5,1e-04,0.0028499998,0.00029696999,81345.86,231.8357,24.15728,193655.25,,0
57,298,297,2026-05-07 08:00:00+00:00,close,BTC-7MAY26-83500-C,buy,28.5,0.0,-0.0,0.0,81519.96,-0.0,0.0,193655.25,expiry,0
57,298,297,2026-05-07 08:00:00+00:00,close,BTC-7MAY26-79000-P,buy,28.5,0.0,-0.0,0.0,81519.96,-0.0,0.0,193655.25,expiry,0
57,299,299,2026-05-07 20:00:00+00:00,open,BTC-8MAY26-82500-C,sell,29.0,1e-04,0.0029,0.00030217998,80131.56,232.38153,24.214155,193863.42,,0
57,299,299,2026-05-07 20:00:00+00:00,open,BTC-8MAY26-78000-P,sell,29.0,1e-04,0.0029,0.00030217998,80131.56,232.38153,24.214155,194071.58,,0
57,300,299,2026-05-08 08:00:00+00:00,close,BTC-8MAY26-82500-C,buy,29.0,0.0,-0.0,0.0,79663.0,-0.0,0.0,194071.58,expiry,0
57,300,299,2026-05-08 08:00:00+00:00,close,BTC-8MAY26-78000-P,buy,29.0,0.0,-0.0,0.0,79663.0,-0.0,0.0,194071.58,expiry,0
57,301,301,2026-05-11 20:40:00+00:00,open,BTC-12MAY26-84000-C,sell,28.5,1e-04,0.0028499998,0.00029696999,81836.0,233.23259,24.302835,194280.52,,0
57,301,301,2026-05-11 20:40:00+00:00,open,BTC-12MAY26-79500-P,sell,28.5,1e-04,0.0028499998,0.00029696999,81836.0,233.23259,24.302835,194489.44,,0
57,302,301,2026-05-12 08:00:00+00:00,close,BTC-12MAY26-84000-C,buy,28.5,0.0,-0.0,0.0,80898.0,-0.0,0.0,194489.44,expiry,0
57,302,301,2026-05-12 08:00:00+00:00,close,BTC-12MAY26-79500-P,buy,28.5,0.0,-0.0,0.0,80898.0,-0.0,0.0,194489.44,expiry,0
57,303,303,2026-05-12 18:00:00+00:00,open,BTC-13MAY26-83000-C,sell,29.0,1e-04,0.0029,0.00030217998,80504.0,233.4616,24.326698,194698.58,,0
57,303,303,2026-05-12 18:00:00+00:00,open,BTC-13MAY26-78000-P,sell,29.0,1e-04,0.0029,0.00030217998,80504.0,233.4616,24.326698,194907.72,,0
57,304,303,2026-05-13 08:00:00+00:00,close,BTC-13MAY26-83000-C,buy,29.0,0.0,-0.0,0.0,81025.0,-0.0,0.0,194907.72,expiry,0
57,304,303,2026-05-13 08:00:00+00:00,close,BTC-13MAY26-78000-P,buy,29.0,0.0,-0.0,0.0,81025.0,-0.0,0.0,194907.72,expiry,0
57,305,305,2026-05-13 18:00:00+00:00,open,BTC-14MAY26-82000-C,sell,29.4,0.0002,0.00588,0.000612696,79542.0,467.70694,48.735065,195326.69,,0
57,305,305,2026-05-13 18:00:00+00:00,open,BTC-14MAY26-77000-P,sell,29.4,1e-04,0.00294,0.000306348,79542.0,233.85347,24.367533,195536.17,,0
57,306,305,2026-05-14 08:00:00+00:00,close,BTC-14MAY26-82000-C,buy,29.4,0.0,-0.0,0.0,79748.0,-0.0,0.0,195536.17,expiry,0
57,306,305,2026-05-14 08:00:00+00:00,close,BTC-14MAY26-77000-P,buy,29.4,0.0,-0.0,0.0,79748.0,-0.0,0.0,195536.17,expiry,0
57,307,307,2026-05-14 21:00:00+00:00,open,BTC-15MAY26-84000-C,sell,28.8,1e-04,0.00288,0.000300096,81433.5,234.52847,24.437866,195746.27,,0
57,307,307,2026-05-14 21:00:00+00:00,open,BTC-15MAY26-79000-P,sell,28.8,0.0002,0.00576,0.000600192,81433.5,469.05695,48.875732,196166.44,,0
57,308,307,2026-05-15 08:00:00+00:00,close,BTC-15MAY26-84000-C,buy,28.8,0.0,-0.0,0.0,80777.5,-0.0,0.0,196166.44,expiry,0
57,308,307,2026-05-15 08:00:00+00:00,close,BTC-15MAY26-79000-P,buy,28.8,0.0,-0.0,0.0,80777.5,-0.0,0.0,196166.44,expiry,0
57,309,309,2026-05-19 17:00:00+00:00,open,BTC-20MAY26-79000-C,sell,30.6,1e-04,0.00306,0.000318852,76837.5,235.12274,24.49979,196377.06,,0
57,309,309,2026-05-19 17:00:00+00:00,open,BTC-20MAY26-74500-P,sell,30.6,1e-04,0.00306,0.000318852,76837.5,235.12274,24.49979,196587.69,,0
57,310,309,2026-05-20 08:00:00+00:00,close,BTC-20MAY26-79000-C,buy,30.6,0.0,-0.0,0.0,77228.5,-0.0,0.0,196587.69,expiry,0
57,310,309,2026-05-20 08:00:00+00:00,close,BTC-20MAY26-74500-P,buy,30.6,0.0,-0.0,0.0,77228.5,-0.0,0.0,196587.69,expiry,0
57,311,311,2026-05-20 19:00:00+00:00,open,BTC-21MAY26-79500-C,sell,30.5,1e-04,0.00305,0.00031781,77371.0,235.98154,24.589277,196799.08,,0
57,311,311,2026-05-20 19:00:00+00:00,open,BTC-21MAY26-75000-P,sell,30.5,1e-04,0.00305,0.00031781,77371.0,235.98154,24.589277,197010.47,,0
57,312,311,2026-05-21 08:00:00+00:00,close,BTC-21MAY26-79500-C,buy,30.5,0.0,-0.0,0.0,77851.5,-0.0,0.0,197010.47,expiry,0
57,312,311,2026-05-21 08:00:00+00:00,close,BTC-21MAY26-75000-P,buy,30.5,0.0,-0.0,0.0,77851.5,-0.0,0.0,197010.47,expiry,0
57,313,313,2026-05-21 17:30:00+00:00,open,BTC-22MAY26-80000-C,sell,30.3,1e-04,0.00303,0.00031572598,77912.5,236.07487,24.599,197221.95,,0
57,313,313,2026-05-21 17:30:00+00:00,open,BTC-22MAY26-75500-P,sell,30.3,0.0002,0.00606,0.00063145196,77912.5,472.14975,49.198,197644.9,,0
57,314,313,2026-05-22 08:00:00+00:00,close,BTC-22MAY26-80000-C,buy,30.3,0.0,-0.0,0.0,77381.5,-0.0,0.0,197644.9,expiry,0
57,314,313,2026-05-22 08:00:00+00:00,close,BTC-22MAY26-75500-P,buy,30.3,0.0,-0.0,0.0,77381.5,-0.0,0.0,197644.9,expiry,0
57,315,315,2026-05-25 17:10:00+00:00,open,BTC-26MAY26-80000-C,sell,30.5,1e-04,0.00305,0.00031781,77665.5,236.87978,24.682873,197857.1,,0
57,315,315,2026-05-25 17:10:00+00:00,open,BTC-26MAY26-75500-P,sell,30.5,1e-04,0.00305,0.00031781,77665.5,236.87978,24.682873,198069.3,,0
57,316,315,2026-05-26 08:00:00+00:00,close,BTC-26MAY26-80000-C,buy,30.5,0.0,-0.0,0.0,76649.5,-0.0,0.0,198069.3,expiry,0
57,316,315,2026-05-26 08:00:00+00:00,close,BTC-26MAY26-75500-P,buy,30.5,0.0,-0.0,0.0,76649.5,-0.0,0.0,198069.3,expiry,0
57,317,317,2026-05-28 19:00:00+00:00,open,BTC-29MAY26-75500-C,sell,32.3,1e-04,0.00323,0.00033656598,73498.0,237.39853,24.736927,198281.95,,0
57,317,317,2026-05-28 19:00:00+00:00,open,BTC-29MAY26-71000-P,sell,32.3,0.0002,0.00646,0.00067313196,73498.0,474.79706,49.473854,198707.28,,0
57,318,317,2026-05-29 08:00:00+00:00,close,BTC-29MAY26-75500-C,buy,32.3,0.0,-0.0,0.0,73549.5,-0.0,0.0,198707.28,expiry,0
57,318,317,2026-05-29 08:00:00+00:00,close,BTC-29MAY26-71000-P,buy,32.3,0.0,-0.0,0.0,73549.5,-0.0,0.0,198707.28,expiry,0
57,319,319,2026-06-01 19:00:00+00:00,open,BTC-2JUN26-73500-C,sell,33.4,1e-04,0.0033399998,0.000348028,71384.5,238.42422,24.843803,198920.86,,0
57,319,319,2026-06-01 19:00:00+00:00,open,BTC-2JUN26-69000-P,sell,33.4,0.0002,0.0066799996,0.000696056,71384.5,476.84845,49.687607,199348.02,,0
57,320,319,2026-06-02 08:00:00+00:00,close,BTC-2JUN26-73500-C,buy,33.4,0.0,-0.0,0.0,70016.0,-0.0,0.0,199348.02,expiry,0
57,320,319,2026-06-02 08:00:00+00:00,close,BTC-2JUN26-69000-P,buy,33.4,0.0,-0.0,0.0,70016.0,-0.0,0.0,199348.02,expiry,0
57,321,321,2026-06-04 23:00:00+00:00,open,BTC-5JUN26-65500-C,sell,20.9,1e-04,0.0020899998,0.000217778,63679.0,133.08911,13.867885,199467.23,,0
57,321,321,2026-06-04 23:00:00+00:00,open,BTC-5JUN26-62000-P,sell,20.9,0.0011,0.02299,0.002395558,63679.0,1463.9802,152.54674,200778.67,,0
57,322,321,2026-06-05 08:00:00+00:00,close,BTC-5JUN26-65500-C,buy,20.9,0.0,-0.0,0.0,63013.5,-0.0,0.0,200778.67,expiry,0
57,322,321,2026-06-05 08:00:00+00:00,close,BTC-5JUN26-62000-P,buy,20.9,0.0,-0.0,0.0,63013.5,-0.0,0.0,200778.67,expiry,0
57,323,323,2026-06-08 17:00:00+00:00,open,BTC-9JUN26-65500-C,sell,19.5,0.0002,0.0039,0.00040638,63416.5,247.32434,25.771196,201000.22,,0
57,323,323,2026-06-08 17:00:00+00:00,open,BTC-9JUN26-61500-P,sell,19.5,0.0011,0.02145,0.00223509,63416.5,1360.2839,141.74158,202218.77,,0
57,324,323,2026-06-09 08:00:00+00:00,close,BTC-9JUN26-65500-C,buy,19.5,0.0,-0.0,0.0,63132.5,-0.0,0.0,202218.77,expiry,0
57,324,323,2026-06-09 08:00:00+00:00,close,BTC-9JUN26-61500-P,buy,19.5,0.0,-0.0,0.0,63132.5,-0.0,0.0,202218.77,expiry,0
57,325,325,2026-06-09 19:00:00+00:00,open,BTC-10JUN26-63500-C,sell,23.8,0.0003,0.0071400004,0.000743988,61719.5,440.67725,45.918568,202613.53,,0
57,325,325,2026-06-09 19:00:00+00:00,open,BTC-10JUN26-60000-P,sell,23.8,0.0008,0.01904,0.0019839678,61719.5,1175.1393,122.44951,203666.22,,0
57,326,325,2026-06-10 08:00:00+00:00,close,BTC-10JUN26-63500-C,buy,23.8,0.0,-0.0,0.0,61601.5,-0.0,0.0,203666.22,expiry,0
57,326,325,2026-06-10 08:00:00+00:00,close,BTC-10JUN26-60000-P,buy,23.8,0.0,-0.0,0.0,61601.5,-0.0,0.0,203666.22,expiry,0
57,327,327,2026-06-10 19:00:00+00:00,open,BTC-11JUN26-63500-C,sell,22.0,0.0003,0.0066000004,0.00068772,61824.5,408.04172,42.51795,204031.73,,0
57,327,327,2026-06-10 19:00:00+00:00,open,BTC-11JUN26-60000-P,sell,22.0,0.0009,0.0198,0.00206316,61824.5,1224.1251,127.55383,205128.31,,0
57,328,327,2026-06-11 08:00:00+00:00,close,BTC-11JUN26-63500-C,buy,22.0,0.0,-0.0,0.0,62695.5,-0.0,0.0,205128.31,expiry,0
57,328,327,2026-06-11 08:00:00+00:00,close,BTC-11JUN26-60000-P,buy,22.0,0.0,-0.0,0.0,62695.5,-0.0,0.0,205128.31,expiry,0
57,329,329,2026-06-11 17:00:00+00:00,open,BTC-12JUN26-64500-C,sell,37.5,1e-04,0.00375,0.00039074998,62518.5,234.44437,24.429104,205338.33,,0
57,329,329,2026-06-11 17:00:00+00:00,open,BTC-12JUN26-60500-P,sell,37.5,0.0006,0.0225,0.0023445,62518.5,1406.6663,146.57463,206598.42,,0
57,330,330,2026-06-15 17:00:00+00:00,open,BTC-16JUN26-69000-C,sell,35.2,0.0003,0.01056,0.001100352,67045.0,707.99524,73.7731,207232.64,,0
57,330,330,2026-06-15 17:00:00+00:00,open,BTC-16JUN26-65000-P,sell,35.2,0.0004,0.01408,0.001467136,67045.0,943.9936,98.36413,208078.27,,0
57,331,329,2026-06-27 23:50:00+00:00,close,BTC-12JUN26-64500-C,buy,37.5,1e-04,-0.00375,0.00039075,60009.5,-225.03563,23.448711,207829.78,end_of_data,0
57,331,329,2026-06-27 23:50:00+00:00,close,BTC-12JUN26-60500-P,buy,37.5,1e-04,-0.00375,0.00039075,60009.5,-225.03563,23.448711,207581.3,end_of_data,0
57,332,330,2026-06-27 23:50:00+00:00,close,BTC-16JUN26-69000-C,buy,35.2,1e-04,-0.00352,0.000366784,60009.5,-211.23344,22.010525,207348.06,end_of_data,0
57,332,330,2026-06-27 23:50:00+00:00,close,BTC-16JUN26-65000-P,buy,35.2,1e-04,-0.00352,0.000366784,60009.5,-211.23344,22.010525,207114.81,end_of_data,0
