combo_idx,entry_time,exit_time,entry_spot,exit_spot,entry_price_usd,exit_price_usd,fees,pnl,triggered,exit_reason,exit_hour,entry_date,status
0,2025-08-27 19:00:00+00:00,2025-08-28 08:00:00+00:00,112006.57,113160.5,398.7434,0.0,41.54906,357.19434,False,expiry,13,2025-08-27,0
0,2025-08-28 16:00:00+00:00,2025-08-29 08:00:00+00:00,112763.24,110191.95,400.3095,0.0,41.712254,358.59726,False,expiry,16,2025-08-28,0
0,2025-08-29 17:00:00+00:00,2025-08-30 08:00:00+00:00,108615.54,108510.29,401.87747,0.0,41.875633,360.00186,False,expiry,15,2025-08-29,0
0,2025-09-01 16:00:00+00:00,2025-09-02 08:00:00+00:00,108778.72,110253.16,243.66432,0.0,25.389822,218.2745,False,expiry,16,2025-09-01,0
0,2025-09-02 16:00:00+00:00,2025-09-03 08:00:00+00:00,110928.26,111106.16,404.88812,0.0,42.189342,362.6988,False,expiry,16,2025-09-02,0
0,2025-09-03 16:00:00+00:00,2025-09-04 08:00:00+00:00,112352.04,110460.28,367.39114,0.0,38.282158,329.109,False,expiry,16,2025-09-03,0
0,2025-09-04 16:00:00+00:00,2025-09-05 08:00:00+00:00,109487.77,112966.21,407.29453,0.0,42.44009,364.85443,False,expiry,16,2025-09-04,0
0,2025-09-05 17:00:00+00:00,2025-09-06 08:00:00+00:00,110786.18,110844.15,409.90887,0.0,42.712505,367.19638,False,expiry,15,2025-09-05,0
0,2025-09-09 17:00:00+00:00,2025-09-10 08:00:00+00:00,110962.71,112526.84,369.50583,0.0,38.502506,331.00333,False,expiry,15,2025-09-09,0
0,2025-09-11 16:00:00+00:00,2025-09-12 08:00:00+00:00,114271.24,115152.76,411.3765,0.0,42.86543,368.51105,False,expiry,16,2025-09-11,0
0,2025-09-12 15:30:00+00:00,2025-09-13 08:00:00+00:00,114993.2,115846.37,372.57797,0.0,38.822624,333.75534,False,expiry,16,2025-09-12,0
0,2025-09-15 16:00:00+00:00,2025-09-16 08:00:00+00:00,114884.7,115923.7,372.22644,0.0,38.785995,333.44043,False,expiry,16,2025-09-15,0
0,2025-09-16 16:00:00+00:00,2025-09-17 08:00:00+00:00,115977.47,117222.28,375.767,0.0,39.15492,336.61206,False,expiry,16,2025-09-16,0
0,2025-09-17 16:00:00+00:00,2025-09-18 08:00:00+00:00,115862.63,117104.53,417.10547,0.0,43.46239,373.64307,False,expiry,16,2025-09-17,0
0,2025-09-18 16:00:00+00:00,2025-09-19 08:00:00+00:00,117653.69,116963.64,418.8471,0.0,43.64387,375.20325,False,expiry,16,2025-09-18,0
0,2025-09-19 15:30:00+00:00,2025-09-20 08:00:00+00:00,115799.95,115995.94,422.66983,0.0,44.042194,378.62762,False,expiry,16,2025-09-19,0
0,2025-09-22 06:30:00+00:00,2025-09-22 08:00:00+00:00,112778.71,112631.59,424.04794,0.0,44.185795,379.86215,False,expiry,1,2025-09-22,0
0,2025-09-22 16:00:00+00:00,2025-09-23 08:00:00+00:00,112873.92,113121.31,426.66345,0.0,44.458332,382.2051,False,expiry,16,2025-09-22,0
0,2025-09-23 16:00:00+00:00,2025-09-24 08:00:00+00:00,112943.04,112585.1,382.8769,0.0,39.89577,342.9811,False,expiry,16,2025-09-23,0
0,2025-09-25 16:00:00+00:00,2025-09-26 08:00:00+00:00,111638.44,109462.41,429.80798,0.0,44.78599,385.022,False,expiry,16,2025-09-25,0
0,2025-09-26 16:00:00+00:00,2025-09-27 08:00:00+00:00,109078.55,109424.11,427.58792,0.0,44.55466,383.03326,False,expiry,16,2025-09-26,0
0,2025-09-30 16:35:00+00:00,2025-10-01 08:00:00+00:00,112972.8,114541.15,257.57797,0.0,26.839624,230.73834,False,expiry,15,2025-09-30,0
0,2025-10-01 18:00:00+00:00,2025-10-02 08:00:00+00:00,116891.18,118621.84,389.24762,0.0,40.5596,348.68802,False,expiry,14,2025-10-01,0
0,2025-10-02 18:00:00+00:00,2025-10-03 08:00:00+00:00,119999.6,119767.06,431.99857,0.0,45.01425,386.9843,False,expiry,14,2025-10-02,0
0,2025-10-06 05:00:00+00:00,2025-10-06 08:00:00+00:00,123546.97,123501.83,389.17294,0.0,40.55182,348.62112,False,expiry,3,2025-10-06,0
0,2025-10-06 17:00:00+00:00,2025-10-07 08:00:00+00:00,125453.57,123677.39,436.5784,0.0,45.49147,391.08694,False,expiry,15,2025-10-06,0
0,2025-10-07 20:00:00+00:00,2025-10-08 08:00:00+00:00,121777.39,121705.61,438.39862,0.0,45.681137,392.71747,False,expiry,12,2025-10-07,0
0,2025-10-08 16:00:00+00:00,2025-10-09 08:00:00+00:00,122195.74,121933.99,439.9047,0.0,45.838066,394.06662,False,expiry,16,2025-10-08,0
0,2025-10-09 16:00:00+00:00,2025-10-10 08:00:00+00:00,121276.74,120995.65,441.44736,0.0,45.998814,395.44852,False,expiry,16,2025-10-09,0
0,2025-10-13 05:00:00+00:00,2025-10-13 08:00:00+00:00,114749.86,115454.56,440.63943,0.0,45.91463,394.72482,False,expiry,3,2025-10-13,0
0,2025-10-13 16:00:00+00:00,2025-10-14 08:00:00+00:00,114382.2,111825.93,442.65915,0.0,46.125084,396.53406,False,expiry,16,2025-10-13,0
0,2025-10-14 22:00:00+00:00,2025-10-15 08:00:00+00:00,113326.4,112607.78,441.97296,0.0,46.05358,395.91937,False,expiry,10,2025-10-14,0
0,2025-10-15 18:00:00+00:00,2025-10-16 08:00:00+00:00,111189.0,110537.52,450.31546,0.0,46.92287,403.3926,False,expiry,14,2025-10-15,0
0,2025-10-16 21:00:00+00:00,2025-10-17 08:00:00+00:00,107957.91,105563.97,442.6274,0.0,46.121777,396.50565,False,expiry,11,2025-10-16,0
0,2025-10-17 15:30:00+00:00,2025-10-18 08:00:00+00:00,106145.4,106702.56,443.68774,0.0,46.232265,397.4555,False,expiry,16,2025-10-17,0
0,2025-10-20 05:00:00+00:00,2025-10-20 08:00:00+00:00,110379.47,111223.32,450.34824,0.0,46.92629,403.42197,False,expiry,3,2025-10-20,0
0,2025-10-20 16:00:00+00:00,2025-10-21 08:00:00+00:00,110857.75,108074.21,448.9739,0.0,46.78308,402.19083,False,expiry,16,2025-10-20,0
0,2025-10-21 18:00:00+00:00,2025-10-22 08:00:00+00:00,112092.78,108317.05,457.33853,0.0,47.654675,409.68387,False,expiry,14,2025-10-21,0
0,2025-10-22 16:00:00+00:00,2025-10-23 08:00:00+00:00,108423.52,109334.68,459.71576,0.0,47.90238,411.8134,False,expiry,16,2025-10-22,0
0,2025-10-23 16:00:00+00:00,2025-10-24 08:00:00+00:00,109944.94,111061.82,455.17206,0.0,47.42893,407.74313,False,expiry,16,2025-10-23,0
0,2025-10-24 17:00:00+00:00,2025-10-25 08:00:00+00:00,110282.65,111509.02,457.67297,0.0,47.689526,409.98346,False,expiry,15,2025-10-24,0
0,2025-10-27 16:00:00+00:00,2025-10-28 08:00:00+00:00,115005.73,114195.92,460.0229,0.0,47.934387,412.0885,False,expiry,16,2025-10-27,0
0,2025-10-28 16:00:00+00:00,2025-10-28 20:15:00+00:00,114572.84,112857.37,415.8994,2731.1484,327.92236,-2643.1714,False,stop_loss,4,2025-10-28,0
0,2025-10-29 16:00:00+00:00,2025-10-30 08:00:00+00:00,111405.92,111333.3,448.96588,0.0,46.78224,402.18362,False,expiry,16,2025-10-29,0
0,2025-10-30 16:00:00+00:00,2025-10-31 08:00:00+00:00,107629.63,109387.8,455.27338,0.0,47.439484,407.8339,False,expiry,16,2025-10-30,0
0,2025-10-31 16:00:00+00:00,2025-11-01 08:00:00+00:00,110088.96,110083.65,457.9701,0.0,47.720486,410.2496,False,expiry,16,2025-10-31,0
0,2025-11-03 06:00:00+00:00,2025-11-03 08:00:00+00:00,107630.88,107425.99,273.38245,0.0,28.48645,244.89598,False,expiry,2,2025-11-03,0
0,2025-11-03 17:00:00+00:00,2025-11-04 08:00:00+00:00,106558.2,104475.69,455.00354,0.0,47.41137,407.59216,False,expiry,15,2025-11-03,0
0,2025-11-04 17:00:00+00:00,2025-11-05 08:00:00+00:00,102050.31,101704.99,459.2264,0.0,47.85139,411.37503,False,expiry,15,2025-11-04,0
0,2025-11-05 18:00:00+00:00,2025-11-06 08:00:00+00:00,103761.3,103104.47,457.5873,0.0,47.6806,409.9067,False,expiry,14,2025-11-05,0
0,2025-11-06 18:00:00+00:00,2025-11-07 08:00:00+00:00,101687.24,101927.04,462.67697,0.0,48.210938,414.46603,False,expiry,14,2025-11-06,0
0,2025-11-07 16:30:00+00:00,2025-11-08 08:00:00+00:00,101490.88,102278.4,461.7835,0.0,48.117844,413.66568,False,expiry,15,2025-11-07,0
0,2025-11-10 17:00:00+00:00,2025-11-11 08:00:00+00:00,105240.6,104851.37,468.32068,0.0,48.799015,419.52167,False,expiry,15,2025-11-10,0
0,2025-11-11 17:00:00+00:00,2025-11-12 08:00:00+00:00,103409.12,103136.14,465.34106,0.0,48.488537,416.8525,False,expiry,15,2025-11-11,0
0,2025-11-12 19:00:00+00:00,2025-11-13 08:00:00+00:00,101502.28,103512.14,466.9105,0.0,48.652073,418.25842,False,expiry,13,2025-11-12,0
0,2025-11-13 23:00:00+00:00,2025-11-14 08:00:00+00:00,99683.28,97074.12,472.49878,0.0,49.23437,423.2644,False,expiry,9,2025-11-13,0
0,2025-11-14 16:30:00+00:00,2025-11-15 08:00:00+00:00,96855.56,96181.04,477.49792,0.0,49.755283,427.74265,False,expiry,15,2025-11-14,0
0,2025-11-17 06:10:00+00:00,2025-11-17 08:00:00+00:00,94991.46,95576.41,473.05746,0.0,49.292587,423.76486,False,expiry,1,2025-11-17,0
0,2025-11-17 17:00:00+00:00,2025-11-18 04:50:00+00:00,94174.01,89473.57,476.52048,3127.9958,156.83669,-2808.3123,False,strike_proximity_stop,11,2025-11-17,0
0,2025-11-18 19:00:00+00:00,2025-11-19 08:00:00+00:00,93298.59,91807.77,462.76102,0.0,48.219696,414.54132,False,expiry,13,2025-11-18,0
0,2025-11-19 20:00:00+00:00,2025-11-20 08:00:00+00:00,88783.97,92157.25,468.77936,0.0,48.84681,419.93253,False,expiry,12,2025-11-19,0
0,2025-11-20 22:00:00+00:00,2025-11-21 08:00:00+00:00,87123.06,83849.24,470.46457,0.0,49.022408,421.44214,False,expiry,10,2025-11-20,0
0,2025-11-21 16:30:00+00:00,2025-11-22 08:00:00+00:00,83128.66,84475.81,458.03888,0.0,47.727654,410.31125,False,expiry,15,2025-11-21,0
0,2025-11-24 06:00:00+00:00,2025-11-24 08:00:00+00:00,87425.67,86899.69,472.09863,0.0,49.19268,422.90598,False,expiry,2,2025-11-24,0
0,2025-11-24 19:00:00+00:00,2025-11-25 08:00:00+00:00,88619.18,87371.71,471.45404,0.0,49.12551,422.32852,False,expiry,13,2025-11-24,0
0,2025-11-25 17:00:00+00:00,2025-11-26 08:00:00+00:00,87140.25,87855.31,474.04297,0.0,49.39528,424.6477,False,expiry,15,2025-11-25,0
0,2025-11-26 17:00:00+00:00,2025-11-26 18:15:00+00:00,87854.37,90227.71,474.41357,2679.7632,269.36935,-2474.7188,False,stop_loss,1,2025-11-26,0
0,2025-11-27 17:00:00+00:00,2025-11-28 08:00:00+00:00,91444.81,90935.42,467.283,0.0,48.690887,418.5921,False,expiry,15,2025-11-27,0
0,2025-11-28 16:30:00+00:00,2025-11-29 08:00:00+00:00,91234.14,90563.0,467.11884,0.0,48.673782,418.44504,False,expiry,15,2025-11-28,0
0,2025-12-01 06:00:00+00:00,2025-12-01 08:00:00+00:00,86049.78,86523.16,468.1108,0.0,48.777145,419.33365,False,expiry,2,2025-12-01,0
0,2025-12-01 18:00:00+00:00,2025-12-02 08:00:00+00:00,85046.44,87038.85,469.45633,0.0,48.91735,420.53897,False,expiry,14,2025-12-01,0
0,2025-12-02 20:00:00+00:00,2025-12-03 08:00:00+00:00,91894.19,93082.52,473.25507,0.0,49.31318,423.9419,False,expiry,12,2025-12-02,0
0,2025-12-03 17:00:00+00:00,2025-12-04 08:00:00+00:00,92332.2,93370.72,476.43414,0.0,49.64444,426.7897,False,expiry,15,2025-12-03,0
0,2025-12-04 17:00:00+00:00,2025-12-05 08:00:00+00:00,92524.99,92235.73,479.27948,0.0,49.94092,429.33856,False,expiry,15,2025-12-04,0
0,2025-12-05 20:00:00+00:00,2025-12-06 08:00:00+00:00,89661.64,89615.5,479.6898,0.0,49.983677,429.70612,False,expiry,12,2025-12-05,0
0,2025-12-08 18:00:00+00:00,2025-12-09 08:00:00+00:00,90318.02,90493.77,476.87915,0.0,49.690807,427.18835,False,expiry,14,2025-12-08,0
0,2025-12-09 19:00:00+00:00,2025-12-10 08:00:00+00:00,93896.11,92732.47,479.8091,0.0,49.99611,429.81302,False,expiry,13,2025-12-09,0
0,2025-12-10 17:00:00+00:00,2025-12-11 08:00:00+00:00,92113.7,90256.43,486.36038,0.0,50.678753,435.6816,False,expiry,15,2025-12-10,0
0,2025-12-11 17:00:00+00:00,2025-12-11 21:10:00+00:00,89745.99,92348.56,484.62836,2892.357,310.23193,-2717.9604,False,stop_loss,4,2025-12-11,0
0,2025-12-12 20:00:00+00:00,2025-12-13 08:00:00+00:00,90205.32,90356.2,472.67587,0.0,49.252827,423.42303,False,expiry,12,2025-12-12,0
0,2025-12-15 20:00:00+00:00,2025-12-16 08:00:00+00:00,86003.35,85957.03,474.7385,0.0,49.46775,425.27075,False,expiry,12,2025-12-15,0
0,2025-12-16 17:00:00+00:00,2025-12-17 08:00:00+00:00,87552.59,86929.37,476.2861,0.0,49.629013,426.65707,False,expiry,15,2025-12-16,0
0,2025-12-17 17:00:00+00:00,2025-12-18 08:00:00+00:00,86914.49,86824.54,478.02972,0.0,49.810696,428.21902,False,expiry,15,2025-12-17,0
0,2025-12-18 17:00:00+00:00,2025-12-18 17:25:00+00:00,87855.92,85522.64,479.69333,3001.8447,244.55695,-2766.7083,False,stop_loss,0,2025-12-18,0
0,2025-12-19 16:30:00+00:00,2025-12-20 08:00:00+00:00,88467.74,88284.21,471.53308,0.0,49.133747,422.39932,False,expiry,15,2025-12-19,0
0,2025-12-22 17:00:00+00:00,2025-12-23 08:00:00+00:00,89478.79,87509.83,472.44803,0.0,49.229084,423.21893,False,expiry,15,2025-12-22,0
0,2025-12-23 17:00:00+00:00,2025-12-24 08:00:00+00:00,87990.47,86840.59,475.14856,0.0,49.51048,425.63806,False,expiry,15,2025-12-23,0
0,2025-12-24 17:00:00+00:00,2025-12-25 08:00:00+00:00,87246.46,87795.9,426.6352,0.0,44.455387,382.1798,False,expiry,15,2025-12-24,0
0,2025-12-25 17:00:00+00:00,2025-12-26 08:00:00+00:00,88021.79,88546.68,478.83853,0.0,49.894978,428.94357,False,expiry,15,2025-12-25,0
0,2025-12-26 18:00:00+00:00,2025-12-27 08:00:00+00:00,87259.62,87494.57,478.1827,0.0,49.826637,428.35608,False,expiry,14,2025-12-26,0
0,2025-12-29 06:00:00+00:00,2025-12-29 08:00:00+00:00,89926.28,89540.69,431.64615,0.0,44.977528,386.6686,False,expiry,2,2025-12-29,0
0,2025-12-29 17:00:00+00:00,2025-12-30 08:00:00+00:00,87569.14,87398.47,481.63028,0.0,50.185875,431.4444,False,expiry,15,2025-12-29,0
0,2025-12-30 18:00:00+00:00,2025-12-31 08:00:00+00:00,88250.12,88515.15,289.4604,0.0,30.161772,259.2986,False,expiry,14,2025-12-30,0
0,2025-12-31 17:00:00+00:00,2026-01-01 08:00:00+00:00,87515.72,87500.56,483.9619,0.0,50.428833,433.53308,False,expiry,15,2025-12-31,0
0,2026-01-01 23:35:00+00:00,2026-01-02 08:00:00+00:00,88690.37,88801.11,290.9044,0.0,30.312239,260.59216,False,expiry,8,2026-01-01,0
0,2026-01-02 16:30:00+00:00,2026-01-03 08:00:00+00:00,90158.88,89526.6,486.85794,0.0,50.7306,436.12735,False,expiry,15,2026-01-02,0
0,2026-01-05 17:25:00+00:00,2026-01-06 08:00:00+00:00,93329.22,93230.0,489.9784,0.0,51.05575,438.92267,False,expiry,14,2026-01-05,0
0,2026-01-06 20:00:00+00:00,2026-01-06 21:20:00+00:00,92251.21,93511.41,442.8058,3141.9834,373.53503,-3072.7124,False,stop_loss,1,2026-01-06,0
0,2026-01-07 20:00:00+00:00,2026-01-08 08:00:00+00:00,91142.43,90462.91,429.28082,0.0,44.731064,384.54977,False,expiry,12,2026-01-07,0
0,2026-01-08 17:00:00+00:00,2026-01-09 08:00:00+00:00,90835.7,90691.96,476.88745,0.0,49.691673,427.1958,False,expiry,15,2026-01-08,0
0,2026-01-09 19:00:00+00:00,2026-01-10 08:00:00+00:00,90643.27,90555.35,288.2456,0.0,30.035192,258.21042,False,expiry,13,2026-01-09,0
0,2026-01-12 19:00:00+00:00,2026-01-13 08:00:00+00:00,91478.05,91875.63,483.0041,0.0,50.329025,432.67505,False,expiry,13,2026-01-12,0
0,2026-01-13 22:15:00+00:00,2026-01-14 08:00:00+00:00,95332.75,95214.32,434.71732,0.0,45.297546,389.41977,False,expiry,9,2026-01-13,0
0,2026-01-14 22:05:00+00:00,2026-01-15 08:00:00+00:00,97429.6,96557.07,438.4332,0.0,45.68474,392.74844,False,expiry,9,2026-01-14,0
0,2026-01-15 17:00:00+00:00,2026-01-16 08:00:00+00:00,96781.27,95622.27,488.74545,0.0,50.927277,437.81818,False,expiry,15,2026-01-15,0
0,2026-01-19 17:00:00+00:00,2026-01-20 08:00:00+00:00,93252.14,91045.35,488.64124,0.0,50.916416,437.72482,False,expiry,15,2026-01-19,0
0,2026-01-20 20:00:00+00:00,2026-01-21 08:00:00+00:00,89498.93,89076.12,490.45413,0.0,51.10532,439.34882,False,expiry,12,2026-01-20,0
0,2026-01-21 18:00:00+00:00,2026-01-22 08:00:00+00:00,87781.7,89755.94,491.57755,0.0,51.22238,440.35516,False,expiry,14,2026-01-21,0
0,2026-01-22 18:00:00+00:00,2026-01-23 08:00:00+00:00,89472.43,89471.56,491.20367,0.0,51.183422,440.02023,False,expiry,14,2026-01-22,0
0,2026-01-26 18:00:00+00:00,2026-01-27 08:00:00+00:00,87631.84,88214.79,497.74887,0.0,51.865433,445.88342,False,expiry,14,2026-01-26,0
0,2026-01-27 18:00:00+00:00,2026-01-28 08:00:00+00:00,87360.04,89035.66,496.20505,0.0,51.704563,444.50046,False,expiry,14,2026-01-27,0
0,2026-01-28 17:00:00+00:00,2026-01-29 08:00:00+00:00,89507.08,88154.75,502.13474,0.0,52.322437,449.8123,False,expiry,15,2026-01-28,0
0,2026-01-29 21:00:00+00:00,2026-01-30 08:00:00+00:00,84104.98,82597.36,500.42462,0.0,52.144245,448.28036,False,expiry,11,2026-01-29,0
0,2026-01-30 18:00:00+00:00,2026-01-31 08:00:00+00:00,82851.65,83415.23,503.73804,0.0,52.489502,451.24854,False,expiry,14,2026-01-30,0
0,2026-02-02 06:00:00+00:00,2026-02-02 08:00:00+00:00,75420.98,76533.0,505.32053,0.0,52.6544,452.66614,False,expiry,2,2026-02-02,0
0,2026-02-02 18:00:00+00:00,2026-02-03 08:00:00+00:00,78888.27,78736.17,508.0405,0.0,52.93782,455.1027,False,expiry,14,2026-02-02,0
0,2026-02-03 21:00:00+00:00,2026-02-04 08:00:00+00:00,76417.87,76413.1,511.9997,0.0,53.35037,458.64932,False,expiry,11,2026-02-03,0
0,2026-02-04 20:00:00+00:00,2026-02-05 08:00:00+00:00,73603.98,70615.91,510.0756,0.0,53.149876,456.92572,False,expiry,12,2026-02-04,0
0,2026-02-06 21:00:00+00:00,2026-02-07 08:00:00+00:00,70065.29,68032.16,510.07532,0.0,53.149845,456.92545,False,expiry,11,2026-02-06,0
0,2026-02-09 06:00:00+00:00,2026-02-09 08:00:00+00:00,70795.69,70416.31,515.39264,0.0,53.70391,461.68872,False,expiry,2,2026-02-09,0
0,2026-02-09 19:00:00+00:00,2026-02-10 08:00:00+00:00,70356.86,68892.25,513.60504,0.0,53.517647,460.08743,False,expiry,13,2026-02-09,0
0,2026-02-10 17:00:00+00:00,2026-02-11 08:00:00+00:00,69406.93,66994.91,520.552,0.0,54.241516,466.31046,False,expiry,15,2026-02-10,0
0,2026-02-11 17:00:00+00:00,2026-02-12 08:00:00+00:00,66038.19,67210.4,523.0224,0.0,54.498936,468.5235,False,expiry,15,2026-02-11,0
0,2026-02-12 19:00:00+00:00,2026-02-13 08:00:00+00:00,65584.0,66185.73,521.3928,0.0,54.329132,467.0637,False,expiry,13,2026-02-12,0
0,2026-02-13 18:00:00+00:00,2026-02-14 08:00:00+00:00,68999.59,69236.21,524.3969,0.0,54.64216,469.75476,False,expiry,14,2026-02-13,0
0,2026-02-16 17:00:00+00:00,2026-02-17 08:00:00+00:00,67862.59,68394.13,527.29236,0.0,54.943863,472.3485,False,expiry,15,2026-02-16,0
0,2026-02-17 17:00:00+00:00,2026-02-18 08:00:00+00:00,67494.78,68073.35,526.4593,0.0,54.85706,471.60226,False,expiry,15,2026-02-17,0
0,2026-02-18 17:00:00+00:00,2026-02-19 08:00:00+00:00,67085.03,67132.79,531.3135,0.0,55.362865,475.95062,False,expiry,15,2026-02-18,0
0,2026-02-19 17:00:00+00:00,2026-02-20 08:00:00+00:00,66315.95,67819.46,530.52765,0.0,55.28098,475.24667,False,expiry,15,2026-02-19,0
0,2026-02-20 16:30:00+00:00,2026-02-21 08:00:00+00:00,67325.19,67832.97,527.82947,0.0,54.99983,472.82962,False,expiry,15,2026-02-20,0
0,2026-02-23 06:00:00+00:00,2026-02-23 08:00:00+00:00,65032.97,65943.01,321.26285,0.0,33.47559,287.78726,False,expiry,2,2026-02-23,0
0,2026-02-23 17:00:00+00:00,2026-02-24 08:00:00+00:00,65406.35,63133.59,533.7158,0.0,55.61319,478.10263,False,expiry,15,2026-02-23,0
0,2026-02-24 17:00:00+00:00,2026-02-25 08:00:00+00:00,64244.57,65038.49,537.0846,0.0,55.964214,481.1204,False,expiry,15,2026-02-24,0
0,2026-02-25 21:00:00+00:00,2026-02-26 08:00:00+00:00,69134.49,67887.77,539.2491,0.0,56.18975,483.05933,False,expiry,11,2026-02-25,0
0,2026-02-26 18:00:00+00:00,2026-02-27 08:00:00+00:00,66816.7,67674.05,541.21533,0.0,56.394638,484.82068,False,expiry,14,2026-02-26,0
0,2026-02-27 16:30:00+00:00,2026-02-28 08:00:00+00:00,66008.87,63748.24,545.2333,0.0,56.813305,488.41995,False,expiry,15,2026-02-27,0
0,2026-03-02 06:00:00+00:00,2026-03-02 08:00:00+00:00,66704.01,65927.11,546.30585,0.0,56.925068,489.38077,False,expiry,2,2026-03-02,0
0,2026-03-02 19:00:00+00:00,2026-03-03 08:00:00+00:00,68923.78,68160.59,545.87634,0.0,56.880314,488.99603,False,expiry,13,2026-03-02,0
0,2026-03-03 19:00:00+00:00,2026-03-04 08:00:00+00:00,68604.79,69620.43,548.8383,0.0,57.188953,491.64938,False,expiry,13,2026-03-03,0
0,2026-03-04 20:00:00+00:00,2026-03-05 08:00:00+00:00,73652.12,72081.1,552.39087,0.0,57.559128,494.83173,False,expiry,12,2026-03-04,0
0,2026-03-05 19:00:00+00:00,2026-03-06 08:00:00+00:00,71078.16,71022.66,552.2773,0.0,57.54729,494.72998,False,expiry,13,2026-03-05,0
0,2026-03-06 19:00:00+00:00,2026-03-07 08:00:00+00:00,68252.51,67825.73,555.5754,0.0,57.890957,497.68445,False,expiry,13,2026-03-06,0
0,2026-03-09 05:00:00+00:00,2026-03-09 08:00:00+00:00,67136.89,67560.26,557.2362,0.0,58.064014,499.1722,False,expiry,3,2026-03-09,0
0,2026-03-09 16:00:00+00:00,2026-03-10 08:00:00+00:00,68890.27,70479.38,562.14465,0.0,58.575474,503.56918,False,expiry,16,2026-03-09,0
0,2026-03-10 16:00:00+00:00,2026-03-11 08:00:00+00:00,71401.43,69675.19,564.0713,0.0,58.77623,505.29507,False,expiry,16,2026-03-10,0
0,2026-03-11 16:00:00+00:00,2026-03-12 08:00:00+00:00,70269.72,69865.79,562.1578,0.0,58.57684,503.58093,False,expiry,16,2026-03-11,0
0,2026-03-12 16:00:00+00:00,2026-03-13 08:00:00+00:00,70315.04,71645.07,563.2235,0.0,58.68789,504.5356,False,expiry,16,2026-03-12,0
0,2026-03-13 15:30:00+00:00,2026-03-14 08:00:00+00:00,72432.38,70592.53,565.69696,0.0,58.94562,506.7513,False,expiry,16,2026-03-13,0
0,2026-03-16 05:10:00+00:00,2026-03-16 08:00:00+00:00,73980.98,73627.9,341.7921,0.0,35.61474,306.17737,False,expiry,2,2026-03-16,0
0,2026-03-16 16:00:00+00:00,2026-03-17 08:00:00+00:00,73266.34,74325.45,569.2795,0.0,59.318924,509.96057,False,expiry,16,2026-03-16,0
0,2026-03-17 16:00:00+00:00,2026-03-18 08:00:00+00:00,73996.4,73881.42,574.952,0.0,59.91,515.042,False,expiry,16,2026-03-17,0
0,2026-03-18 17:00:00+00:00,2026-03-19 08:00:00+00:00,71335.27,70244.25,572.82227,0.0,59.68808,513.1342,False,expiry,15,2026-03-18,0
0,2026-03-19 17:00:00+00:00,2026-03-20 08:00:00+00:00,69454.97,70825.67,576.47626,0.0,60.068825,516.4074,False,expiry,15,2026-03-19,0
0,2026-03-20 16:00:00+00:00,2026-03-21 08:00:00+00:00,69905.48,70689.77,578.8174,0.0,60.312767,518.5046,False,expiry,16,2026-03-20,0
0,2026-03-23 05:00:00+00:00,2026-03-23 08:00:00+00:00,68651.71,68369.88,581.48,0.0,60.590218,520.8898,False,expiry,3,2026-03-23,0
0,2026-03-23 16:00:00+00:00,2026-03-24 08:00:00+00:00,70161.67,71270.41,582.34186,0.0,60.680023,521.66187,False,expiry,16,2026-03-23,0
0,2026-03-24 19:00:00+00:00,2026-03-25 08:00:00+00:00,69454.49,70931.5,583.4177,0.0,60.792126,522.6256,False,expiry,13,2026-03-24,0
0,2026-03-25 16:00:00+00:00,2026-03-26 08:00:00+00:00,70835.03,70070.96,585.09735,0.0,60.967144,524.1302,False,expiry,16,2026-03-25,0
0,2026-03-26 16:00:00+00:00,2026-03-27 08:00:00+00:00,68988.49,68600.61,591.92126,0.0,61.678192,530.24304,False,expiry,16,2026-03-26,0
0,2026-03-27 17:00:00+00:00,2026-03-28 08:00:00+00:00,65956.67,66457.51,590.9718,0.0,61.579258,529.3925,False,expiry,15,2026-03-27,0
0,2026-03-30 05:05:00+00:00,2026-03-30 08:00:00+00:00,67550.33,67613.47,534.9986,0.0,55.746853,479.25174,False,expiry,2,2026-03-30,0
0,2026-03-30 16:00:00+00:00,2026-03-31 08:00:00+00:00,67581.25,67311.25,596.06665,0.0,62.11014,533.9565,False,expiry,16,2026-03-30,0
0,2026-03-31 19:00:00+00:00,2026-04-01 08:00:00+00:00,67796.98,68680.33,596.6134,0.0,62.167118,534.4463,False,expiry,13,2026-03-31,0
0,2026-04-01 16:00:00+00:00,2026-04-02 08:00:00+00:00,68879.09,66871.52,599.24817,0.0,62.441658,536.80646,False,expiry,16,2026-04-01,0
0,2026-04-02 16:00:00+00:00,2026-04-03 08:00:00+00:00,66836.98,67010.63,603.5379,0.0,62.88865,540.64923,False,expiry,16,2026-04-02,0
0,2026-04-03 15:30:00+00:00,2026-04-04 08:00:00+00:00,66924.69,67022.87,604.99915,0.0,63.040913,541.95825,False,expiry,16,2026-04-03,0
0,2026-04-06 05:35:00+00:00,2026-04-06 08:00:00+00:00,69209.81,69099.23,364.0436,0.0,37.933342,326.11026,False,expiry,2,2026-04-06,0
0,2026-04-06 16:00:00+00:00,2026-04-07 08:00:00+00:00,69971.75,68616.5,608.7542,0.0,63.43219,545.322,False,expiry,16,2026-04-06,0
0,2026-04-07 16:00:00+00:00,2026-04-07 22:10:00+00:00,68156.26,70199.74,610.68005,3504.371,316.36093,-3210.052,False,stop_loss,6,2026-04-07,0
0,2026-04-08 16:00:00+00:00,2026-04-09 08:00:00+00:00,71305.0,70983.96,598.96204,0.0,62.411842,536.5502,False,expiry,16,2026-04-08,0
0,2026-04-09 16:00:00+00:00,2026-04-10 08:00:00+00:00,72352.97,71492.22,599.0826,0.0,62.424404,536.65814,False,expiry,16,2026-04-09,0
0,2026-04-10 18:00:00+00:00,2026-04-11 08:00:00+00:00,73146.39,72778.88,599.8004,0.0,62.499207,537.3012,False,expiry,14,2026-04-10,0
0,2026-04-13 05:00:00+00:00,2026-04-13 08:00:00+00:00,70902.85,70835.29,542.4068,0.0,56.518787,485.888,False,expiry,3,2026-04-13,0
0,2026-04-13 17:00:00+00:00,2026-04-13 22:20:00+00:00,72241.89,74218.71,606.8319,4052.3416,344.65143,-3790.1611,False,stop_loss,5,2026-04-13,0
0,2026-04-14 17:00:00+00:00,2026-04-15 08:00:00+00:00,74696.42,73772.35,590.8487,0.0,61.566433,529.2823,False,expiry,15,2026-04-14,0
0,2026-04-15 16:00:00+00:00,2026-04-16 08:00:00+00:00,73858.47,74696.9,593.82214,0.0,61.876266,531.94586,False,expiry,16,2026-04-15,0
0,2026-04-16 16:00:00+00:00,2026-04-17 08:00:00+00:00,74770.5,75089.23,596.6686,0.0,62.172867,534.4957,False,expiry,16,2026-04-16,0
0,2026-04-17 19:00:00+00:00,2026-04-18 08:00:00+00:00,77196.4,77037.18,597.5001,0.0,62.259514,535.2406,False,expiry,13,2026-04-17,0
0,2026-04-20 05:00:00+00:00,2026-04-20 08:00:00+00:00,74590.57,74853.65,599.7082,0.0,62.48959,537.21857,False,expiry,3,2026-04-20,0
0,2026-04-20 17:00:00+00:00,2026-04-21 08:00:00+00:00,75376.23,76118.46,601.5023,0.0,62.67654,538.8258,False,expiry,15,2026-04-20,0
0,2026-04-21 16:00:00+00:00,2026-04-22 08:00:00+00:00,75853.59,78021.17,605.31165,0.0,63.073475,542.23816,False,expiry,16,2026-04-21,0
0,2026-04-22 17:00:00+00:00,2026-04-23 08:00:00+00:00,78771.38,78080.69,606.5397,0.0,63.20143,543.3382,False,expiry,15,2026-04-22,0
0,2026-04-23 16:00:00+00:00,2026-04-24 08:00:00+00:00,78408.87,77676.0,606.88464,0.0,63.23738,543.6473,False,expiry,16,2026-04-23,0
0,2026-04-24 15:30:00+00:00,2026-04-25 08:00:00+00:00,77853.99,77520.02,610.3753,0.0,63.601105,546.7742,False,expiry,16,2026-04-24,0
0,2026-04-27 05:15:00+00:00,2026-04-27 08:00:00+00:00,78677.14,77624.18,610.5346,0.0,63.617706,546.9169,False,expiry,2,2026-04-27,0
0,2026-04-27 18:00:00+00:00,2026-04-28 08:00:00+00:00,76733.42,76875.97,613.8674,0.0,63.96498,549.9024,False,expiry,14,2026-04-27,0
0,2026-04-28 16:10:00+00:00,2026-04-29 08:00:00+00:00,76007.56,77040.01,617.1814,0.0,64.3103,552.8711,False,expiry,15,2026-04-28,0
0,2026-04-29 18:00:00+00:00,2026-04-30 08:00:00+00:00,76147.91,76132.66,616.79803,0.0,64.270355,552.5277,False,expiry,14,2026-04-29,0
0,2026-04-30 16:00:00+00:00,2026-05-01 08:00:00+00:00,76441.77,76312.75,620.7072,0.0,64.67769,556.0295,False,expiry,16,2026-04-30,0
0,2026-05-01 17:00:00+00:00,2026-05-02 08:00:00+00:00,78201.1,78215.18,560.7019,0.0,58.425137,502.27673,False,expiry,15,2026-05-01,0
0,2026-05-04 05:15:00+00:00,2026-05-04 08:00:00+00:00,80138.98,79689.3,375.0504,0.0,39.080254,335.97015,False,expiry,2,2026-05-04,0
0,2026-05-04 16:00:00+00:00,2026-05-05 08:00:00+00:00,80023.22,80851.99,628.18225,0.0,65.45659,562.72565,False,expiry,16,2026-05-04,0
0,2026-05-05 17:00:00+00:00,2026-05-06 08:00:00+00:00,81286.77,81357.25,565.7559,0.0,58.951767,506.80417,False,expiry,15,2026-05-05,0
0,2026-05-06 16:00:00+00:00,2026-05-07 08:00:00+00:00,81699.62,81519.96,629.08704,0.0,65.55087,563.5362,False,expiry,16,2026-05-06,0
0,2026-05-07 17:00:00+00:00,2026-05-08 08:00:00+00:00,79790.18,79663.0,634.332,0.0,66.09739,568.23456,False,expiry,15,2026-05-07,0
0,2026-05-08 15:30:00+00:00,2026-05-09 08:00:00+00:00,79656.0,80258.5,633.2652,0.0,65.98623,567.27893,False,expiry,16,2026-05-08,0
0,2026-05-11 16:00:00+00:00,2026-05-12 08:00:00+00:00,81404.0,80898.0,382.5988,0.0,39.866795,342.732,False,expiry,16,2026-05-11,0
0,2026-05-12 17:00:00+00:00,2026-05-13 08:00:00+00:00,80011.0,81025.0,576.07916,0.0,60.02745,516.05176,False,expiry,15,2026-05-12,0
0,2026-05-13 17:00:00+00:00,2026-05-14 08:00:00+00:00,79218.5,79748.0,643.2542,0.0,67.02709,576.2271,False,expiry,15,2026-05-13,0
0,2026-05-14 20:00:00+00:00,2026-05-15 08:00:00+00:00,81430.0,80777.5,578.9673,0.0,60.328392,518.6389,False,expiry,12,2026-05-14,0
0,2026-05-15 17:00:00+00:00,2026-05-16 08:00:00+00:00,79216.5,78370.0,646.4066,0.0,67.35557,579.051,False,expiry,15,2026-05-15,0
0,2026-05-18 05:25:00+00:00,2026-05-18 08:00:00+00:00,76964.0,77046.0,387.89856,0.0,40.41903,347.47952,False,expiry,2,2026-05-18,0
0,2026-05-18 16:00:00+00:00,2026-05-19 08:00:00+00:00,76297.5,77161.5,650.05475,0.0,67.7357,582.31903,False,expiry,16,2026-05-18,0
0,2026-05-19 16:00:00+00:00,2026-05-20 08:00:00+00:00,76478.0,77228.5,651.5926,0.0,67.89595,583.69666,False,expiry,16,2026-05-19,0
0,2026-05-20 16:00:00+00:00,2026-05-21 08:00:00+00:00,77430.5,77851.5,391.7983,0.0,40.825386,350.97293,False,expiry,16,2026-05-20,0
0,2026-05-21 17:30:00+00:00,2026-05-22 08:00:00+00:00,77912.5,77381.5,589.0185,0.0,61.375725,527.64276,False,expiry,14,2026-05-21,0
0,2026-05-22 15:40:00+00:00,2026-05-23 08:00:00+00:00,76606.0,74524.0,393.75482,0.0,41.029255,352.7256,False,expiry,16,2026-05-22,0
0,2026-05-25 16:20:00+00:00,2026-05-26 08:00:00+00:00,77449.5,76649.5,394.99243,0.0,41.15821,353.83423,False,expiry,15,2026-05-25,0
0,2026-05-26 16:00:00+00:00,2026-05-27 08:00:00+00:00,76396.0,75867.0,395.73126,0.0,41.2352,354.49606,False,expiry,16,2026-05-26,0
0,2026-05-27 17:00:00+00:00,2026-05-28 08:00:00+00:00,75208.5,73330.5,397.10086,0.0,41.37791,355.72296,False,expiry,15,2026-05-27,0
0,2026-05-28 17:00:00+00:00,2026-05-29 08:00:00+00:00,73351.0,73549.5,663.0931,0.0,69.0943,593.9988,False,expiry,15,2026-05-28,0
0,2026-06-01 05:30:00+00:00,2026-06-01 08:00:00+00:00,73267.0,72720.0,665.26434,0.0,69.32054,595.9438,False,expiry,2,2026-06-01,0
0,2026-06-01 18:00:00+00:00,2026-06-02 08:00:00+00:00,71557.5,70016.0,666.9159,0.0,69.49264,597.4232,False,expiry,14,2026-06-01,0
0,2026-06-02 21:00:00+00:00,2026-06-03 08:00:00+00:00,67492.0,67104.5,668.17084,0.0,69.6234,598.5474,False,expiry,11,2026-06-02,0
0,2026-06-03 22:00:00+00:00,2026-06-04 08:00:00+00:00,65634.5,63473.0,672.0973,0.0,70.03254,602.06476,False,expiry,10,2026-06-03,0
0,2026-06-04 16:00:00+00:00,2026-06-05 08:00:00+00:00,63813.5,63013.5,673.87054,0.0,70.217316,603.65326,False,expiry,16,2026-06-04,0
0,2026-06-05 20:00:00+00:00,2026-06-06 08:00:00+00:00,60401.5,60890.5,677.1008,0.0,70.55391,606.54694,False,expiry,12,2026-06-05,0
0,2026-06-08 05:00:00+00:00,2026-06-08 08:00:00+00:00,62740.5,63172.5,611.71985,0.0,63.74121,547.97864,False,expiry,3,2026-06-08,0
0,2026-06-08 16:00:00+00:00,2026-06-09 08:00:00+00:00,63648.0,63132.5,681.6701,0.0,71.03002,610.6401,False,expiry,16,2026-06-08,0
0,2026-06-09 18:00:00+00:00,2026-06-10 08:00:00+00:00,61684.0,61601.5,685.9261,0.0,71.4735,614.45264,False,expiry,14,2026-06-09,0
0,2026-06-10 17:00:00+00:00,2026-06-11 08:00:00+00:00,62180.0,62695.5,687.7108,0.0,71.65946,616.05133,False,expiry,15,2026-06-10,0
0,2026-06-11 16:00:00+00:00,2026-06-12 08:00:00+00:00,62750.5,63009.0,687.7455,0.0,71.663086,616.08246,False,expiry,16,2026-06-11,0
0,2026-06-12 15:30:00+00:00,2026-06-13 08:00:00+00:00,64031.0,63781.5,691.5348,0.0,72.05793,619.47687,False,expiry,16,2026-06-12,0
0,2026-06-15 16:00:00+00:00,2026-06-16 08:00:00+00:00,67132.5,66332.5,695.4927,0.0,72.47034,623.02234,False,expiry,16,2026-06-15,0
0,2026-06-16 16:00:00+00:00,2026-06-17 08:00:00+00:00,65865.5,65462.5,626.38086,0.0,65.26889,561.112,False,expiry,16,2026-06-16,0
0,2026-06-17 16:00:00+00:00,2026-06-18 08:00:00+00:00,65769.5,64410.0,698.4721,0.0,72.78079,625.6913,False,expiry,16,2026-06-17,0
0,2026-06-18 17:00:00+00:00,2026-06-19 08:00:00+00:00,62588.0,62530.5,700.9856,0.0,73.0427,627.94293,False,expiry,15,2026-06-18,0
0,2026-06-22 16:25:00+00:00,2026-06-23 08:00:00+00:00,64633.0,62817.0,701.9144,0.0,73.13948,628.7749,False,expiry,15,2026-06-22,0
0,2026-06-23 16:00:00+00:00,2026-06-24 08:00:00+00:00,62442.0,62576.5,705.5946,0.0,73.52296,632.07166,False,expiry,16,2026-06-23,0
0,2026-06-24 20:00:00+00:00,2026-06-25 08:00:00+00:00,59775.5,61802.0,710.133,0.0,73.99586,636.13715,False,expiry,12,2026-06-24,0
0,2026-06-25 17:00:00+00:00,2026-06-26 08:00:00+00:00,59244.5,60476.5,710.934,0.0,74.07932,636.85474,False,expiry,15,2026-06-25,0
0,2026-06-26 16:00:00+00:00,2026-06-27 08:00:00+00:00,60475.0,60001.5,711.186,0.0,74.105576,637.0804,False,expiry,16,2026-06-26,0
0,2026-06-29 05:00:00+00:00,2026-06-29 08:00:00+00:00,59723.0,59933.0,430.00558,0.0,44.806583,385.199,False,expiry,3,2026-06-29,0
0,2026-06-29 16:00:00+00:00,2026-06-30 08:00:00+00:00,59728.0,59458.5,719.1251,0.0,74.93284,644.1923,False,expiry,16,2026-06-29,0
0,2026-06-30 17:00:00+00:00,2026-07-01 08:00:00+00:00,58399.0,58667.0,719.4757,0.0,74.96937,644.50635,False,expiry,15,2026-06-30,0
0,2026-07-01 18:00:00+00:00,2026-07-02 08:00:00+00:00,60132.5,60090.5,723.9953,0.0,75.440315,648.555,False,expiry,14,2026-07-01,0
0,2026-07-02 16:30:00+00:00,2026-07-03 08:00:00+00:00,61170.5,61721.5,726.7055,0.0,75.72272,650.9828,False,expiry,15,2026-07-02,0
0,2026-07-03 16:10:00+00:00,2026-07-04 08:00:00+00:00,61934.0,62516.0,437.25403,0.0,45.56187,391.69217,False,expiry,15,2026-07-03,0
0,2026-07-06 16:00:00+00:00,2026-07-07 08:00:00+00:00,63400.5,63067.0,729.1057,0.0,75.97282,653.13293,False,expiry,16,2026-07-06,0
0,2026-07-07 16:05:00+00:00,2026-07-08 08:00:00+00:00,63948.5,62833.0,732.2103,0.0,76.29631,655.914,False,expiry,15,2026-07-07,0
0,2026-07-08 16:00:00+00:00,2026-07-09 08:00:00+00:00,61712.5,62946.0,735.613,0.0,76.65087,658.9621,False,expiry,16,2026-07-08,0
0,2026-07-09 16:00:00+00:00,2026-07-10 08:00:00+00:00,62867.0,63944.5,736.8013,0.0,76.77469,660.02655,False,expiry,16,2026-07-09,0
0,2026-07-10 15:35:00+00:00,2026-07-11 08:00:00+00:00,63998.0,64150.0,739.81683,0.0,77.08892,662.72797,False,expiry,16,2026-07-10,0
0,2026-07-13 05:10:00+00:00,2026-07-13 08:00:00+00:00,62838.0,62986.5,669.2247,0.0,69.733215,599.49146,False,expiry,2,2026-07-13,0
0,2026-07-13 16:00:00+00:00,2026-07-14 08:00:00+00:00,62550.0,62490.5,447.858,0.0,46.6668,401.1912,False,expiry,16,2026-07-13,0
0,2026-07-14 17:00:00+00:00,2026-07-15 08:00:00+00:00,64679.5,64577.0,673.3136,0.0,70.15927,603.1543,False,expiry,15,2026-07-14,0
0,2026-07-15 16:00:00+00:00,2026-07-16 08:00:00+00:00,65370.0,64210.0,750.44763,0.0,78.19664,672.251,False,expiry,16,2026-07-15,0
0,2026-07-16 17:05:00+00:00,2026-07-17 08:00:00+00:00,64326.5,62742.0,677.35803,0.0,70.5807,606.77734,False,expiry,14,2026-07-16,0
0,2026-07-21 16:00:00+00:00,2026-07-22 08:00:00+00:00,66637.5,65932.5,453.13498,0.0,47.216667,405.91833,False,expiry,16,2026-07-21,0
0,2026-07-22 16:00:00+00:00,2026-07-23 08:00:00+00:00,66008.5,65409.0,454.13846,0.0,47.321228,406.81723,False,expiry,16,2026-07-22,0
0,2026-07-23 16:00:00+00:00,2026-07-24 08:00:00+00:00,64916.5,65438.5,758.22473,0.0,79.00702,679.2177,False,expiry,16,2026-07-23,0
0,2026-07-27 17:05:00+00:00,2026-07-27 23:00:00+00:00,64762.5,63703.5,455.92798,3587.7812,421.3545,-3553.2078,False,stop_loss,5,2026-07-27,0
0,2026-07-28 20:40:00+00:00,2026-07-29 08:00:00+00:00,63829.0,64491.0,448.07956,0.0,46.68989,401.38968,False,expiry,11,2026-07-28,0
0,2026-07-29 16:00:00+00:00,2026-07-30 08:00:00+00:00,63932.5,63947.0,748.0103,0.0,77.94267,670.0676,False,expiry,16,2026-07-29,0
0,2026-07-30 16:00:00+00:00,2026-07-31 08:00:00+00:00,64700.0,63891.0,750.52,0.0,78.204185,672.31586,False,expiry,16,2026-07-30,0
0,2026-07-31 17:25:00+00:00,2026-08-01 08:00:00+00:00,62914.0,63011.0,451.7225,0.0,47.069485,404.653,False,expiry,14,2026-07-31,0
0,2026-08-07 16:00:00+00:00,2026-08-08 08:00:00+00:00,64887.5,64921.5,452.91473,0.0,47.193714,405.721,False,expiry,16,2026-08-07,0
0,2026-08-10 18:30:00+00:00,2026-08-11 08:00:00+00:00,63840.0,64029.5,755.8656,0.0,78.76119,677.1044,False,expiry,13,2026-08-10,0
0,2026-08-20 18:00:00+00:00,2026-08-21 08:00:00+00:00,72753.0,76342.5,759.5414,0.0,79.14421,680.39716,False,expiry,14,2026-08-20,0
0,2026-08-21 16:00:00+00:00,2026-08-22 08:00:00+00:00,77261.0,77360.5,764.8839,0.0,79.700905,685.18304,False,expiry,16,2026-08-21,0
0,2026-08-24 05:00:00+00:00,2026-08-24 08:00:00+00:00,76893.0,77346.5,765.8543,0.0,79.80202,686.0523,False,expiry,3,2026-08-24,0
0,2026-08-24 17:00:00+00:00,2026-08-25 08:00:00+00:00,78840.5,79713.5,767.11804,0.0,79.9337,687.1844,False,expiry,15,2026-08-24,0
0,2026-08-25 16:00:00+00:00,2026-08-26 08:00:00+00:00,79477.5,78919.5,767.7526,0.0,79.999825,687.7528,False,expiry,16,2026-08-25,0
0,2026-08-26 16:00:00+00:00,2026-08-27 00:00:00+00:00,78044.0,78960.5,772.6356,911.99384,175.53839,-314.89658,False,end_of_data,8,2026-08-26,0
