combo_idx,trade_idx,open_idx,ts,event,contract,side,qty,price_btc,amount_btc,fee_btc,spot,amount_usd,fee_usd,balance_usd,exit_reason,comment,status
33,1,1,2025-08-18 16:00:00+00:00,open,BTC-19AUG25-117000-C,sell,1.7,0.0016,0.00272,0.000283424,116229.65,316.14462,32.942272,100283.2,,,0
33,1,1,2025-08-18 16:00:00+00:00,open,BTC-19AUG25-122000-C,buy,1.7,1e-04,-0.00017,1.7714e-05,116229.65,-19.759039,2.058892,100261.38,,,0
33,2,1,2025-08-19 08:00:00+00:00,close,BTC-19AUG25-117000-C,buy,1.7,0.0,-0.0,0.0,115011.6,-0.0,0.0,100261.38,expiry,,0
33,2,1,2025-08-19 08:00:00+00:00,close,BTC-19AUG25-122000-C,sell,1.7,0.0,0.0,0.0,115011.6,0.0,0.0,100261.38,expiry,,0
33,3,3,2025-08-19 16:00:00+00:00,open,BTC-20AUG25-115000-C,sell,1.8,0.0015,0.0027,0.00028134,113829.46,307.33954,32.02478,100536.695,,,0
33,3,3,2025-08-19 16:00:00+00:00,open,BTC-20AUG25-118000-C,buy,1.8,0.0002,-0.00036,3.7512e-05,113829.46,-40.978603,4.2699704,100491.45,,,0
33,4,3,2025-08-20 08:00:00+00:00,close,BTC-20AUG25-115000-C,buy,1.8,0.0,-0.0,0.0,113420.94,-0.0,0.0,100491.45,expiry,,0
33,4,3,2025-08-20 08:00:00+00:00,close,BTC-20AUG25-118000-C,sell,1.8,0.0,0.0,0.0,113420.94,0.0,0.0,100491.45,expiry,,0
33,5,5,2025-08-20 16:00:00+00:00,open,BTC-21AUG25-114000-C,sell,1.8,0.0027,0.00486,0.00045,113390.79,551.0792,51.025856,100991.51,,,0
33,5,5,2025-08-20 16:00:00+00:00,open,BTC-21AUG25-120000-C,buy,1.8,0.0002,-0.00036,3.7512e-05,113390.79,-40.820683,4.2535152,100946.43,,,0
33,6,5,2025-08-21 08:00:00+00:00,close,BTC-21AUG25-114000-C,buy,1.8,0.0,-0.0,0.0,113900.95,-0.0,0.0,100946.43,expiry,,0
33,6,5,2025-08-21 08:00:00+00:00,close,BTC-21AUG25-120000-C,sell,1.8,0.0,0.0,0.0,113900.95,0.0,0.0,100946.43,expiry,,0
33,7,7,2025-08-21 16:00:00+00:00,open,BTC-22AUG25-114000-C,sell,1.8,0.0013,0.0023400001,0.000243828,112747.28,263.82864,27.490944,101182.766,,,0
33,7,7,2025-08-21 16:00:00+00:00,open,BTC-22AUG25-119000-C,buy,1.8,1e-04,-0.00018,1.8756e-05,112747.28,-20.29451,2.114688,101160.36,,,0
33,8,7,2025-08-22 08:00:00+00:00,close,BTC-22AUG25-114000-C,buy,1.8,0.0,-0.0,0.0,113038.03,-0.0,0.0,101160.36,expiry,,0
33,8,7,2025-08-22 08:00:00+00:00,close,BTC-22AUG25-119000-C,sell,1.8,0.0,0.0,0.0,113038.03,0.0,0.0,101160.36,expiry,,0
33,9,9,2025-08-22 16:00:00+00:00,open,BTC-23AUG25-115000-P,sell,1.7,0.0017,0.0028900001,0.000301138,116489.44,336.65448,35.079395,101461.93,,,0
33,9,9,2025-08-22 16:00:00+00:00,open,BTC-23AUG25-106000-P,buy,1.7,0.0002,-0.00034,3.5428e-05,116489.44,-39.606407,4.1269875,101418.2,,,0
33,10,9,2025-08-23 08:00:00+00:00,close,BTC-23AUG25-115000-P,buy,1.7,0.0,-0.0,0.0,115807.75,-0.0,0.0,101418.2,expiry,,0
33,10,9,2025-08-23 08:00:00+00:00,close,BTC-23AUG25-106000-P,sell,1.7,0.0,0.0,0.0,115807.75,0.0,0.0,101418.2,expiry,,0
33,11,11,2025-08-25 16:00:00+00:00,open,BTC-26AUG25-113000-C,sell,1.8,0.0026,0.0046800002,0.00045,112145.58,524.8413,50.46551,101892.58,,,0
33,11,11,2025-08-25 16:00:00+00:00,open,BTC-26AUG25-118000-C,buy,1.8,0.0002,-0.00036,3.7512e-05,112145.58,-40.372406,4.2068048,101848.0,,,0
33,12,11,2025-08-26 08:00:00+00:00,close,BTC-26AUG25-113000-C,buy,1.8,0.0,-0.0,0.0,110360.35,-0.0,0.0,101848.0,expiry,,0
33,12,11,2025-08-26 08:00:00+00:00,close,BTC-26AUG25-118000-C,sell,1.8,0.0,0.0,0.0,110360.35,0.0,0.0,101848.0,expiry,,0
33,13,13,2025-08-26 16:00:00+00:00,open,BTC-27AUG25-111000-C,sell,1.9,0.0017,0.0032300001,0.000336566,109745.85,354.4791,36.93672,102165.54,,,0
33,13,13,2025-08-26 16:00:00+00:00,open,BTC-27AUG25-115000-C,buy,1.9,0.0002,-0.00037999998,3.9595998e-05,109745.85,-41.703423,4.3454967,102119.49,,,0
33,14,13,2025-08-27 08:00:00+00:00,close,BTC-27AUG25-111000-C,buy,1.9,0.0,-0.0,0.0,110798.58,-0.0,0.0,102119.49,expiry,,0
33,14,13,2025-08-27 08:00:00+00:00,close,BTC-27AUG25-115000-C,sell,1.9,0.0,0.0,0.0,110798.58,0.0,0.0,102119.49,expiry,,0
33,15,15,2025-08-27 16:00:00+00:00,open,BTC-28AUG25-113000-C,sell,1.8,0.0018,0.00324,0.00033760798,111999.3,362.87772,37.81186,102444.555,,,0
33,15,15,2025-08-27 16:00:00+00:00,open,BTC-28AUG25-119000-C,buy,1.8,0.0002,-0.00036,3.7512e-05,111999.3,-40.319744,4.2013173,102400.03,,,0
33,16,15,2025-08-28 08:00:00+00:00,close,BTC-28AUG25-113000-C,buy,1.8,0.0014183394,-0.002553011,0.00026602374,113160.5,-288.9,30.10338,102081.03,expiry,,0
33,16,15,2025-08-28 08:00:00+00:00,close,BTC-28AUG25-119000-C,sell,1.8,0.0,0.0,0.0,113160.5,0.0,0.0,102081.03,expiry,,0
33,17,17,2025-08-29 16:00:00+00:00,open,BTC-30AUG25-110000-C,sell,1.9,0.0012,0.0022800001,0.00023757601,108427.96,247.21576,25.759882,102302.484,,,0
33,17,17,2025-08-29 16:00:00+00:00,open,BTC-30AUG25-115000-C,buy,1.9,0.0002,-0.00037999998,3.9595998e-05,108427.96,-41.202625,4.2933135,102256.99,,,0
33,18,17,2025-08-30 08:00:00+00:00,close,BTC-30AUG25-110000-C,buy,1.9,0.0,-0.0,0.0,108510.29,-0.0,0.0,102256.99,expiry,,0
33,18,17,2025-08-30 08:00:00+00:00,close,BTC-30AUG25-115000-C,sell,1.9,0.0,0.0,0.0,108510.29,0.0,0.0,102256.99,expiry,,0
33,19,19,2025-09-01 16:10:00+00:00,open,BTC-2SEP25-110000-C,sell,1.9,0.001,0.0019,0.00019798001,108926.99,206.96129,21.565367,102442.39,,,0
33,19,19,2025-09-01 16:10:00+00:00,open,BTC-2SEP25-113000-C,buy,1.9,1e-04,-0.00018999999,1.9797999e-05,108926.99,-20.696129,2.1565366,102419.53,,,0
33,20,19,2025-09-02 08:00:00+00:00,close,BTC-2SEP25-110000-C,buy,1.9,0.002296136,-0.0043626586,0.00045458903,110253.16,-480.9969,50.119873,101888.414,expiry,,0
33,20,19,2025-09-02 08:00:00+00:00,close,BTC-2SEP25-113000-C,sell,1.9,0.0,0.0,0.0,110253.16,0.0,0.0,101888.414,expiry,,0
33,21,21,2025-09-02 16:00:00+00:00,open,BTC-3SEP25-112000-C,sell,1.8,0.0015,0.0027,0.00028134,110928.26,299.5063,31.208557,102156.72,,,0
33,21,21,2025-09-02 16:00:00+00:00,open,BTC-3SEP25-116000-C,buy,1.8,1e-04,-0.00018,1.8756e-05,110928.26,-19.967087,2.0805705,102134.67,,,0
33,22,21,2025-09-03 08:00:00+00:00,close,BTC-3SEP25-112000-C,buy,1.8,0.0,-0.0,0.0,111106.16,-0.0,0.0,102134.67,expiry,,0
33,22,21,2025-09-03 08:00:00+00:00,close,BTC-3SEP25-116000-C,sell,1.8,0.0,0.0,0.0,111106.16,0.0,0.0,102134.67,expiry,,0
33,23,23,2025-09-03 16:00:00+00:00,open,BTC-4SEP25-113000-C,sell,1.8,0.0018,0.00324,0.00033760798,112352.04,364.0206,37.930946,102460.76,,,0
33,23,23,2025-09-03 16:00:00+00:00,open,BTC-4SEP25-116000-C,buy,1.8,0.0002,-0.00036,3.7512e-05,112352.04,-40.44673,4.2145495,102416.09,,,0
33,24,23,2025-09-04 08:00:00+00:00,close,BTC-4SEP25-113000-C,buy,1.8,0.0,-0.0,0.0,110460.28,-0.0,0.0,102416.09,expiry,,0
33,24,23,2025-09-04 08:00:00+00:00,close,BTC-4SEP25-116000-C,sell,1.8,0.0,0.0,0.0,110460.28,0.0,0.0,102416.09,expiry,,0
33,25,25,2025-09-04 16:00:00+00:00,open,BTC-5SEP25-111000-C,sell,1.9,0.001,0.0019,0.00019798001,109487.77,208.02678,21.67639,102602.445,,,0
33,25,25,2025-09-04 16:00:00+00:00,open,BTC-5SEP25-115000-C,buy,1.9,0.0002,-0.00037999998,3.9595998e-05,109487.77,-41.605354,4.3352776,102556.51,,,0
33,26,25,2025-09-05 08:00:00+00:00,close,BTC-5SEP25-111000-C,buy,1.9,0.017405301,-0.033070073,0.000475,112966.21,-3735.8008,53.65895,98767.05,expiry,,0
33,26,25,2025-09-05 08:00:00+00:00,close,BTC-5SEP25-115000-C,sell,1.9,0.0,0.0,0.0,112966.21,0.0,0.0,98767.05,expiry,,0
33,27,27,2025-09-08 16:00:00+00:00,open,BTC-9SEP25-113000-C,sell,1.8,0.002,0.0036000002,0.00037512003,112634.51,405.48425,42.251457,99130.28,,,0
33,27,27,2025-09-08 16:00:00+00:00,open,BTC-9SEP25-118000-C,buy,1.8,1e-04,-0.00018,1.8756e-05,112634.51,-20.27421,2.1125727,99107.89,,,0
33,28,27,2025-09-09 08:00:00+00:00,close,BTC-9SEP25-113000-C,buy,1.8,0.0008335828,-0.001500449,0.00015634678,113094.27,-169.69218,17.681927,98920.516,expiry,,0
33,28,27,2025-09-09 08:00:00+00:00,close,BTC-9SEP25-118000-C,sell,1.8,0.0,0.0,0.0,113094.27,0.0,0.0,98920.516,expiry,,0
33,29,29,2025-09-10 16:00:00+00:00,open,BTC-11SEP25-115000-C,sell,1.7,0.0015,0.00255,0.00026571,113883.54,290.403,30.259995,99180.664,,,0
33,29,29,2025-09-10 16:00:00+00:00,open,BTC-11SEP25-118000-C,buy,1.7,0.0002,-0.00034,3.5428e-05,113883.54,-38.7204,4.034666,99137.91,,,0
33,30,29,2025-09-11 08:00:00+00:00,close,BTC-11SEP25-115000-C,buy,1.7,0.0,-0.0,0.0,114079.24,-0.0,0.0,99137.91,expiry,,0
33,30,29,2025-09-11 08:00:00+00:00,close,BTC-11SEP25-118000-C,sell,1.7,0.0,0.0,0.0,114079.24,0.0,0.0,99137.91,expiry,,0
33,31,31,2025-09-12 16:00:00+00:00,open,BTC-13SEP25-114000-P,sell,1.7,0.0007,0.00119,0.00012399799,115178.0,137.06181,14.281841,99260.69,,,0
33,31,31,2025-09-12 16:00:00+00:00,open,BTC-13SEP25-110000-P,buy,1.7,0.0002,-0.00034,3.5428e-05,115178.0,-39.16052,4.080526,99217.445,,,0
33,32,31,2025-09-13 08:00:00+00:00,close,BTC-13SEP25-114000-P,buy,1.7,0.0,-0.0,0.0,115846.37,-0.0,0.0,99217.445,expiry,,0
33,32,31,2025-09-13 08:00:00+00:00,close,BTC-13SEP25-110000-P,sell,1.7,0.0,0.0,0.0,115846.37,0.0,0.0,99217.445,expiry,,0
33,33,33,2025-09-15 16:00:00+00:00,open,BTC-16SEP25-114000-P,sell,1.7,0.001,0.0017000001,0.00017714001,114884.7,195.304,20.350677,99392.4,,,0
33,33,33,2025-09-15 16:00:00+00:00,open,BTC-16SEP25-108000-P,buy,1.7,0.0002,-0.00034,3.5428e-05,114884.7,-39.0608,4.070135,99349.266,,,0
33,34,33,2025-09-16 08:00:00+00:00,close,BTC-16SEP25-114000-P,buy,1.7,0.0,-0.0,0.0,115923.7,-0.0,0.0,99349.266,expiry,,0
33,34,33,2025-09-16 08:00:00+00:00,close,BTC-16SEP25-108000-P,sell,1.7,0.0,0.0,0.0,115923.7,0.0,0.0,99349.266,expiry,,0
33,35,35,2025-09-16 16:00:00+00:00,open,BTC-17SEP25-115000-P,sell,1.7,0.001,0.0017000001,0.00017714001,115977.47,197.16171,20.54425,99525.88,,,0
33,35,35,2025-09-16 16:00:00+00:00,open,BTC-17SEP25-108000-P,buy,1.7,0.0002,-0.00034,3.5428e-05,115977.47,-39.43234,4.1088495,99482.34,,,0
33,36,35,2025-09-17 08:00:00+00:00,close,BTC-17SEP25-115000-P,buy,1.7,0.0,-0.0,0.0,117222.28,-0.0,0.0,99482.34,expiry,,0
33,36,35,2025-09-17 08:00:00+00:00,close,BTC-17SEP25-108000-P,sell,1.7,0.0,0.0,0.0,117222.28,0.0,0.0,99482.34,expiry,,0
33,37,37,2025-09-17 16:00:00+00:00,open,BTC-18SEP25-118000-C,sell,1.7,0.0032,0.00544,0.000425,115862.63,630.2927,49.24162,100063.4,,,0
33,37,37,2025-09-17 16:00:00+00:00,open,BTC-18SEP25-124000-C,buy,1.7,0.0003,-0.00051000004,5.3142e-05,115862.63,-59.089947,6.157172,99998.15,,,0
33,38,37,2025-09-18 08:00:00+00:00,close,BTC-18SEP25-118000-C,buy,1.7,0.0,-0.0,0.0,117104.53,-0.0,0.0,99998.15,expiry,,0
33,38,37,2025-09-18 08:00:00+00:00,close,BTC-18SEP25-124000-C,sell,1.7,0.0,0.0,0.0,117104.53,0.0,0.0,99998.15,expiry,,0
33,39,39,2025-09-19 16:00:00+00:00,open,BTC-20SEP25-117000-C,sell,1.7,0.0008,0.00136,0.000141712,115867.84,157.58026,16.419863,100139.305,,,0
33,39,39,2025-09-19 16:00:00+00:00,open,BTC-20SEP25-121000-C,buy,1.7,1e-04,-0.00017,1.7714e-05,115867.84,-19.697533,2.0524828,100117.555,,,0
33,40,39,2025-09-20 08:00:00+00:00,close,BTC-20SEP25-117000-C,buy,1.7,0.0,-0.0,0.0,115995.94,-0.0,0.0,100117.555,expiry,,0
33,40,39,2025-09-20 08:00:00+00:00,close,BTC-20SEP25-121000-C,sell,1.7,0.0,0.0,0.0,115995.94,0.0,0.0,100117.555,expiry,,0
33,41,41,2025-09-22 16:00:00+00:00,open,BTC-23SEP25-114000-C,sell,1.8,0.0012,0.0021600001,0.00022507201,112873.92,243.80768,25.40476,100335.96,,,0
33,41,41,2025-09-22 16:00:00+00:00,open,BTC-23SEP25-117000-C,buy,1.8,0.0002,-0.00036,3.7512e-05,112873.92,-40.63461,4.2341266,100291.09,,,0
33,42,41,2025-09-23 08:00:00+00:00,close,BTC-23SEP25-114000-C,buy,1.8,0.0,-0.0,0.0,113121.31,-0.0,0.0,100291.09,expiry,,0
33,42,41,2025-09-23 08:00:00+00:00,close,BTC-23SEP25-117000-C,sell,1.8,0.0,0.0,0.0,113121.31,0.0,0.0,100291.09,expiry,,0
33,43,43,2025-09-23 16:00:00+00:00,open,BTC-24SEP25-114000-C,sell,1.8,0.001,0.0018000001,0.00018756001,112943.04,203.29749,21.183598,100473.2,,,0
33,43,43,2025-09-23 16:00:00+00:00,open,BTC-24SEP25-117000-C,buy,1.8,0.0002,-0.00036,3.7512e-05,112943.04,-40.659492,4.236719,100428.31,,,0
33,44,43,2025-09-24 08:00:00+00:00,close,BTC-24SEP25-114000-C,buy,1.8,0.0,-0.0,0.0,112585.1,-0.0,0.0,100428.31,expiry,,0
33,44,43,2025-09-24 08:00:00+00:00,close,BTC-24SEP25-117000-C,sell,1.8,0.0,0.0,0.0,112585.1,0.0,0.0,100428.31,expiry,,0
33,45,45,2025-09-24 16:00:00+00:00,open,BTC-25SEP25-114000-C,sell,1.8,0.0016,0.00288,0.000300096,113359.06,326.4741,34.0186,100720.766,,,0
33,45,45,2025-09-24 16:00:00+00:00,open,BTC-25SEP25-117000-C,buy,1.8,0.0002,-0.00036,3.7512e-05,113359.06,-40.80926,4.252325,100675.7,,,0
33,46,45,2025-09-25 08:00:00+00:00,close,BTC-25SEP25-114000-C,buy,1.8,0.0,-0.0,0.0,111829.41,-0.0,0.0,100675.7,expiry,,0
33,46,45,2025-09-25 08:00:00+00:00,close,BTC-25SEP25-117000-C,sell,1.8,0.0,0.0,0.0,111829.41,0.0,0.0,100675.7,expiry,,0
33,47,47,2025-09-25 16:00:00+00:00,open,BTC-26SEP25-113000-C,sell,1.8,0.0016,0.00288,0.000300096,111638.44,321.51868,33.502247,100963.72,,,0
33,47,47,2025-09-25 16:00:00+00:00,open,BTC-26SEP25-121000-C,buy,1.8,0.0002,-0.00036,3.7512e-05,111638.44,-40.189835,4.187781,100919.34,,,0
33,48,47,2025-09-26 08:00:00+00:00,close,BTC-26SEP25-113000-C,buy,1.8,0.0,-0.0,0.0,109462.41,-0.0,0.0,100919.34,expiry,,0
33,48,47,2025-09-26 08:00:00+00:00,close,BTC-26SEP25-121000-C,sell,1.8,0.0,0.0,0.0,109462.41,0.0,0.0,100919.34,expiry,,0
33,49,49,2025-09-26 16:00:00+00:00,open,BTC-27SEP25-110000-C,sell,1.9,0.0013,0.00247,0.000257374,109078.55,269.424,28.073982,101160.695,,,0
33,49,49,2025-09-26 16:00:00+00:00,open,BTC-27SEP25-113000-C,buy,1.9,0.0002,-0.00037999998,3.9595998e-05,109078.55,-41.44985,4.319074,101114.92,,,0
33,50,49,2025-09-27 08:00:00+00:00,close,BTC-27SEP25-110000-C,buy,1.9,0.0,-0.0,0.0,109424.11,-0.0,0.0,101114.92,expiry,,0
33,50,49,2025-09-27 08:00:00+00:00,close,BTC-27SEP25-113000-C,sell,1.9,0.0,0.0,0.0,109424.11,0.0,0.0,101114.92,expiry,,0
33,51,51,2025-09-29 16:00:00+00:00,open,BTC-30SEP25-115000-C,sell,1.8,0.0006,0.0010800001,0.00011253601,113932.56,123.04717,12.821515,101225.15,,,0
33,51,51,2025-09-29 16:00:00+00:00,open,BTC-30SEP25-118000-C,buy,1.8,1e-04,-0.00018,1.8756e-05,113932.56,-20.50786,2.136919,101202.51,,,0
33,52,51,2025-09-30 08:00:00+00:00,close,BTC-30SEP25-115000-C,buy,1.8,0.0,-0.0,0.0,113787.93,-0.0,0.0,101202.51,expiry,,0
33,52,51,2025-09-30 08:00:00+00:00,close,BTC-30SEP25-118000-C,sell,1.8,0.0,0.0,0.0,113787.93,0.0,0.0,101202.51,expiry,,0
33,53,53,2025-09-30 16:00:00+00:00,open,BTC-1OCT25-114000-C,sell,1.8,0.0013,0.0023400001,0.000243828,113107.63,264.67188,27.578808,101439.6,,,0
33,53,53,2025-09-30 16:00:00+00:00,open,BTC-1OCT25-117000-C,buy,1.8,0.0002,-0.00036,3.7512e-05,113107.63,-40.718746,4.242893,101394.63,,,0
33,54,53,2025-10-01 08:00:00+00:00,close,BTC-1OCT25-114000-C,buy,1.8,0.0047244895,-0.008504081,0.00045,114541.15,-974.0672,51.543518,100369.02,expiry,,0
33,54,53,2025-10-01 08:00:00+00:00,close,BTC-1OCT25-117000-C,sell,1.8,0.0,0.0,0.0,114541.15,0.0,0.0,100369.02,expiry,,0
33,55,55,2025-10-01 16:00:00+00:00,open,BTC-2OCT25-118000-C,sell,1.7,0.0025,0.0042499998,0.000425,117522.99,499.47272,49.947273,100818.555,,,0
33,55,55,2025-10-01 16:00:00+00:00,open,BTC-2OCT25-121000-C,buy,1.7,0.0003,-0.00051000004,5.3142e-05,117522.99,-59.93673,6.245407,100752.37,,,0
33,56,55,2025-10-02 08:00:00+00:00,close,BTC-2OCT25-118000-C,buy,1.7,0.0052422364,-0.0089118015,0.000425,118621.84,-1057.1344,50.414284,99644.82,expiry,,0
33,56,55,2025-10-02 08:00:00+00:00,close,BTC-2OCT25-121000-C,sell,1.7,0.0,0.0,0.0,118621.84,0.0,0.0,99644.82,expiry,,0
33,57,57,2025-10-02 16:00:00+00:00,open,BTC-3OCT25-119000-P,sell,1.7,0.0018,0.00306,0.000318852,119932.81,366.9944,38.240818,99973.57,,,0
33,57,57,2025-10-02 16:00:00+00:00,open,BTC-3OCT25-111000-P,buy,1.7,1e-04,-0.00017,1.7714e-05,119932.81,-20.388578,2.1244898,99951.06,,,0
33,58,57,2025-10-03 08:00:00+00:00,close,BTC-3OCT25-119000-P,buy,1.7,0.0,-0.0,0.0,119767.06,-0.0,0.0,99951.06,expiry,,0
33,58,57,2025-10-03 08:00:00+00:00,close,BTC-3OCT25-111000-P,sell,1.7,0.0,0.0,0.0,119767.06,0.0,0.0,99951.06,expiry,,0
33,59,59,2025-10-03 16:00:00+00:00,open,BTC-4OCT25-121000-P,sell,1.6,0.0012,0.0019200001,0.00020006401,122728.05,235.63786,24.553465,100162.15,,,0
33,59,59,2025-10-03 16:00:00+00:00,open,BTC-4OCT25-114000-P,buy,1.6,0.0002,-0.00032,3.3344e-05,122728.05,-39.272972,4.0922437,100118.78,,,0
33,60,59,2025-10-04 08:00:00+00:00,close,BTC-4OCT25-121000-P,buy,1.6,0.0,-0.0,0.0,122369.01,-0.0,0.0,100118.78,expiry,,0
33,60,59,2025-10-04 08:00:00+00:00,close,BTC-4OCT25-114000-P,sell,1.6,0.0,0.0,0.0,122369.01,0.0,0.0,100118.78,expiry,,0
33,61,61,2025-10-06 16:00:00+00:00,open,BTC-7OCT25-124000-P,sell,1.6,0.002,0.0032000002,0.00033344002,125066.73,400.21353,41.70225,100477.29,,,0
33,61,61,2025-10-06 16:00:00+00:00,open,BTC-7OCT25-115000-P,buy,1.6,0.0002,-0.00032,3.3344e-05,125066.73,-40.02135,4.1702247,100433.1,,,0
33,62,61,2025-10-07 08:00:00+00:00,close,BTC-7OCT25-124000-P,buy,1.6,0.002608475,-0.00417356,0.0004,123677.39,-516.175,49.470955,99867.45,expiry,,0
33,62,61,2025-10-07 08:00:00+00:00,close,BTC-7OCT25-115000-P,sell,1.6,0.0,0.0,0.0,123677.39,0.0,0.0,99867.45,expiry,,0
33,63,63,2025-10-07 16:00:00+00:00,open,BTC-8OCT25-123000-C,sell,1.6,0.0025,0.0039999997,0.0004,121912.79,487.65115,48.765114,100306.336,,,0
33,63,63,2025-10-07 16:00:00+00:00,open,BTC-8OCT25-130000-C,buy,1.6,1e-04,-0.00016,1.6672e-05,121912.79,-19.506046,2.03253,100284.805,,,0
33,64,63,2025-10-08 08:00:00+00:00,close,BTC-8OCT25-123000-C,buy,1.6,0.0,-0.0,0.0,121705.61,-0.0,0.0,100284.805,expiry,,0
33,64,63,2025-10-08 08:00:00+00:00,close,BTC-8OCT25-130000-C,sell,1.6,0.0,0.0,0.0,121705.61,0.0,0.0,100284.805,expiry,,0
33,65,65,2025-10-08 16:00:00+00:00,open,BTC-9OCT25-124000-C,sell,1.6,0.0014,0.0022399998,0.00023340799,122195.74,273.71844,28.521463,100530.0,,,0
33,65,65,2025-10-08 16:00:00+00:00,open,BTC-9OCT25-129000-C,buy,1.6,0.0003,-0.00048000002,5.0016002e-05,122195.74,-58.653957,6.1117425,100465.234,,,0
33,66,65,2025-10-09 08:00:00+00:00,close,BTC-9OCT25-124000-C,buy,1.6,0.0,-0.0,0.0,121933.99,-0.0,0.0,100465.234,expiry,,0
33,66,65,2025-10-09 08:00:00+00:00,close,BTC-9OCT25-129000-C,sell,1.6,0.0,0.0,0.0,121933.99,0.0,0.0,100465.234,expiry,,0
33,67,67,2025-10-09 16:00:00+00:00,open,BTC-10OCT25-123000-C,sell,1.7,0.0018,0.00306,0.000318852,121276.74,371.1068,38.66933,100797.67,,,0
33,67,67,2025-10-09 16:00:00+00:00,open,BTC-10OCT25-130000-C,buy,1.7,1e-04,-0.00017,1.7714e-05,121276.74,-20.617046,2.148296,100774.91,,,0
33,68,67,2025-10-10 08:00:00+00:00,close,BTC-10OCT25-123000-C,buy,1.7,0.0,-0.0,0.0,120995.65,-0.0,0.0,100774.91,expiry,,0
33,68,67,2025-10-10 08:00:00+00:00,close,BTC-10OCT25-130000-C,sell,1.7,0.0,0.0,0.0,120995.65,0.0,0.0,100774.91,expiry,,0
33,69,69,2025-10-10 16:00:00+00:00,open,BTC-11OCT25-120000-C,sell,1.7,0.0033,0.00561,0.000425,118930.87,667.20215,50.54562,101391.56,,,0
33,69,69,2025-10-10 16:00:00+00:00,open,BTC-11OCT25-128000-C,buy,1.7,0.0002,-0.00034,3.5428e-05,118930.87,-40.436493,4.213483,101346.914,,,0
33,70,69,2025-10-11 08:00:00+00:00,close,BTC-11OCT25-120000-C,buy,1.7,0.0,-0.0,0.0,110509.69,-0.0,0.0,101346.914,expiry,,0
33,70,69,2025-10-11 08:00:00+00:00,close,BTC-11OCT25-128000-C,sell,1.7,0.0,0.0,0.0,110509.69,0.0,0.0,101346.914,expiry,,0
33,71,71,2025-10-13 16:00:00+00:00,open,BTC-14OCT25-116000-C,sell,1.8,0.0019,0.00342,0.000356364,114382.2,391.18713,40.7617,101697.336,,,0
33,71,71,2025-10-13 16:00:00+00:00,open,BTC-14OCT25-124000-C,buy,1.8,0.0003,-0.00054000004,5.6268003e-05,114382.2,-61.76639,6.436058,101629.13,,,0
33,72,71,2025-10-14 08:00:00+00:00,close,BTC-14OCT25-116000-C,buy,1.8,0.0,-0.0,0.0,111825.93,-0.0,0.0,101629.13,expiry,,0
33,72,71,2025-10-14 08:00:00+00:00,close,BTC-14OCT25-124000-C,sell,1.8,0.0,0.0,0.0,111825.93,0.0,0.0,101629.13,expiry,,0
33,73,73,2025-10-15 16:00:00+00:00,open,BTC-16OCT25-112000-C,sell,1.8,0.0034,0.00612,0.00045,110924.42,678.8575,49.91599,102258.08,,,0
33,73,73,2025-10-15 16:00:00+00:00,open,BTC-16OCT25-120000-C,buy,1.8,0.0002,-0.00036,3.7512e-05,110924.42,-39.932793,4.160997,102213.984,,,0
33,74,73,2025-10-16 08:00:00+00:00,close,BTC-16OCT25-112000-C,buy,1.8,0.0,-0.0,0.0,110537.52,-0.0,0.0,102213.984,expiry,,0
33,74,73,2025-10-16 08:00:00+00:00,close,BTC-16OCT25-120000-C,sell,1.8,0.0,0.0,0.0,110537.52,0.0,0.0,102213.984,expiry,,0
33,75,75,2025-10-17 16:00:00+00:00,open,BTC-18OCT25-108000-C,sell,1.9,0.0033,0.00627,0.000475,107114.87,671.6102,50.879562,102834.71,,,0
33,75,75,2025-10-17 16:00:00+00:00,open,BTC-18OCT25-116000-C,buy,1.9,1e-04,-0.00018999999,1.9797999e-05,107114.87,-20.351824,2.12066,102812.24,,,0
33,76,75,2025-10-18 08:00:00+00:00,close,BTC-18OCT25-108000-C,buy,1.9,0.0,-0.0,0.0,106702.56,-0.0,0.0,102812.24,expiry,,0
33,76,75,2025-10-18 08:00:00+00:00,close,BTC-18OCT25-116000-C,sell,1.9,0.0,0.0,0.0,106702.56,0.0,0.0,102812.24,expiry,,0
33,77,77,2025-10-20 16:00:00+00:00,open,BTC-21OCT25-112000-C,sell,1.9,0.0027,0.00513,0.000475,110857.75,568.70026,52.657433,103328.28,,,0
33,77,77,2025-10-20 16:00:00+00:00,open,BTC-21OCT25-118000-C,buy,1.9,1e-04,-0.00018999999,1.9797999e-05,110857.75,-21.062971,2.1947618,103305.02,,,0
33,78,77,2025-10-21 08:00:00+00:00,close,BTC-21OCT25-112000-C,buy,1.9,0.0,-0.0,0.0,108074.21,-0.0,0.0,103305.02,expiry,,0
33,78,77,2025-10-21 08:00:00+00:00,close,BTC-21OCT25-118000-C,sell,1.9,0.0,0.0,0.0,108074.21,0.0,0.0,103305.02,expiry,,0
33,79,79,2025-10-22 16:00:00+00:00,open,BTC-23OCT25-110000-C,sell,1.9,0.0023,0.00437,0.00045535402,108423.52,473.81082,49.371086,103729.46,,,0
33,79,79,2025-10-22 16:00:00+00:00,open,BTC-23OCT25-118000-C,buy,1.9,0.0002,-0.00037999998,3.9595998e-05,108423.52,-41.20094,4.2931376,103683.97,,,0
33,80,79,2025-10-23 08:00:00+00:00,close,BTC-23OCT25-110000-C,buy,1.9,0.0,-0.0,0.0,109334.68,-0.0,0.0,103683.97,expiry,,0
33,80,79,2025-10-23 08:00:00+00:00,close,BTC-23OCT25-118000-C,sell,1.9,0.0,0.0,0.0,109334.68,0.0,0.0,103683.97,expiry,,0
33,81,81,2025-10-24 16:00:00+00:00,open,BTC-25OCT25-111000-C,sell,1.9,0.0019,0.00361,0.000376162,110100.0,397.461,41.415436,104040.016,,,0
33,81,81,2025-10-24 16:00:00+00:00,open,BTC-25OCT25-118000-C,buy,1.9,0.0002,-0.00037999998,3.9595998e-05,110100.0,-41.837997,4.3595195,103993.82,,,0
33,82,81,2025-10-25 08:00:00+00:00,close,BTC-25OCT25-111000-C,buy,1.9,0.004564863,-0.00867324,0.000475,111509.02,-967.14453,52.966785,102973.71,expiry,,0
33,82,81,2025-10-25 08:00:00+00:00,close,BTC-25OCT25-118000-C,sell,1.9,0.0,0.0,0.0,111509.02,0.0,0.0,102973.71,expiry,,0
33,83,83,2025-10-27 16:00:00+00:00,open,BTC-28OCT25-114000-P,sell,1.8,0.0016,0.00288,0.000300096,115005.73,331.2165,34.512756,103270.414,,,0
33,83,83,2025-10-27 16:00:00+00:00,open,BTC-28OCT25-107000-P,buy,1.8,1e-04,-0.00018,1.8756e-05,115005.73,-20.70103,2.1570473,103247.555,,,0
33,84,83,2025-10-28 08:00:00+00:00,close,BTC-28OCT25-114000-P,buy,1.8,0.0,-0.0,0.0,114195.92,-0.0,0.0,103247.555,expiry,,0
33,84,83,2025-10-28 08:00:00+00:00,close,BTC-28OCT25-107000-P,sell,1.8,0.0,0.0,0.0,114195.92,0.0,0.0,103247.555,expiry,,0
33,85,85,2025-10-29 16:00:00+00:00,open,BTC-30OCT25-113000-C,sell,1.9,0.0045,0.008549999,0.000475,111405.92,952.52057,52.917812,104147.16,,,0
33,85,85,2025-10-29 16:00:00+00:00,open,BTC-30OCT25-120000-C,buy,1.9,0.0003,-0.00057000003,5.9394002e-05,111405.92,-63.501377,6.6168437,104077.04,,,0
33,86,85,2025-10-30 08:00:00+00:00,close,BTC-30OCT25-113000-C,buy,1.9,0.0,-0.0,0.0,111333.3,-0.0,0.0,104077.04,expiry,,0
33,86,85,2025-10-30 08:00:00+00:00,close,BTC-30OCT25-120000-C,sell,1.9,0.0,0.0,0.0,111333.3,0.0,0.0,104077.04,expiry,,0
33,87,87,2025-10-31 16:00:00+00:00,open,BTC-1NOV25-111000-C,sell,1.9,0.0026,0.00494,0.000475,110088.96,543.8395,52.292255,104568.586,,,0
33,87,87,2025-10-31 16:00:00+00:00,open,BTC-1NOV25-116000-C,buy,1.9,1e-04,-0.00018999999,1.9797999e-05,110088.96,-20.916903,2.179541,104545.49,,,0
33,88,87,2025-11-01 08:00:00+00:00,close,BTC-1NOV25-111000-C,buy,1.9,0.0,-0.0,0.0,110083.65,-0.0,0.0,104545.49,expiry,,0
33,88,87,2025-11-01 08:00:00+00:00,close,BTC-1NOV25-116000-C,sell,1.9,0.0,0.0,0.0,110083.65,0.0,0.0,104545.49,expiry,,0
33,89,89,2025-11-03 16:00:00+00:00,open,BTC-4NOV25-107000-C,sell,2.0,0.0033,0.0066,0.0005,105669.19,697.4166,52.834595,105190.07,,,0
33,89,89,2025-11-03 16:00:00+00:00,open,BTC-4NOV25-111000-C,buy,2.0,0.0002,-0.0004,4.168e-05,105669.19,-42.267673,4.4042916,105143.4,,,0
33,90,89,2025-11-04 08:00:00+00:00,close,BTC-4NOV25-107000-C,buy,2.0,0.0,-0.0,0.0,104475.69,-0.0,0.0,105143.4,expiry,,0
33,90,89,2025-11-04 08:00:00+00:00,close,BTC-4NOV25-111000-C,sell,2.0,0.0,0.0,0.0,104475.69,0.0,0.0,105143.4,expiry,,0
33,91,91,2025-11-05 16:00:00+00:00,open,BTC-6NOV25-105000-C,sell,2.0,0.0023,0.0046,0.00047932,103667.34,476.86978,49.68983,105570.58,,,0
33,91,91,2025-11-05 16:00:00+00:00,open,BTC-6NOV25-112000-C,buy,2.0,1e-04,-0.0002,2.084e-05,103667.34,-20.733469,2.1604273,105547.69,,,0
33,92,91,2025-11-06 08:00:00+00:00,close,BTC-6NOV25-105000-C,buy,2.0,0.0,-0.0,0.0,103104.47,-0.0,0.0,105547.69,expiry,,0
33,92,91,2025-11-06 08:00:00+00:00,close,BTC-6NOV25-112000-C,sell,2.0,0.0,0.0,0.0,103104.47,0.0,0.0,105547.69,expiry,,0
33,93,93,2025-11-07 16:00:00+00:00,open,BTC-8NOV25-102000-C,sell,2.1,0.0022,0.00462,0.000481404,100737.2,465.40588,48.495293,105964.59,,,0
33,93,93,2025-11-07 16:00:00+00:00,open,BTC-8NOV25-110000-C,buy,2.1,0.0002,-0.00042,4.3763997e-05,100737.2,-42.309624,4.408663,105917.875,,,0
33,94,93,2025-11-08 08:00:00+00:00,close,BTC-8NOV25-102000-C,buy,2.1,0.0027219672,-0.005716131,0.000525,102278.4,-584.6367,53.69616,105279.55,expiry,,0
33,94,93,2025-11-08 08:00:00+00:00,close,BTC-8NOV25-110000-C,sell,2.1,0.0,0.0,0.0,102278.4,0.0,0.0,105279.55,expiry,,0
33,95,95,2025-11-10 16:00:00+00:00,open,BTC-11NOV25-106000-C,sell,2.0,0.0031,0.0062,0.0005,104964.42,650.7794,52.482212,105877.84,,,0
33,95,95,2025-11-10 16:00:00+00:00,open,BTC-11NOV25-112000-C,buy,2.0,0.0002,-0.0004,4.168e-05,104964.42,-41.985767,4.374917,105831.48,,,0
33,96,95,2025-11-11 08:00:00+00:00,close,BTC-11NOV25-106000-C,buy,2.0,0.0,-0.0,0.0,104851.37,-0.0,0.0,105831.48,expiry,,0
33,96,95,2025-11-11 08:00:00+00:00,close,BTC-11NOV25-112000-C,sell,2.0,0.0,0.0,0.0,104851.37,0.0,0.0,105831.48,expiry,,0
33,97,97,2025-11-12 16:00:00+00:00,open,BTC-13NOV25-104000-C,sell,2.1,0.0018,0.00378,0.000393876,102156.27,386.1507,40.236904,106177.39,,,0
33,97,97,2025-11-12 16:00:00+00:00,open,BTC-13NOV25-110000-C,buy,2.1,0.0002,-0.00042,4.3763997e-05,102156.27,-42.905632,4.470767,106130.016,,,0
33,98,97,2025-11-13 08:00:00+00:00,close,BTC-13NOV25-104000-C,buy,2.1,0.0,-0.0,0.0,103512.14,-0.0,0.0,106130.016,expiry,,0
33,98,97,2025-11-13 08:00:00+00:00,close,BTC-13NOV25-110000-C,sell,2.1,0.0,0.0,0.0,103512.14,0.0,0.0,106130.016,expiry,,0
33,99,99,2025-11-14 16:00:00+00:00,open,BTC-15NOV25-98000-C,sell,2.2,0.0041,0.00902,0.00055,96668.71,871.9518,53.16779,106948.805,,,0
33,99,99,2025-11-14 16:00:00+00:00,open,BTC-15NOV25-105000-C,buy,2.2,1e-04,-0.00022,2.2924e-05,96668.71,-21.267117,2.2160335,106925.32,,,0
33,100,99,2025-11-15 08:00:00+00:00,close,BTC-15NOV25-98000-C,buy,2.2,0.0,-0.0,0.0,96181.04,-0.0,0.0,106925.32,expiry,,0
33,100,99,2025-11-15 08:00:00+00:00,close,BTC-15NOV25-105000-C,sell,2.2,0.0,0.0,0.0,96181.04,0.0,0.0,106925.32,expiry,,0
33,101,101,2025-11-17 16:00:00+00:00,open,BTC-18NOV25-95000-C,sell,2.3,0.0042,0.00966,0.000575,93824.55,906.3451,53.949116,107777.71,,,0
33,101,101,2025-11-17 16:00:00+00:00,open,BTC-18NOV25-99000-C,buy,2.3,0.0002,-0.00045999998,4.7932e-05,93824.55,-43.15929,4.497198,107730.055,,,0
33,102,101,2025-11-18 08:00:00+00:00,close,BTC-18NOV25-95000-C,buy,2.3,0.0,-0.0,0.0,90437.19,-0.0,0.0,107730.055,expiry,,0
33,102,101,2025-11-18 08:00:00+00:00,close,BTC-18NOV25-99000-C,sell,2.3,0.0,0.0,0.0,90437.19,0.0,0.0,107730.055,expiry,,0
33,103,103,2025-11-19 16:00:00+00:00,open,BTC-20NOV25-92000-C,sell,2.4,0.0024,0.00576,0.0006,90026.35,518.5518,54.015812,108194.59,,,0
33,103,103,2025-11-19 16:00:00+00:00,open,BTC-20NOV25-98000-C,buy,2.4,0.0002,-0.00048,5.0016e-05,90026.35,-43.212646,4.502758,108146.875,,,0
33,104,103,2025-11-20 08:00:00+00:00,close,BTC-20NOV25-92000-C,buy,2.4,0.0017063227,-0.0040951744,0.00042671716,92157.25,-377.4,39.32508,107730.16,expiry,,0
33,104,103,2025-11-20 08:00:00+00:00,close,BTC-20NOV25-98000-C,sell,2.4,0.0,0.0,0.0,92157.25,0.0,0.0,107730.16,expiry,,0
33,105,105,2025-11-20 16:00:00+00:00,open,BTC-21NOV25-91000-C,sell,2.4,0.0041,0.00984,0.0006,89725.98,882.9036,53.835587,108559.22,,,0
33,105,105,2025-11-20 16:00:00+00:00,open,BTC-21NOV25-97000-C,buy,2.4,0.0003,-0.00072,7.502401e-05,89725.98,-64.60271,6.731602,108487.89,,,0
33,106,105,2025-11-21 08:00:00+00:00,close,BTC-21NOV25-91000-C,buy,2.4,0.0,-0.0,0.0,83849.24,-0.0,0.0,108487.89,expiry,,0
33,106,105,2025-11-21 08:00:00+00:00,close,BTC-21NOV25-97000-C,sell,2.4,0.0,0.0,0.0,83849.24,0.0,0.0,108487.89,expiry,,0
33,107,107,2025-11-21 16:00:00+00:00,open,BTC-22NOV25-85000-C,sell,2.6,0.0042,0.010919999,0.00065,82866.56,904.90283,53.863266,109338.93,,,0
33,107,107,2025-11-21 16:00:00+00:00,open,BTC-22NOV25-91000-C,buy,2.6,0.0003,-0.00078000006,8.1276004e-05,82866.56,-64.635925,6.735063,109267.555,,,0
33,108,107,2025-11-22 08:00:00+00:00,close,BTC-22NOV25-85000-C,buy,2.6,0.0,-0.0,0.0,84475.81,-0.0,0.0,109267.555,expiry,,0
33,108,107,2025-11-22 08:00:00+00:00,close,BTC-22NOV25-91000-C,sell,2.6,0.0,0.0,0.0,84475.81,0.0,0.0,109267.555,expiry,,0
33,109,109,2025-11-24 16:00:00+00:00,open,BTC-25NOV25-88000-C,sell,2.5,0.0029,0.00725,0.000625,86675.01,628.3938,54.17188,109841.78,,,0
33,109,109,2025-11-24 16:00:00+00:00,open,BTC-25NOV25-92000-C,buy,2.5,0.0002,-0.00049999997,5.21e-05,86675.01,-43.3375,4.5157676,109793.92,,,0
33,110,109,2025-11-25 08:00:00+00:00,close,BTC-25NOV25-88000-C,buy,2.5,0.0,-0.0,0.0,87371.71,-0.0,0.0,109793.92,expiry,,0
33,110,109,2025-11-25 08:00:00+00:00,close,BTC-25NOV25-92000-C,sell,2.5,0.0,0.0,0.0,87371.71,0.0,0.0,109793.92,expiry,,0
33,111,111,2025-11-26 16:00:00+00:00,open,BTC-27NOV25-88000-C,sell,2.5,0.0021,0.00525,0.00054705,87025.89,456.8859,47.607513,110203.2,,,0
33,111,111,2025-11-26 16:00:00+00:00,open,BTC-27NOV25-92000-C,buy,2.5,0.0002,-0.00049999997,5.21e-05,87025.89,-43.512943,4.5340486,110155.16,,,0
33,112,111,2025-11-26 18:00:00+00:00,close,BTC-27NOV25-88000-C,buy,2.5,0.023,-0.0575,0.000625,89910.11,-5169.8315,56.193817,104929.13,strike_proximity_stop,,0
33,112,111,2025-11-26 18:00:00+00:00,close,BTC-27NOV25-92000-C,sell,2.5,0.0008,0.0019999999,0.0002084,89910.11,179.82022,18.737267,105090.21,strike_proximity_stop,,0
33,113,113,2025-11-28 16:00:00+00:00,open,BTC-29NOV25-93000-C,sell,2.3,0.0023,0.0052900002,0.000551218,92337.31,488.4644,50.89799,105527.78,,,0
33,113,113,2025-11-28 16:00:00+00:00,open,BTC-29NOV25-96000-C,buy,2.3,0.0002,-0.00045999998,4.7932e-05,92337.31,-42.475163,4.425912,105480.88,,,0
33,114,113,2025-11-29 08:00:00+00:00,close,BTC-29NOV25-93000-C,buy,2.3,0.0,-0.0,0.0,90563.0,-0.0,0.0,105480.88,expiry,,0
33,114,113,2025-11-29 08:00:00+00:00,close,BTC-29NOV25-96000-C,sell,2.3,0.0,0.0,0.0,90563.0,0.0,0.0,105480.88,expiry,,0
33,115,115,2025-12-01 16:00:00+00:00,open,BTC-2DEC25-86000-C,sell,2.5,0.0043,0.01075,0.000625,84730.01,910.8476,52.956253,106338.77,,,0
33,115,115,2025-12-01 16:00:00+00:00,open,BTC-2DEC25-92000-C,buy,2.5,0.0002,-0.00049999997,5.21e-05,84730.01,-42.365,4.4144335,106291.99,,,0
33,116,115,2025-12-02 08:00:00+00:00,close,BTC-2DEC25-86000-C,buy,2.5,0.011935493,-0.029838732,0.000625,87038.85,-2597.129,54.39928,103640.46,expiry,,0
33,116,115,2025-12-02 08:00:00+00:00,close,BTC-2DEC25-92000-C,sell,2.5,0.0,0.0,0.0,87038.85,0.0,0.0,103640.46,expiry,,0
33,117,117,2025-12-03 16:00:00+00:00,open,BTC-4DEC25-94000-C,sell,2.3,0.0021,0.00483,0.00050328596,92410.1,446.3408,46.50871,104040.3,,,0
33,117,117,2025-12-03 16:00:00+00:00,open,BTC-4DEC25-98000-C,buy,2.3,0.0002,-0.00045999998,4.7932e-05,92410.1,-42.508644,4.429401,103993.36,,,0
33,118,117,2025-12-04 08:00:00+00:00,close,BTC-4DEC25-94000-C,buy,2.3,0.0,-0.0,0.0,93370.72,-0.0,0.0,103993.36,expiry,,0
33,118,117,2025-12-04 08:00:00+00:00,close,BTC-4DEC25-98000-C,sell,2.3,0.0,0.0,0.0,93370.72,0.0,0.0,103993.36,expiry,,0
33,119,119,2025-12-05 16:00:00+00:00,open,BTC-6DEC25-92000-C,sell,2.3,0.0012,0.00276,0.000287592,90408.01,249.52611,26.000622,104216.88,,,0
33,119,119,2025-12-05 16:00:00+00:00,open,BTC-6DEC25-96000-C,buy,2.3,1e-04,-0.00022999999,2.3966e-05,90408.01,-20.79384,2.1667182,104193.92,,,0
33,120,119,2025-12-06 08:00:00+00:00,close,BTC-6DEC25-92000-C,buy,2.3,0.0,-0.0,0.0,89615.5,-0.0,0.0,104193.92,expiry,,0
33,120,119,2025-12-06 08:00:00+00:00,close,BTC-6DEC25-96000-C,sell,2.3,0.0,0.0,0.0,89615.5,0.0,0.0,104193.92,expiry,,0
33,121,121,2025-12-08 16:00:00+00:00,open,BTC-9DEC25-91000-C,sell,2.3,0.0034,0.00782,0.000575,89867.84,702.76654,51.67401,104845.016,,,0
33,121,121,2025-12-08 16:00:00+00:00,open,BTC-9DEC25-96000-C,buy,2.3,0.0002,-0.00045999998,4.7932e-05,89867.84,-41.339207,4.307545,104799.37,,,0
33,122,121,2025-12-09 08:00:00+00:00,close,BTC-9DEC25-91000-C,buy,2.3,0.0,-0.0,0.0,90493.77,-0.0,0.0,104799.37,expiry,,0
33,122,121,2025-12-09 08:00:00+00:00,close,BTC-9DEC25-96000-C,sell,2.3,0.0,0.0,0.0,90493.77,0.0,0.0,104799.37,expiry,,0
33,123,123,2025-12-10 16:00:00+00:00,open,BTC-11DEC25-94000-C,sell,2.3,0.0036,0.00828,0.000575,92085.83,762.47064,52.949352,105508.89,,,0
33,123,123,2025-12-10 16:00:00+00:00,open,BTC-11DEC25-100000-C,buy,2.3,0.0002,-0.00045999998,4.7932e-05,92085.83,-42.359478,4.413858,105462.12,,,0
33,124,123,2025-12-11 08:00:00+00:00,close,BTC-11DEC25-94000-C,buy,2.3,0.0,-0.0,0.0,90256.43,-0.0,0.0,105462.12,expiry,,0
33,124,123,2025-12-11 08:00:00+00:00,close,BTC-11DEC25-100000-C,sell,2.3,0.0,0.0,0.0,90256.43,0.0,0.0,105462.12,expiry,,0
33,125,125,2025-12-12 16:00:00+00:00,open,BTC-13DEC25-91000-C,sell,2.4,0.0028,0.00672,0.0006,89968.13,604.5858,53.98088,106012.72,,,0
33,125,125,2025-12-12 16:00:00+00:00,open,BTC-13DEC25-97000-C,buy,2.4,0.0002,-0.00048,5.0016e-05,89968.13,-43.184704,4.499846,105965.04,,,0
33,126,125,2025-12-13 08:00:00+00:00,close,BTC-13DEC25-91000-C,buy,2.4,0.0,-0.0,0.0,90356.2,-0.0,0.0,105965.04,expiry,,0
33,126,125,2025-12-13 08:00:00+00:00,close,BTC-13DEC25-97000-C,sell,2.4,0.0,0.0,0.0,90356.2,0.0,0.0,105965.04,expiry,,0
33,127,127,2025-12-15 16:00:00+00:00,open,BTC-16DEC25-88000-C,sell,2.5,0.0035,0.00875,0.000625,86881.82,760.21594,54.301136,106670.95,,,0
33,127,127,2025-12-15 16:00:00+00:00,open,BTC-16DEC25-94000-C,buy,2.5,0.0002,-0.00049999997,5.21e-05,86881.82,-43.44091,4.5265427,106622.984,,,0
33,128,127,2025-12-16 08:00:00+00:00,close,BTC-16DEC25-88000-C,buy,2.5,0.0,-0.0,0.0,85957.03,-0.0,0.0,106622.984,expiry,,0
33,128,127,2025-12-16 08:00:00+00:00,close,BTC-16DEC25-94000-C,sell,2.5,0.0,0.0,0.0,85957.03,0.0,0.0,106622.984,expiry,,0
33,129,129,2025-12-17 16:00:00+00:00,open,BTC-18DEC25-89000-C,sell,2.5,0.0018,0.0045,0.0004689,87155.85,392.20132,40.86738,106974.32,,,0
33,129,129,2025-12-17 16:00:00+00:00,open,BTC-18DEC25-93000-C,buy,2.5,0.0002,-0.00049999997,5.21e-05,87155.85,-43.577923,4.5408196,106926.195,,,0
33,130,129,2025-12-18 08:00:00+00:00,close,BTC-18DEC25-89000-C,buy,2.5,0.0,-0.0,0.0,86824.54,-0.0,0.0,106926.195,expiry,,0
33,130,129,2025-12-18 08:00:00+00:00,close,BTC-18DEC25-93000-C,sell,2.5,0.0,0.0,0.0,86824.54,0.0,0.0,106926.195,expiry,,0
33,131,131,2025-12-19 16:00:00+00:00,open,BTC-20DEC25-89000-C,sell,2.4,0.0035,0.008400001,0.0006,87958.19,738.8488,52.774914,107612.27,,,0
33,131,131,2025-12-19 16:00:00+00:00,open,BTC-20DEC25-94000-C,buy,2.4,0.0002,-0.00048,5.0016e-05,87958.19,-42.21993,4.399317,107565.66,,,0
33,132,131,2025-12-20 08:00:00+00:00,close,BTC-20DEC25-89000-C,buy,2.4,0.0,-0.0,0.0,88284.21,-0.0,0.0,107565.66,expiry,,0
33,132,131,2025-12-20 08:00:00+00:00,close,BTC-20DEC25-94000-C,sell,2.4,0.0,0.0,0.0,88284.21,0.0,0.0,107565.66,expiry,,0
33,133,133,2025-12-22 16:00:00+00:00,open,BTC-23DEC25-91000-C,sell,2.4,0.0026,0.00624,0.0006,89812.65,560.4309,53.88759,108072.195,,,0
33,133,133,2025-12-22 16:00:00+00:00,open,BTC-23DEC25-96000-C,buy,2.4,1e-04,-0.00024,2.5008e-05,89812.65,-21.555035,2.2460346,108048.4,,,0
33,134,133,2025-12-23 08:00:00+00:00,close,BTC-23DEC25-91000-C,buy,2.4,0.0,-0.0,0.0,87509.83,-0.0,0.0,108048.4,expiry,,0
33,134,133,2025-12-23 08:00:00+00:00,close,BTC-23DEC25-96000-C,sell,2.4,0.0,0.0,0.0,87509.83,0.0,0.0,108048.4,expiry,,0
33,135,135,2025-12-24 16:00:00+00:00,open,BTC-25DEC25-88000-C,sell,2.5,0.0015,0.0037500001,0.00039075,86920.89,325.95334,33.96434,108340.38,,,0
33,135,135,2025-12-24 16:00:00+00:00,open,BTC-25DEC25-92000-C,buy,2.5,1e-04,-0.00024999998,2.605e-05,86920.89,-21.730223,2.2642891,108316.39,,,0
33,136,135,2025-12-25 08:00:00+00:00,close,BTC-25DEC25-88000-C,buy,2.5,0.0,-0.0,0.0,87795.9,-0.0,0.0,108316.39,expiry,,0
33,136,135,2025-12-25 08:00:00+00:00,close,BTC-25DEC25-92000-C,sell,2.5,0.0,0.0,0.0,87795.9,0.0,0.0,108316.39,expiry,,0
33,137,137,2025-12-26 16:00:00+00:00,open,BTC-27DEC25-88000-C,sell,2.5,0.0023,0.00575,0.00059915,87120.44,500.94254,52.19821,108765.13,,,0
33,137,137,2025-12-26 16:00:00+00:00,open,BTC-27DEC25-92000-C,buy,2.5,0.0002,-0.00049999997,5.21e-05,87120.44,-43.56022,4.538975,108717.03,,,0
33,138,137,2025-12-27 08:00:00+00:00,close,BTC-27DEC25-88000-C,buy,2.5,0.0,-0.0,0.0,87494.57,-0.0,0.0,108717.03,expiry,,0
33,138,137,2025-12-27 08:00:00+00:00,close,BTC-27DEC25-92000-C,sell,2.5,0.0,0.0,0.0,87494.57,0.0,0.0,108717.03,expiry,,0
33,139,139,2025-12-29 16:00:00+00:00,open,BTC-30DEC25-87000-P,sell,2.5,0.0035,0.00875,0.000625,87532.31,765.9078,54.707695,109428.234,,,0
33,139,139,2025-12-29 16:00:00+00:00,open,BTC-30DEC25-82000-P,buy,2.5,1e-04,-0.00024999998,2.605e-05,87532.31,-21.883078,2.2802167,109404.07,,,0
33,140,139,2025-12-30 08:00:00+00:00,close,BTC-30DEC25-87000-P,buy,2.5,0.0,-0.0,0.0,87398.47,-0.0,0.0,109404.07,expiry,,0
33,140,139,2025-12-30 08:00:00+00:00,close,BTC-30DEC25-82000-P,sell,2.5,0.0,0.0,0.0,87398.47,0.0,0.0,109404.07,expiry,,0
33,141,141,2025-12-31 16:00:00+00:00,open,BTC-1JAN26-89000-C,sell,2.5,0.002,0.0050000004,0.000521,87839.35,439.19678,45.764305,109797.51,,,0
33,141,141,2025-12-31 16:00:00+00:00,open,BTC-1JAN26-94000-C,buy,2.5,0.0002,-0.00049999997,5.21e-05,87839.35,-43.919674,4.5764303,109749.01,,,0
33,142,141,2026-01-01 08:00:00+00:00,close,BTC-1JAN26-89000-C,buy,2.5,0.0,-0.0,0.0,87500.56,-0.0,0.0,109749.01,expiry,,0
33,142,141,2026-01-01 08:00:00+00:00,close,BTC-1JAN26-94000-C,sell,2.5,0.0,0.0,0.0,87500.56,0.0,0.0,109749.01,expiry,,0
33,143,143,2026-01-02 16:00:00+00:00,open,BTC-3JAN26-88000-P,sell,2.5,0.0016,0.0039999997,0.0004168,89342.15,357.3686,37.23781,110069.14,,,0
33,143,143,2026-01-02 16:00:00+00:00,open,BTC-3JAN26-84000-P,buy,2.5,0.0002,-0.00049999997,5.21e-05,89342.15,-44.671074,4.654726,110019.81,,,0
33,144,143,2026-01-03 08:00:00+00:00,close,BTC-3JAN26-88000-P,buy,2.5,0.0,-0.0,0.0,89526.6,-0.0,0.0,110019.81,expiry,,0
33,144,143,2026-01-03 08:00:00+00:00,close,BTC-3JAN26-84000-P,sell,2.5,0.0,0.0,0.0,89526.6,0.0,0.0,110019.81,expiry,,0
33,145,145,2026-01-05 16:00:00+00:00,open,BTC-6JAN26-93000-P,sell,2.4,0.0034,0.00816,0.0006,93918.99,766.37897,56.351395,110729.84,,,0
33,145,145,2026-01-05 16:00:00+00:00,open,BTC-6JAN26-87000-P,buy,2.4,0.0002,-0.00048,5.0016e-05,93918.99,-45.081116,4.697452,110680.06,,,0
33,146,145,2026-01-06 08:00:00+00:00,close,BTC-6JAN26-93000-P,buy,2.4,0.0,-0.0,0.0,93230.0,-0.0,0.0,110680.06,expiry,,0
33,146,145,2026-01-06 08:00:00+00:00,close,BTC-6JAN26-87000-P,sell,2.4,0.0,0.0,0.0,93230.0,0.0,0.0,110680.06,expiry,,0
33,147,147,2026-01-06 16:00:00+00:00,open,BTC-7JAN26-93000-P,sell,2.4,0.0037,0.00888,0.0006,93679.21,831.8714,56.207527,111455.73,,,0
33,147,147,2026-01-06 16:00:00+00:00,open,BTC-7JAN26-88000-P,buy,2.4,0.0002,-0.00048,5.0016e-05,93679.21,-44.96602,4.685459,111406.08,,,0
33,148,147,2026-01-07 08:00:00+00:00,close,BTC-7JAN26-93000-P,buy,2.4,0.0018563463,-0.004455231,0.00046423505,92827.68,-413.56876,43.093864,110949.414,expiry,,0
33,148,147,2026-01-07 08:00:00+00:00,close,BTC-7JAN26-88000-P,sell,2.4,0.0,0.0,0.0,92827.68,0.0,0.0,110949.414,expiry,,0
33,149,149,2026-01-07 16:00:00+00:00,open,BTC-8JAN26-92000-C,sell,2.4,0.0034,0.00816,0.0006,91332.63,745.2743,54.79958,111639.89,,,0
33,149,149,2026-01-07 16:00:00+00:00,open,BTC-8JAN26-98000-C,buy,2.4,1e-04,-0.00024,2.5008e-05,91332.63,-21.919832,2.2840464,111615.68,,,0
33,150,149,2026-01-08 08:00:00+00:00,close,BTC-8JAN26-92000-C,buy,2.4,0.0,-0.0,0.0,90462.91,-0.0,0.0,111615.68,expiry,,0
33,150,149,2026-01-08 08:00:00+00:00,close,BTC-8JAN26-98000-C,sell,2.4,0.0,0.0,0.0,90462.91,0.0,0.0,111615.68,expiry,,0
33,151,151,2026-01-08 16:00:00+00:00,open,BTC-9JAN26-92000-C,sell,2.5,0.0015,0.0037500001,0.00039075,90740.92,340.27847,35.457016,111920.51,,,0
33,151,151,2026-01-08 16:00:00+00:00,open,BTC-9JAN26-96000-C,buy,2.5,1e-04,-0.00024999998,2.605e-05,90740.92,-22.68523,2.363801,111895.45,,,0
33,152,151,2026-01-09 08:00:00+00:00,close,BTC-9JAN26-92000-C,buy,2.5,0.0,-0.0,0.0,90691.96,-0.0,0.0,111895.45,expiry,,0
33,152,151,2026-01-09 08:00:00+00:00,close,BTC-9JAN26-96000-C,sell,2.5,0.0,0.0,0.0,90691.96,0.0,0.0,111895.45,expiry,,0
33,153,153,2026-01-12 16:00:00+00:00,open,BTC-13JAN26-93000-C,sell,2.5,0.0011,0.00275,0.00028655,91674.97,252.10616,26.269463,112121.29,,,0
33,153,153,2026-01-12 16:00:00+00:00,open,BTC-13JAN26-96000-C,buy,2.5,1e-04,-0.00024999998,2.605e-05,91674.97,-22.918741,2.3881328,112095.984,,,0
33,154,153,2026-01-13 08:00:00+00:00,close,BTC-13JAN26-93000-C,buy,2.5,0.0,-0.0,0.0,91875.63,-0.0,0.0,112095.984,expiry,,0
33,154,153,2026-01-13 08:00:00+00:00,close,BTC-13JAN26-96000-C,sell,2.5,0.0,0.0,0.0,91875.63,0.0,0.0,112095.984,expiry,,0
33,155,155,2026-01-13 22:10:00+00:00,open,BTC-14JAN26-94000-P,sell,2.4,0.0019,0.0045600003,0.00047515202,95823.43,436.95483,45.530697,112487.41,,,0
33,155,155,2026-01-13 22:10:00+00:00,open,BTC-14JAN26-90000-P,buy,2.4,0.0002,-0.00048,5.0016e-05,95823.43,-45.995247,4.7927046,112436.625,,,0
33,156,155,2026-01-14 08:00:00+00:00,close,BTC-14JAN26-94000-P,buy,2.4,0.0,-0.0,0.0,95214.32,-0.0,0.0,112436.625,expiry,,0
33,156,155,2026-01-14 08:00:00+00:00,close,BTC-14JAN26-90000-P,sell,2.4,0.0,0.0,0.0,95214.32,0.0,0.0,112436.625,expiry,,0
33,157,157,2026-01-14 16:00:00+00:00,open,BTC-15JAN26-96000-P,sell,2.3,0.0036,0.00828,0.000575,96788.27,801.40686,55.653255,113182.375,,,0
33,157,157,2026-01-14 16:00:00+00:00,open,BTC-15JAN26-89000-P,buy,2.3,0.0002,-0.00045999998,4.7932e-05,96788.27,-44.522606,4.6392555,113133.21,,,0
33,158,157,2026-01-15 08:00:00+00:00,close,BTC-15JAN26-96000-P,buy,2.3,0.0,-0.0,0.0,96557.07,-0.0,0.0,113133.21,expiry,,0
33,158,157,2026-01-15 08:00:00+00:00,close,BTC-15JAN26-89000-P,sell,2.3,0.0,0.0,0.0,96557.07,0.0,0.0,113133.21,expiry,,0
33,159,159,2026-01-15 16:00:00+00:00,open,BTC-16JAN26-96000-P,sell,2.4,0.0034,0.00816,0.0006,96739.27,789.39246,58.043564,113864.56,,,0
33,159,159,2026-01-15 16:00:00+00:00,open,BTC-16JAN26-89000-P,buy,2.4,0.0002,-0.00048,5.0016e-05,96739.27,-46.43485,4.8385115,113813.29,,,0
33,160,159,2026-01-16 08:00:00+00:00,close,BTC-16JAN26-96000-P,buy,2.4,0.0039501945,-0.009480466,0.0006,95622.27,-906.54376,57.373363,112849.375,expiry,,0
33,160,159,2026-01-16 08:00:00+00:00,close,BTC-16JAN26-89000-P,sell,2.4,0.0,0.0,0.0,95622.27,0.0,0.0,112849.375,expiry,,0
33,161,161,2026-01-19 16:00:00+00:00,open,BTC-20JAN26-94000-C,sell,2.4,0.0013,0.00312,0.000325104,93033.48,290.26443,30.245556,113109.39,,,0
33,161,161,2026-01-19 16:00:00+00:00,open,BTC-20JAN26-99000-C,buy,2.4,1e-04,-0.00024,2.5008e-05,93033.48,-22.328033,2.3265812,113084.734,,,0
33,162,161,2026-01-20 08:00:00+00:00,close,BTC-20JAN26-94000-C,buy,2.4,0.0,-0.0,0.0,91045.35,-0.0,0.0,113084.734,expiry,,0
33,162,161,2026-01-20 08:00:00+00:00,close,BTC-20JAN26-99000-C,sell,2.4,0.0,0.0,0.0,91045.35,0.0,0.0,113084.734,expiry,,0
33,163,163,2026-01-20 16:00:00+00:00,open,BTC-21JAN26-92000-C,sell,2.5,0.0014,0.0034999999,0.00036469998,90698.92,317.44623,33.077896,113369.1,,,0
33,163,163,2026-01-20 16:00:00+00:00,open,BTC-21JAN26-95000-C,buy,2.5,0.0002,-0.00049999997,5.21e-05,90698.92,-45.34946,4.725414,113319.03,,,0
33,164,163,2026-01-21 08:00:00+00:00,close,BTC-21JAN26-92000-C,buy,2.5,0.0,-0.0,0.0,89076.12,-0.0,0.0,113319.03,expiry,,0
33,164,163,2026-01-21 08:00:00+00:00,close,BTC-21JAN26-95000-C,sell,2.5,0.0,0.0,0.0,89076.12,0.0,0.0,113319.03,expiry,,0
33,165,165,2026-01-21 16:00:00+00:00,open,BTC-22JAN26-91000-C,sell,2.5,0.0031,0.0077500003,0.000625,90212.68,699.1483,56.382923,113961.8,,,0
33,165,165,2026-01-21 16:00:00+00:00,open,BTC-22JAN26-95000-C,buy,2.5,1e-04,-0.00024999998,2.605e-05,90212.68,-22.55317,2.3500402,113936.89,,,0
33,166,165,2026-01-22 08:00:00+00:00,close,BTC-22JAN26-91000-C,buy,2.5,0.0,-0.0,0.0,89755.94,-0.0,0.0,113936.89,expiry,,0
33,166,165,2026-01-22 08:00:00+00:00,close,BTC-22JAN26-95000-C,sell,2.5,0.0,0.0,0.0,89755.94,0.0,0.0,113936.89,expiry,,0
33,167,167,2026-01-22 16:00:00+00:00,open,BTC-23JAN26-90000-C,sell,2.6,0.0028,0.0072799996,0.00065,88984.85,647.8097,57.840153,114526.86,,,0
33,167,167,2026-01-22 16:00:00+00:00,open,BTC-23JAN26-96000-C,buy,2.6,0.0002,-0.00052,5.4183998e-05,88984.85,-46.27212,4.821555,114475.766,,,0
33,168,167,2026-01-23 08:00:00+00:00,close,BTC-23JAN26-90000-C,buy,2.6,0.0,-0.0,0.0,89471.56,-0.0,0.0,114475.766,expiry,,0
33,168,167,2026-01-23 08:00:00+00:00,close,BTC-23JAN26-96000-C,sell,2.6,0.0,0.0,0.0,89471.56,0.0,0.0,114475.766,expiry,,0
33,169,169,2026-01-23 16:00:00+00:00,open,BTC-24JAN26-91000-C,sell,2.6,0.0007,0.0018199999,0.000189644,89586.58,163.04756,16.989557,114621.83,,,0
33,169,169,2026-01-23 16:00:00+00:00,open,BTC-24JAN26-94000-C,buy,2.6,1e-04,-0.00026,2.7091999e-05,89586.58,-23.29251,2.4270794,114596.11,,,0
33,170,169,2026-01-24 08:00:00+00:00,close,BTC-24JAN26-91000-C,buy,2.6,0.0,-0.0,0.0,89489.59,-0.0,0.0,114596.11,expiry,,0
33,170,169,2026-01-24 08:00:00+00:00,close,BTC-24JAN26-94000-C,sell,2.6,0.0,0.0,0.0,89489.59,0.0,0.0,114596.11,expiry,,0
33,171,171,2026-01-26 16:00:00+00:00,open,BTC-27JAN26-89000-C,sell,2.6,0.0014,0.0036399998,0.000379288,87599.44,318.86194,33.225414,114881.74,,,0
33,171,171,2026-01-26 16:00:00+00:00,open,BTC-27JAN26-92000-C,buy,2.6,0.0002,-0.00052,5.4183998e-05,87599.44,-45.55171,4.7464876,114831.445,,,0
33,172,171,2026-01-27 08:00:00+00:00,close,BTC-27JAN26-89000-C,buy,2.6,0.0,-0.0,0.0,88214.79,-0.0,0.0,114831.445,expiry,,0
33,172,171,2026-01-27 08:00:00+00:00,close,BTC-27JAN26-92000-C,sell,2.6,0.0,0.0,0.0,88214.79,0.0,0.0,114831.445,expiry,,0
33,173,173,2026-01-27 16:00:00+00:00,open,BTC-28JAN26-89000-C,sell,2.6,0.0015,0.0039000001,0.00040638002,87922.74,342.8987,35.730045,115138.61,,,0
33,173,173,2026-01-27 16:00:00+00:00,open,BTC-28JAN26-92000-C,buy,2.6,0.0002,-0.00052,5.4183998e-05,87922.74,-45.719826,4.7640057,115088.125,,,0
33,174,173,2026-01-28 08:00:00+00:00,close,BTC-28JAN26-89000-C,buy,2.6,0.0004004716,-0.0010412261,0.00010849576,89035.66,-92.70625,9.659991,114985.766,expiry,,0
33,174,173,2026-01-28 08:00:00+00:00,close,BTC-28JAN26-92000-C,sell,2.6,0.0,0.0,0.0,89035.66,0.0,0.0,114985.766,expiry,,0
33,175,175,2026-01-28 16:00:00+00:00,open,BTC-29JAN26-91000-C,sell,2.6,0.0017,0.00442,0.000460564,89376.6,395.0446,41.163647,115339.64,,,0
33,175,175,2026-01-28 16:00:00+00:00,open,BTC-29JAN26-94000-C,buy,2.6,0.0003,-0.00078000006,8.1276004e-05,89376.6,-69.71375,7.264173,115262.664,,,0
33,176,175,2026-01-29 08:00:00+00:00,close,BTC-29JAN26-91000-C,buy,2.6,0.0,-0.0,0.0,88154.75,-0.0,0.0,115262.664,expiry,,0
33,176,175,2026-01-29 08:00:00+00:00,close,BTC-29JAN26-94000-C,sell,2.6,0.0,0.0,0.0,88154.75,0.0,0.0,115262.664,expiry,,0
33,177,177,2026-01-29 16:00:00+00:00,open,BTC-30JAN26-86000-C,sell,2.7,0.0033,0.00891,0.000675,84751.37,755.1347,57.207172,115960.59,,,0
33,177,177,2026-01-29 16:00:00+00:00,open,BTC-30JAN26-92000-C,buy,2.7,0.0002,-0.00054,5.6268e-05,84751.37,-45.765736,4.76879,115910.06,,,0
33,178,177,2026-01-30 08:00:00+00:00,close,BTC-30JAN26-86000-C,buy,2.7,0.0,-0.0,0.0,82597.36,-0.0,0.0,115910.06,expiry,,0
33,178,177,2026-01-30 08:00:00+00:00,close,BTC-30JAN26-92000-C,sell,2.7,0.0,0.0,0.0,82597.36,0.0,0.0,115910.06,expiry,,0
33,179,179,2026-01-30 16:00:00+00:00,open,BTC-31JAN26-84000-C,sell,2.8,0.0023,0.00644,0.000671048,82766.68,533.01746,55.540417,116387.54,,,0
33,179,179,2026-01-30 16:00:00+00:00,open,BTC-31JAN26-89000-C,buy,2.8,0.0002,-0.00055999996,5.8351998e-05,82766.68,-46.34934,4.8296013,116336.36,,,0
33,180,179,2026-01-31 08:00:00+00:00,close,BTC-31JAN26-84000-C,buy,2.8,0.0,-0.0,0.0,83415.23,-0.0,0.0,116336.36,expiry,,0
33,180,179,2026-01-31 08:00:00+00:00,close,BTC-31JAN26-89000-C,sell,2.8,0.0,0.0,0.0,83415.23,0.0,0.0,116336.36,expiry,,0
33,181,181,2026-02-02 16:00:00+00:00,open,BTC-3FEB26-80000-C,sell,3.0,0.0042,0.012599999,0.00075,78798.13,992.85645,59.0986,117270.12,,,0
33,181,181,2026-02-02 16:00:00+00:00,open,BTC-3FEB26-86000-C,buy,3.0,0.0002,-0.00059999997,6.252e-05,78798.13,-47.278877,4.9264593,117217.91,,,0
33,182,181,2026-02-03 08:00:00+00:00,close,BTC-3FEB26-80000-C,buy,3.0,0.0,-0.0,0.0,78736.17,-0.0,0.0,117217.91,expiry,,0
33,182,181,2026-02-03 08:00:00+00:00,close,BTC-3FEB26-86000-C,sell,3.0,0.0,0.0,0.0,78736.17,0.0,0.0,117217.91,expiry,,0
33,183,183,2026-02-03 16:00:00+00:00,open,BTC-4FEB26-79000-C,sell,3.0,0.0039,0.0117,0.00075,77981.18,912.37976,58.485886,118071.805,,,0
33,183,183,2026-02-03 16:00:00+00:00,open,BTC-4FEB26-84000-C,buy,3.0,1e-04,-0.00029999999,3.126e-05,77981.18,-23.394354,2.4376917,118045.97,,,0
33,184,183,2026-02-04 08:00:00+00:00,close,BTC-4FEB26-79000-C,buy,3.0,0.0,-0.0,0.0,76413.1,-0.0,0.0,118045.97,expiry,,0
33,184,183,2026-02-04 08:00:00+00:00,close,BTC-4FEB26-84000-C,sell,3.0,0.0,0.0,0.0,76413.1,0.0,0.0,118045.97,expiry,,0
33,185,185,2026-02-04 16:00:00+00:00,open,BTC-5FEB26-76000-C,sell,3.2,0.0028,0.008959999,0.0008,74033.22,663.33765,59.226574,118650.086,,,0
33,185,185,2026-02-04 16:00:00+00:00,open,BTC-5FEB26-80000-C,buy,3.2,0.0002,-0.00064,6.6688e-05,74033.22,-47.38126,4.937127,118597.766,,,0
33,186,185,2026-02-05 08:00:00+00:00,close,BTC-5FEB26-76000-C,buy,3.2,0.0,-0.0,0.0,70615.91,-0.0,0.0,118597.766,expiry,,0
33,186,185,2026-02-05 08:00:00+00:00,close,BTC-5FEB26-80000-C,sell,3.2,0.0,0.0,0.0,70615.91,0.0,0.0,118597.766,expiry,,0
33,187,187,2026-02-05 16:00:00+00:00,open,BTC-6FEB26-70000-C,sell,3.5,0.006,0.021,0.000875,67424.12,1415.9065,58.9961,119954.67,,,0
33,187,187,2026-02-05 16:00:00+00:00,open,BTC-6FEB26-75000-C,buy,3.5,0.0006,-0.0021000002,0.00021882002,67424.12,-141.59065,14.753746,119798.33,,,0
33,188,187,2026-02-06 08:00:00+00:00,close,BTC-6FEB26-70000-C,buy,3.5,0.0,-0.0,0.0,64738.85,-0.0,0.0,119798.33,expiry,,0
33,188,187,2026-02-06 08:00:00+00:00,close,BTC-6FEB26-75000-C,sell,3.5,0.0,0.0,0.0,64738.85,0.0,0.0,119798.33,expiry,,0
33,189,189,2026-02-09 16:00:00+00:00,open,BTC-10FEB26-71000-C,sell,3.5,0.0023,0.00805,0.00083881,69483.07,559.33875,58.283096,120299.38,,,0
33,189,189,2026-02-09 16:00:00+00:00,open,BTC-10FEB26-76000-C,buy,3.5,0.0002,-0.0007,7.294e-05,69483.07,-48.63815,5.068095,120245.68,,,0
33,190,189,2026-02-10 08:00:00+00:00,close,BTC-10FEB26-71000-C,buy,3.5,0.0,-0.0,0.0,68892.25,-0.0,0.0,120245.68,expiry,,0
33,190,189,2026-02-10 08:00:00+00:00,close,BTC-10FEB26-76000-C,sell,3.5,0.0,0.0,0.0,68892.25,0.0,0.0,120245.68,expiry,,0
33,191,191,2026-02-11 16:00:00+00:00,open,BTC-12FEB26-68000-C,sell,3.6,0.0023,0.00828,0.000862776,66402.18,549.81006,57.290207,120738.195,,,0
33,191,191,2026-02-11 16:00:00+00:00,open,BTC-12FEB26-73000-C,buy,3.6,0.0002,-0.00072,7.5024e-05,66402.18,-47.809566,4.981757,120685.41,,,0
33,192,191,2026-02-12 08:00:00+00:00,close,BTC-12FEB26-68000-C,buy,3.6,0.0,-0.0,0.0,67210.4,-0.0,0.0,120685.41,expiry,,0
33,192,191,2026-02-12 08:00:00+00:00,close,BTC-12FEB26-73000-C,sell,3.6,0.0,0.0,0.0,67210.4,0.0,0.0,120685.41,expiry,,0
33,193,193,2026-02-13 16:00:00+00:00,open,BTC-14FEB26-70000-C,sell,3.5,0.0016,0.0056,0.00058352,68572.16,384.00406,40.01322,121029.4,,,0
33,193,193,2026-02-13 16:00:00+00:00,open,BTC-14FEB26-74000-C,buy,3.5,1e-04,-0.00035,3.647e-05,68572.16,-24.000254,2.5008264,121002.9,,,0
33,194,193,2026-02-14 08:00:00+00:00,close,BTC-14FEB26-70000-C,buy,3.5,0.0,-0.0,0.0,69236.21,-0.0,0.0,121002.9,expiry,,0
33,194,193,2026-02-14 08:00:00+00:00,close,BTC-14FEB26-74000-C,sell,3.5,0.0,0.0,0.0,69236.21,0.0,0.0,121002.9,expiry,,0
33,195,195,2026-02-16 16:00:00+00:00,open,BTC-17FEB26-69000-C,sell,3.6,0.0021,0.00756,0.000787752,67513.8,510.4043,53.184128,121460.12,,,0
33,195,195,2026-02-16 16:00:00+00:00,open,BTC-17FEB26-74000-C,buy,3.6,0.0002,-0.00072,7.5024e-05,67513.8,-48.609932,5.065155,121406.445,,,0
33,196,195,2026-02-17 08:00:00+00:00,close,BTC-17FEB26-69000-C,buy,3.6,0.0,-0.0,0.0,68394.13,-0.0,0.0,121406.445,expiry,,0
33,196,195,2026-02-17 08:00:00+00:00,close,BTC-17FEB26-74000-C,sell,3.6,0.0,0.0,0.0,68394.13,0.0,0.0,121406.445,expiry,,0
33,197,197,2026-02-18 16:00:00+00:00,open,BTC-19FEB26-68500-C,sell,3.6,0.0027,0.00972,0.0009,67607.1,657.14105,60.84639,122002.734,,,0
33,197,197,2026-02-18 16:00:00+00:00,open,BTC-19FEB26-72000-C,buy,3.6,0.0003,-0.0010800001,0.00011253601,67607.1,-73.01567,7.608233,121922.11,,,0
33,198,197,2026-02-19 08:00:00+00:00,close,BTC-19FEB26-68500-C,buy,3.6,0.0,-0.0,0.0,67132.79,-0.0,0.0,121922.11,expiry,,0
33,198,197,2026-02-19 08:00:00+00:00,close,BTC-19FEB26-72000-C,sell,3.6,0.0,0.0,0.0,67132.79,0.0,0.0,121922.11,expiry,,0
33,199,199,2026-02-20 16:00:00+00:00,open,BTC-21FEB26-68500-C,sell,3.6,0.0022,0.00792,0.00082526397,67516.91,534.7339,55.719273,122401.125,,,0
33,199,199,2026-02-20 16:00:00+00:00,open,BTC-21FEB26-73000-C,buy,3.6,1e-04,-0.00036,3.7512e-05,67516.91,-24.306086,2.532694,122374.29,,,0
33,200,199,2026-02-21 08:00:00+00:00,close,BTC-21FEB26-68500-C,buy,3.6,0.0,-0.0,0.0,67832.97,-0.0,0.0,122374.29,expiry,,0
33,200,199,2026-02-21 08:00:00+00:00,close,BTC-21FEB26-73000-C,sell,3.6,0.0,0.0,0.0,67832.97,0.0,0.0,122374.29,expiry,,0
33,201,201,2026-02-23 16:00:00+00:00,open,BTC-24FEB26-66500-C,sell,3.7,0.0034,0.01258,0.000925,65646.46,825.8325,60.722977,123139.4,,,0
33,201,201,2026-02-23 16:00:00+00:00,open,BTC-24FEB26-70500-C,buy,3.7,0.0002,-0.00074,7.7108e-05,65646.46,-48.57838,5.061867,123085.76,,,0
33,202,201,2026-02-24 08:00:00+00:00,close,BTC-24FEB26-66500-C,buy,3.7,0.0,-0.0,0.0,63133.59,-0.0,0.0,123085.76,expiry,,0
33,202,201,2026-02-24 08:00:00+00:00,close,BTC-24FEB26-70500-C,sell,3.7,0.0,0.0,0.0,63133.59,0.0,0.0,123085.76,expiry,,0
33,203,203,2026-02-25 16:00:00+00:00,open,BTC-26FEB26-68500-C,sell,3.7,0.0025,0.00925,0.000925,67502.31,624.39636,62.43964,123647.72,,,0
33,203,203,2026-02-25 16:00:00+00:00,open,BTC-26FEB26-73000-C,buy,3.7,0.0004,-0.00148,0.000154216,67502.31,-99.90342,10.409936,123537.4,,,0
33,204,203,2026-02-26 08:00:00+00:00,close,BTC-26FEB26-68500-C,buy,3.7,0.0,-0.0,0.0,67887.77,-0.0,0.0,123537.4,expiry,,0
33,204,203,2026-02-26 08:00:00+00:00,close,BTC-26FEB26-73000-C,sell,3.7,0.0,0.0,0.0,67887.77,0.0,0.0,123537.4,expiry,,0
33,205,205,2026-02-27 16:00:00+00:00,open,BTC-28FEB26-67000-C,sell,3.8,0.0024,0.0091200005,0.00095,66046.74,602.3463,62.744404,124077.0,,,0
33,205,205,2026-02-27 16:00:00+00:00,open,BTC-28FEB26-71500-C,buy,3.8,1e-04,-0.00037999998,3.9595998e-05,66046.74,-25.097761,2.6151867,124049.29,,,0
33,206,205,2026-02-28 08:00:00+00:00,close,BTC-28FEB26-67000-C,buy,3.8,0.0,-0.0,0.0,63748.24,-0.0,0.0,124049.29,expiry,,0
33,206,205,2026-02-28 08:00:00+00:00,close,BTC-28FEB26-71500-C,sell,3.8,0.0,0.0,0.0,63748.24,0.0,0.0,124049.29,expiry,,0
33,207,207,2026-03-02 16:00:00+00:00,open,BTC-3MAR26-70000-C,sell,3.6,0.0048,0.017280001,0.0009,69083.83,1193.7686,62.175446,125180.88,,,0
33,207,207,2026-03-02 16:00:00+00:00,open,BTC-3MAR26-75000-C,buy,3.6,0.0002,-0.00072,7.5024e-05,69083.83,-49.740356,5.182945,125125.96,,,0
33,208,207,2026-03-03 08:00:00+00:00,close,BTC-3MAR26-70000-C,buy,3.6,0.0,-0.0,0.0,68160.59,-0.0,0.0,125125.96,expiry,,0
33,208,207,2026-03-03 08:00:00+00:00,close,BTC-3MAR26-75000-C,sell,3.6,0.0,0.0,0.0,68160.59,0.0,0.0,125125.96,expiry,,0
33,209,209,2026-03-04 16:05:00+00:00,open,BTC-5MAR26-74500-C,sell,3.4,0.0039,0.013259999,0.00085,73295.55,971.8989,62.301216,126035.555,,,0
33,209,209,2026-03-04 16:05:00+00:00,open,BTC-5MAR26-77000-C,buy,3.4,0.0007,-0.00238,0.00024799598,73295.55,-174.44339,18.177002,125842.94,,,0
33,210,209,2026-03-05 08:00:00+00:00,close,BTC-5MAR26-74500-C,buy,3.4,0.0,-0.0,0.0,72081.1,-0.0,0.0,125842.94,expiry,,0
33,210,209,2026-03-05 08:00:00+00:00,close,BTC-5MAR26-77000-C,sell,3.4,0.0,0.0,0.0,72081.1,0.0,0.0,125842.94,expiry,,0
33,211,211,2026-03-06 16:00:00+00:00,open,BTC-7MAR26-69500-C,sell,3.7,0.0034,0.01258,0.000925,68571.93,862.6349,63.429035,126642.14,,,0
33,211,211,2026-03-06 16:00:00+00:00,open,BTC-7MAR26-74500-C,buy,3.7,0.0002,-0.00074,7.7108e-05,68571.93,-50.743225,5.287444,126586.11,,,0
33,212,211,2026-03-07 08:00:00+00:00,close,BTC-7MAR26-69500-C,buy,3.7,0.0,-0.0,0.0,67825.73,-0.0,0.0,126586.11,expiry,,0
33,212,211,2026-03-07 08:00:00+00:00,close,BTC-7MAR26-74500-C,sell,3.7,0.0,0.0,0.0,67825.73,0.0,0.0,126586.11,expiry,,0
33,213,213,2026-03-09 16:00:00+00:00,open,BTC-10MAR26-70000-C,sell,3.7,0.0026,0.00962,0.000925,68890.27,662.7244,63.723503,127185.12,,,0
33,213,213,2026-03-09 16:00:00+00:00,open,BTC-10MAR26-75000-C,buy,3.7,1e-04,-0.00037,3.8554e-05,68890.27,-25.4894,2.6559956,127156.97,,,0
33,214,213,2026-03-10 08:00:00+00:00,close,BTC-10MAR26-70000-C,buy,3.7,0.0068017454,-0.025166458,0.000925,70479.38,-1773.7164,65.19343,125318.06,expiry,,0
33,214,213,2026-03-10 08:00:00+00:00,close,BTC-10MAR26-75000-C,sell,3.7,0.0,0.0,0.0,70479.38,0.0,0.0,125318.06,expiry,,0
33,215,215,2026-03-11 16:00:00+00:00,open,BTC-12MAR26-71000-C,sell,3.6,0.0035,0.0126,0.0009,70269.72,885.3985,63.24275,126140.21,,,0
33,215,215,2026-03-11 16:00:00+00:00,open,BTC-12MAR26-75000-C,buy,3.6,0.0002,-0.00072,7.5024e-05,70269.72,-50.594196,5.2719154,126084.35,,,0
33,216,215,2026-03-12 08:00:00+00:00,close,BTC-12MAR26-71000-C,buy,3.6,0.0,-0.0,0.0,69865.79,-0.0,0.0,126084.35,expiry,,0
33,216,215,2026-03-12 08:00:00+00:00,close,BTC-12MAR26-75000-C,sell,3.6,0.0,0.0,0.0,69865.79,0.0,0.0,126084.35,expiry,,0
33,217,217,2026-03-13 16:00:00+00:00,open,BTC-14MAR26-73000-C,sell,3.5,0.0025,0.00875,0.000875,71924.97,629.34344,62.93435,126650.76,,,0
33,217,217,2026-03-13 16:00:00+00:00,open,BTC-14MAR26-78000-C,buy,3.5,0.0002,-0.0007,7.294e-05,71924.97,-50.347477,5.246207,126595.164,,,0
33,218,217,2026-03-14 08:00:00+00:00,close,BTC-14MAR26-73000-C,buy,3.5,0.0,-0.0,0.0,70592.53,-0.0,0.0,126595.164,expiry,,0
33,218,217,2026-03-14 08:00:00+00:00,close,BTC-14MAR26-78000-C,sell,3.5,0.0,0.0,0.0,70592.53,0.0,0.0,126595.164,expiry,,0
33,219,219,2026-03-16 16:00:00+00:00,open,BTC-17MAR26-74500-C,sell,3.5,0.0024,0.008400001,0.000875,73266.34,615.4373,64.10805,127146.49,,,0
33,219,219,2026-03-16 16:00:00+00:00,open,BTC-17MAR26-78000-C,buy,3.5,0.0002,-0.0007,7.294e-05,73266.34,-51.286438,5.344047,127089.86,,,0
33,220,219,2026-03-17 08:00:00+00:00,close,BTC-17MAR26-74500-C,buy,3.5,0.0,-0.0,0.0,74325.45,-0.0,0.0,127089.86,expiry,,0
33,220,219,2026-03-17 08:00:00+00:00,close,BTC-17MAR26-78000-C,sell,3.5,0.0,0.0,0.0,74325.45,0.0,0.0,127089.86,expiry,,0
33,221,221,2026-03-18 16:00:00+00:00,open,BTC-19MAR26-72500-C,sell,3.6,0.0039,0.01404,0.0009,71487.04,1003.678,64.33833,128029.2,,,0
33,221,221,2026-03-18 16:00:00+00:00,open,BTC-19MAR26-77000-C,buy,3.6,1e-04,-0.00036,3.7512e-05,71487.04,-25.735332,2.6816218,128000.79,,,0
33,222,221,2026-03-19 08:00:00+00:00,close,BTC-19MAR26-72500-C,buy,3.6,0.0,-0.0,0.0,70244.25,-0.0,0.0,128000.79,expiry,,0
33,222,221,2026-03-19 08:00:00+00:00,close,BTC-19MAR26-77000-C,sell,3.6,0.0,0.0,0.0,70244.25,0.0,0.0,128000.79,expiry,,0
33,223,223,2026-03-20 16:00:00+00:00,open,BTC-21MAR26-71000-C,sell,3.7,0.0017,0.00629,0.000655418,69905.48,439.70544,45.817307,128394.67,,,0
33,223,223,2026-03-20 16:00:00+00:00,open,BTC-21MAR26-74500-C,buy,3.7,0.0002,-0.00074,7.7108e-05,69905.48,-51.730053,5.390271,128337.555,,,0
33,224,223,2026-03-21 08:00:00+00:00,close,BTC-21MAR26-71000-C,buy,3.7,0.0,-0.0,0.0,70689.77,-0.0,0.0,128337.555,expiry,,0
33,224,223,2026-03-21 08:00:00+00:00,close,BTC-21MAR26-74500-C,sell,3.7,0.0,0.0,0.0,70689.77,0.0,0.0,128337.555,expiry,,0
33,225,225,2026-03-23 16:00:00+00:00,open,BTC-24MAR26-71000-C,sell,3.7,0.0041,0.0151700005,0.000925,70161.67,1064.3525,64.89954,129337.01,,,0
33,225,225,2026-03-23 16:00:00+00:00,open,BTC-24MAR26-75000-C,buy,3.7,0.0002,-0.00074,7.7108e-05,70161.67,-51.919636,5.410026,129279.68,,,0
33,226,225,2026-03-24 08:00:00+00:00,close,BTC-24MAR26-71000-C,buy,3.7,0.0037940887,-0.014038129,0.000925,71270.41,-1000.5031,65.925125,128213.25,expiry,,0
33,226,225,2026-03-24 08:00:00+00:00,close,BTC-24MAR26-75000-C,sell,3.7,0.0,0.0,0.0,71270.41,0.0,0.0,128213.25,expiry,,0
33,227,227,2026-03-25 16:00:00+00:00,open,BTC-26MAR26-72000-C,sell,3.6,0.0021,0.00756,0.000787752,70835.03,535.5128,55.800434,128692.96,,,0
33,227,227,2026-03-25 16:00:00+00:00,open,BTC-26MAR26-76000-C,buy,3.6,0.0002,-0.00072,7.5024e-05,70835.03,-51.00122,5.3143272,128636.65,,,0
33,228,227,2026-03-26 08:00:00+00:00,close,BTC-26MAR26-72000-C,buy,3.6,0.0,-0.0,0.0,70070.96,-0.0,0.0,128636.65,expiry,,0
33,228,227,2026-03-26 08:00:00+00:00,close,BTC-26MAR26-76000-C,sell,3.6,0.0,0.0,0.0,70070.96,0.0,0.0,128636.65,expiry,,0
33,229,229,2026-03-27 16:00:00+00:00,open,BTC-28MAR26-67000-C,sell,3.9,0.0036,0.01404,0.000975,66038.93,927.1866,64.387955,129499.445,,,0
33,229,229,2026-03-27 16:00:00+00:00,open,BTC-28MAR26-71000-C,buy,3.9,0.0002,-0.00078,8.1276e-05,66038.93,-51.510365,5.36738,129442.56,,,0
33,230,229,2026-03-28 08:00:00+00:00,close,BTC-28MAR26-67000-C,buy,3.9,0.0,-0.0,0.0,66457.51,-0.0,0.0,129442.56,expiry,,0
33,230,229,2026-03-28 08:00:00+00:00,close,BTC-28MAR26-71000-C,sell,3.9,0.0,0.0,0.0,66457.51,0.0,0.0,129442.56,expiry,,0
33,231,231,2026-03-30 16:00:00+00:00,open,BTC-31MAR26-68500-C,sell,3.9,0.0022,0.00858,0.00089403597,67581.25,579.8471,60.42007,129961.99,,,0
33,231,231,2026-03-30 16:00:00+00:00,open,BTC-31MAR26-71000-C,buy,3.9,1e-04,-0.00039,4.0638e-05,67581.25,-26.356688,2.7463667,129932.89,,,0
33,232,231,2026-03-31 08:00:00+00:00,close,BTC-31MAR26-68500-C,buy,3.9,0.0,-0.0,0.0,67311.25,-0.0,0.0,129932.89,expiry,,0
33,232,231,2026-03-31 08:00:00+00:00,close,BTC-31MAR26-71000-C,sell,3.9,0.0,0.0,0.0,67311.25,0.0,0.0,129932.89,expiry,,0
33,233,233,2026-04-01 16:00:00+00:00,open,BTC-2APR26-70000-C,sell,3.8,0.0024,0.0091200005,0.00095,68879.09,628.17737,65.43514,130495.63,,,0
33,233,233,2026-04-01 16:00:00+00:00,open,BTC-2APR26-74000-C,buy,3.8,0.0002,-0.00075999997,7.9191996e-05,68879.09,-52.34811,5.4546733,130437.83,,,0
33,234,233,2026-04-02 08:00:00+00:00,close,BTC-2APR26-70000-C,buy,3.8,0.0,-0.0,0.0,66871.52,-0.0,0.0,130437.83,expiry,,0
33,234,233,2026-04-02 08:00:00+00:00,close,BTC-2APR26-74000-C,sell,3.8,0.0,0.0,0.0,66871.52,0.0,0.0,130437.83,expiry,,0
33,235,235,2026-04-03 16:30:00+00:00,open,BTC-4APR26-67500-C,sell,3.9,0.0014,0.0054599997,0.000568932,66985.74,365.74213,38.110332,130765.46,,,0
33,235,235,2026-04-03 16:30:00+00:00,open,BTC-4APR26-70000-C,buy,3.9,1e-04,-0.00039,4.0638e-05,66985.74,-26.12444,2.7221665,130736.62,,,0
33,236,235,2026-04-04 08:00:00+00:00,close,BTC-4APR26-67500-C,buy,3.9,0.0,-0.0,0.0,67022.87,-0.0,0.0,130736.62,expiry,,0
33,236,235,2026-04-04 08:00:00+00:00,close,BTC-4APR26-70000-C,sell,3.9,0.0,0.0,0.0,67022.87,0.0,0.0,130736.62,expiry,,0
33,237,237,2026-04-06 16:00:00+00:00,open,BTC-7APR26-71000-C,sell,3.8,0.002,0.0076,0.00079192006,69971.75,531.78534,55.41203,131212.98,,,0
33,237,237,2026-04-06 16:00:00+00:00,open,BTC-7APR26-75000-C,buy,3.8,0.0002,-0.00075999997,7.9191996e-05,69971.75,-53.178528,5.5412025,131154.27,,,0
33,238,237,2026-04-07 08:00:00+00:00,close,BTC-7APR26-71000-C,buy,3.8,0.0,-0.0,0.0,68616.5,-0.0,0.0,131154.27,expiry,,0
33,238,237,2026-04-07 08:00:00+00:00,close,BTC-7APR26-75000-C,sell,3.8,0.0,0.0,0.0,68616.5,0.0,0.0,131154.27,expiry,,0
33,239,239,2026-04-08 16:00:00+00:00,open,BTC-9APR26-70500-P,sell,3.7,0.0023,0.00851,0.000886742,71305.0,606.80554,63.22914,131697.84,,,0
33,239,239,2026-04-08 16:00:00+00:00,open,BTC-9APR26-65500-P,buy,3.7,1e-04,-0.00037,3.8554e-05,71305.0,-26.382849,2.7490928,131668.72,,,0
33,240,239,2026-04-09 08:00:00+00:00,close,BTC-9APR26-70500-P,buy,3.7,0.0,-0.0,0.0,70983.96,-0.0,0.0,131668.72,expiry,,0
33,240,239,2026-04-09 08:00:00+00:00,close,BTC-9APR26-65500-P,sell,3.7,0.0,0.0,0.0,70983.96,0.0,0.0,131668.72,expiry,,0
33,241,241,2026-04-10 16:00:00+00:00,open,BTC-11APR26-73500-C,sell,3.7,0.0014,0.00518,0.000539756,72475.35,375.4223,39.119003,132005.02,,,0
33,241,241,2026-04-10 16:00:00+00:00,open,BTC-11APR26-77000-C,buy,3.7,0.0002,-0.00074,7.7108e-05,72475.35,-53.63176,5.5884295,131945.8,,,0
33,242,241,2026-04-11 08:00:00+00:00,close,BTC-11APR26-73500-C,buy,3.7,0.0,-0.0,0.0,72778.88,-0.0,0.0,131945.8,expiry,,0
33,242,241,2026-04-11 08:00:00+00:00,close,BTC-11APR26-77000-C,sell,3.7,0.0,0.0,0.0,72778.88,0.0,0.0,131945.8,expiry,,0
33,243,243,2026-04-13 16:00:00+00:00,open,BTC-14APR26-73000-C,sell,3.7,0.0015,0.00555,0.00057831,71894.42,399.01404,41.577263,132303.23,,,0
33,243,243,2026-04-13 16:00:00+00:00,open,BTC-14APR26-76000-C,buy,3.7,0.0002,-0.00074,7.7108e-05,71894.42,-53.20187,5.543635,132244.48,,,0
33,244,243,2026-04-13 22:55:00+00:00,close,BTC-14APR26-73000-C,buy,3.7,0.024,-0.0888,0.000925,74672.41,-6630.9097,69.071976,125544.51,strike_proximity_stop,,0
33,244,243,2026-04-13 22:55:00+00:00,close,BTC-14APR26-76000-C,sell,3.7,0.0006,0.0022200001,0.00023132401,74672.41,165.77275,17.273521,125693.01,strike_proximity_stop,,0
33,245,245,2026-04-15 16:00:00+00:00,open,BTC-16APR26-74500-C,sell,3.4,0.0029,0.00986,0.00085,73858.47,728.2445,62.779697,126358.47,,,0
33,245,245,2026-04-15 16:00:00+00:00,open,BTC-16APR26-79000-C,buy,3.4,0.0002,-0.00068,7.0856e-05,73858.47,-50.22376,5.2333155,126303.016,,,0
33,246,245,2026-04-16 08:00:00+00:00,close,BTC-16APR26-74500-C,buy,3.4,0.0026359654,-0.008962282,0.00085,74696.9,-669.4547,63.492363,125570.06,expiry,,0
33,246,245,2026-04-16 08:00:00+00:00,close,BTC-16APR26-79000-C,sell,3.4,0.0,0.0,0.0,74696.9,0.0,0.0,125570.06,expiry,,0
33,247,247,2026-04-17 16:00:00+00:00,open,BTC-18APR26-77000-P,sell,3.2,0.003,0.0096,0.0008,77831.12,747.1787,62.264893,126254.98,,,0
33,247,247,2026-04-17 16:00:00+00:00,open,BTC-18APR26-72000-P,buy,3.2,1e-04,-0.00032,3.3344e-05,77831.12,-24.905956,2.5952008,126227.48,,,0
33,248,247,2026-04-18 08:00:00+00:00,close,BTC-18APR26-77000-P,buy,3.2,0.0,-0.0,0.0,77037.18,-0.0,0.0,126227.48,expiry,,0
33,248,247,2026-04-18 08:00:00+00:00,close,BTC-18APR26-72000-P,sell,3.2,0.0,0.0,0.0,77037.18,0.0,0.0,126227.48,expiry,,0
33,249,249,2026-04-20 16:00:00+00:00,open,BTC-21APR26-76500-C,sell,3.4,0.0023,0.00782,0.00081484404,75746.7,592.33923,61.72175,126758.09,,,0
33,249,249,2026-04-20 16:00:00+00:00,open,BTC-21APR26-81000-C,buy,3.4,1e-04,-0.00034,3.5428e-05,75746.7,-25.753878,2.6835542,126729.66,,,0
33,250,249,2026-04-21 08:00:00+00:00,close,BTC-21APR26-76500-C,buy,3.4,0.0,-0.0,0.0,76118.46,-0.0,0.0,126729.66,expiry,,0
33,250,249,2026-04-21 08:00:00+00:00,close,BTC-21APR26-81000-C,sell,3.4,0.0,0.0,0.0,76118.46,0.0,0.0,126729.66,expiry,,0
33,251,251,2026-04-22 16:00:00+00:00,open,BTC-23APR26-80000-C,sell,3.2,0.003,0.0096,0.0008,79318.35,761.4562,63.45468,127427.66,,,0
33,251,251,2026-04-22 16:00:00+00:00,open,BTC-23APR26-85000-C,buy,3.2,1e-04,-0.00032,3.3344e-05,79318.35,-25.381872,2.6447911,127399.63,,,0
33,252,251,2026-04-23 08:00:00+00:00,close,BTC-23APR26-80000-C,buy,3.2,0.0,-0.0,0.0,78080.69,-0.0,0.0,127399.63,expiry,,0
33,252,251,2026-04-23 08:00:00+00:00,close,BTC-23APR26-85000-C,sell,3.2,0.0,0.0,0.0,78080.69,0.0,0.0,127399.63,expiry,,0
33,253,253,2026-04-24 16:00:00+00:00,open,BTC-25APR26-77500-P,sell,3.3,0.0025,0.00825,0.000825,78071.73,644.09174,64.40917,127979.31,,,0
33,253,253,2026-04-24 16:00:00+00:00,open,BTC-25APR26-73500-P,buy,3.3,0.0002,-0.00065999996,6.8771995e-05,78071.73,-51.52734,5.3691487,127922.42,,,0
33,254,253,2026-04-25 08:00:00+00:00,close,BTC-25APR26-77500-P,buy,3.3,0.0,-0.0,0.0,77520.02,-0.0,0.0,127922.42,expiry,,0
33,254,253,2026-04-25 08:00:00+00:00,close,BTC-25APR26-73500-P,sell,3.3,0.0,0.0,0.0,77520.02,0.0,0.0,127922.42,expiry,,0
33,255,255,2026-04-27 16:00:00+00:00,open,BTC-28APR26-77500-C,sell,3.4,0.0025,0.0084999995,0.00085,76765.64,652.50793,65.25079,128509.68,,,0
33,255,255,2026-04-27 16:00:00+00:00,open,BTC-28APR26-81000-C,buy,3.4,1e-04,-0.00034,3.5428e-05,76765.64,-26.100317,2.7196531,128480.86,,,0
33,256,255,2026-04-28 08:00:00+00:00,close,BTC-28APR26-77500-C,buy,3.4,0.0,-0.0,0.0,76875.97,-0.0,0.0,128480.86,expiry,,0
33,256,255,2026-04-28 08:00:00+00:00,close,BTC-28APR26-81000-C,sell,3.4,0.0,0.0,0.0,76875.97,0.0,0.0,128480.86,expiry,,0
33,257,257,2026-04-29 16:00:00+00:00,open,BTC-30APR26-77000-C,sell,3.4,0.0018,0.00612,0.000637704,75886.77,464.42703,48.3933,128896.89,,,0
33,257,257,2026-04-29 16:00:00+00:00,open,BTC-30APR26-81000-C,buy,3.4,0.0002,-0.00068,7.0856e-05,75886.77,-51.603004,5.377033,128839.91,,,0
33,258,257,2026-04-30 08:00:00+00:00,close,BTC-30APR26-77000-C,buy,3.4,0.0,-0.0,0.0,76132.66,-0.0,0.0,128839.91,expiry,,0
33,258,257,2026-04-30 08:00:00+00:00,close,BTC-30APR26-81000-C,sell,3.4,0.0,0.0,0.0,76132.66,0.0,0.0,128839.91,expiry,,0
33,259,259,2026-05-01 16:00:00+00:00,open,BTC-2MAY26-79000-C,sell,3.3,0.0018,0.00594,0.00061894796,78449.03,465.98724,48.55587,129257.34,,,0
33,259,259,2026-05-01 16:00:00+00:00,open,BTC-2MAY26-82000-C,buy,3.3,0.0002,-0.00065999996,6.8771995e-05,78449.03,-51.77636,5.395097,129200.17,,,0
33,260,259,2026-05-02 08:00:00+00:00,close,BTC-2MAY26-79000-C,buy,3.3,0.0,-0.0,0.0,78215.18,-0.0,0.0,129200.17,expiry,,0
33,260,259,2026-05-02 08:00:00+00:00,close,BTC-2MAY26-82000-C,sell,3.3,0.0,0.0,0.0,78215.18,0.0,0.0,129200.17,expiry,,0
33,261,261,2026-05-04 16:00:00+00:00,open,BTC-5MAY26-81000-C,sell,3.2,0.0017,0.00544,0.00056684803,80023.22,435.32632,45.361004,129590.13,,,0
33,261,261,2026-05-04 16:00:00+00:00,open,BTC-5MAY26-84000-C,buy,3.2,0.0002,-0.00064,6.6688e-05,80023.22,-51.21486,5.3365884,129533.586,,,0
33,262,261,2026-05-05 08:00:00+00:00,close,BTC-5MAY26-81000-C,buy,3.2,0.0,-0.0,0.0,80851.99,-0.0,0.0,129533.586,expiry,,0
33,262,261,2026-05-05 08:00:00+00:00,close,BTC-5MAY26-84000-C,sell,3.2,0.0,0.0,0.0,80851.99,0.0,0.0,129533.586,expiry,,0
33,263,263,2026-05-06 16:00:00+00:00,open,BTC-7MAY26-82500-C,sell,3.2,0.0018,0.00576,0.000600192,81699.62,470.58978,49.035458,129955.14,,,0
33,263,263,2026-05-06 16:00:00+00:00,open,BTC-7MAY26-86000-C,buy,3.2,0.0002,-0.00064,6.6688e-05,81699.62,-52.287754,5.448384,129897.4,,,0
33,264,263,2026-05-07 08:00:00+00:00,close,BTC-7MAY26-82500-C,buy,3.2,0.0,-0.0,0.0,81519.96,-0.0,0.0,129897.4,expiry,,0
33,264,263,2026-05-07 08:00:00+00:00,close,BTC-7MAY26-86000-C,sell,3.2,0.0,0.0,0.0,81519.96,0.0,0.0,129897.4,expiry,,0
33,265,265,2026-05-08 16:00:00+00:00,open,BTC-9MAY26-79500-P,sell,3.3,0.0018,0.00594,0.00061894796,80182.0,476.28107,49.628487,130324.055,,,0
33,265,265,2026-05-08 16:00:00+00:00,open,BTC-9MAY26-76000-P,buy,3.3,1e-04,-0.00032999998,3.4385997e-05,80182.0,-26.46006,2.7571383,130294.836,,,0
33,266,265,2026-05-09 08:00:00+00:00,close,BTC-9MAY26-79500-P,buy,3.3,0.0,-0.0,0.0,80258.5,-0.0,0.0,130294.836,expiry,,0
33,266,265,2026-05-09 08:00:00+00:00,close,BTC-9MAY26-76000-P,sell,3.3,0.0,0.0,0.0,80258.5,0.0,0.0,130294.836,expiry,,0
33,267,267,2026-05-11 16:00:00+00:00,open,BTC-12MAY26-80500-P,sell,3.2,0.0011,0.00352,0.000366784,81404.0,286.54208,29.857685,130551.52,,,0
33,267,267,2026-05-11 16:00:00+00:00,open,BTC-12MAY26-77000-P,buy,3.2,0.0002,-0.00064,6.6688e-05,81404.0,-52.09856,5.42867,130493.99,,,0
33,268,267,2026-05-12 08:00:00+00:00,close,BTC-12MAY26-80500-P,buy,3.2,0.0,-0.0,0.0,80898.0,-0.0,0.0,130493.99,expiry,,0
33,268,267,2026-05-12 08:00:00+00:00,close,BTC-12MAY26-77000-P,sell,3.2,0.0,0.0,0.0,80898.0,0.0,0.0,130493.99,expiry,,0
33,269,269,2026-05-13 16:00:00+00:00,open,BTC-14MAY26-79500-C,sell,3.3,0.0026,0.00858,0.000825,79007.0,677.88007,65.18078,131106.69,,,0
33,269,269,2026-05-13 16:00:00+00:00,open,BTC-14MAY26-83500-C,buy,3.3,0.0002,-0.00065999996,6.8771995e-05,79007.0,-52.14462,5.4334693,131049.12,,,0
33,270,269,2026-05-14 08:00:00+00:00,close,BTC-14MAY26-79500-C,buy,3.3,0.003109796,-0.010262326,0.000825,79748.0,-818.4,65.7921,130164.92,expiry,,0
33,270,269,2026-05-14 08:00:00+00:00,close,BTC-14MAY26-83500-C,sell,3.3,0.0,0.0,0.0,79748.0,0.0,0.0,130164.92,expiry,,0
33,271,271,2026-05-14 16:00:00+00:00,open,BTC-15MAY26-82500-C,sell,3.2,0.0017,0.00544,0.00056684803,81483.0,443.26752,46.188477,130562.0,,,0
33,271,271,2026-05-14 16:00:00+00:00,open,BTC-15MAY26-86000-C,buy,3.2,0.0002,-0.00064,6.6688e-05,81483.0,-52.14912,5.433938,130504.42,,,0
33,272,271,2026-05-15 08:00:00+00:00,close,BTC-15MAY26-82500-C,buy,3.2,0.0,-0.0,0.0,80777.5,-0.0,0.0,130504.42,expiry,,0
33,272,271,2026-05-15 08:00:00+00:00,close,BTC-15MAY26-86000-C,sell,3.2,0.0,0.0,0.0,80777.5,0.0,0.0,130504.42,expiry,,0
33,273,273,2026-05-15 16:00:00+00:00,open,BTC-16MAY26-80000-C,sell,3.3,0.0013,0.00429,0.000447018,79124.5,339.4441,35.370075,130808.49,,,0
33,273,273,2026-05-15 16:00:00+00:00,open,BTC-16MAY26-83500-C,buy,3.3,1e-04,-0.00032999998,3.4385997e-05,79124.5,-26.111084,2.720775,130779.664,,,0
33,274,273,2026-05-16 08:00:00+00:00,close,BTC-16MAY26-80000-C,buy,3.3,0.0,-0.0,0.0,78370.0,-0.0,0.0,130779.664,expiry,,0
33,274,273,2026-05-16 08:00:00+00:00,close,BTC-16MAY26-83500-C,sell,3.3,0.0,0.0,0.0,78370.0,0.0,0.0,130779.664,expiry,,0
33,275,275,2026-05-18 16:00:00+00:00,open,BTC-19MAY26-77000-C,sell,3.5,0.0018,0.0063,0.00065646,76297.5,480.67426,50.086254,131210.25,,,0
33,275,275,2026-05-18 16:00:00+00:00,open,BTC-19MAY26-79500-C,buy,3.5,1e-04,-0.00035,3.647e-05,76297.5,-26.704124,2.7825696,131180.77,,,0
33,276,275,2026-05-19 08:00:00+00:00,close,BTC-19MAY26-77000-C,buy,3.5,0.0020930127,-0.0073255445,0.00076332176,77161.5,-565.25,58.89905,130556.62,expiry,,0
33,276,275,2026-05-19 08:00:00+00:00,close,BTC-19MAY26-79500-C,sell,3.5,0.0,0.0,0.0,77161.5,0.0,0.0,130556.62,expiry,,0
33,277,277,2026-05-19 16:00:00+00:00,open,BTC-20MAY26-77500-C,sell,3.4,0.0012,0.0040800003,0.000425136,76478.0,312.03024,32.513554,130836.13,,,0
33,277,277,2026-05-19 16:00:00+00:00,open,BTC-20MAY26-80000-C,buy,3.4,1e-04,-0.00034,3.5428e-05,76478.0,-26.00252,2.7094624,130807.42,,,0
33,278,277,2026-05-20 08:00:00+00:00,close,BTC-20MAY26-77500-C,buy,3.4,0.0,-0.0,0.0,77228.5,-0.0,0.0,130807.42,expiry,,0
33,278,277,2026-05-20 08:00:00+00:00,close,BTC-20MAY26-80000-C,sell,3.4,0.0,0.0,0.0,77228.5,0.0,0.0,130807.42,expiry,,0
33,279,279,2026-05-20 16:00:00+00:00,open,BTC-21MAY26-78000-C,sell,3.4,0.002,0.0068000006,0.00070856005,77430.5,526.5274,54.86416,131279.08,,,0
33,279,279,2026-05-20 16:00:00+00:00,open,BTC-21MAY26-80500-C,buy,3.4,1e-04,-0.00034,3.5428e-05,77430.5,-26.32637,2.7432077,131250.02,,,0
33,280,279,2026-05-21 08:00:00+00:00,close,BTC-21MAY26-78000-C,buy,3.4,0.0,-0.0,0.0,77851.5,-0.0,0.0,131250.02,expiry,,0
33,280,279,2026-05-21 08:00:00+00:00,close,BTC-21MAY26-80500-C,sell,3.4,0.0,0.0,0.0,77851.5,0.0,0.0,131250.02,expiry,,0
33,281,281,2026-05-21 16:15:00+00:00,open,BTC-22MAY26-77500-C,sell,3.4,0.002,0.0068000006,0.00070856005,77176.5,524.80023,54.684185,131720.12,,,0
33,281,281,2026-05-21 16:15:00+00:00,open,BTC-22MAY26-80000-C,buy,3.4,0.0002,-0.00068,7.0856e-05,77176.5,-52.48002,5.468418,131662.17,,,0
33,282,281,2026-05-22 08:00:00+00:00,close,BTC-22MAY26-77500-C,buy,3.4,0.0,-0.0,0.0,77381.5,-0.0,0.0,131662.17,expiry,,0
33,282,281,2026-05-22 08:00:00+00:00,close,BTC-22MAY26-80000-C,sell,3.4,0.0,0.0,0.0,77381.5,0.0,0.0,131662.17,expiry,,0
33,283,283,2026-05-25 16:55:00+00:00,open,BTC-26MAY26-78000-C,sell,3.4,0.0021,0.00714,0.00074398797,77651.0,554.4281,57.77141,132158.84,,,0
33,283,283,2026-05-25 16:55:00+00:00,open,BTC-26MAY26-80500-C,buy,3.4,0.0002,-0.00068,7.0856e-05,77651.0,-52.802677,5.502039,132100.53,,,0
33,284,283,2026-05-26 08:00:00+00:00,close,BTC-26MAY26-78000-C,buy,3.4,0.0,-0.0,0.0,76649.5,-0.0,0.0,132100.53,expiry,,0
33,284,283,2026-05-26 08:00:00+00:00,close,BTC-26MAY26-80500-C,sell,3.4,0.0,0.0,0.0,76649.5,0.0,0.0,132100.53,expiry,,0
33,285,285,2026-05-26 16:30:00+00:00,open,BTC-27MAY26-77000-C,sell,3.5,0.0019,0.00665,0.00069293,76473.0,508.54547,52.990437,132556.1,,,0
33,285,285,2026-05-26 16:30:00+00:00,open,BTC-27MAY26-79500-C,buy,3.5,1e-04,-0.00035,3.647e-05,76473.0,-26.765549,2.7889702,132526.53,,,0
33,286,285,2026-05-27 08:00:00+00:00,close,BTC-27MAY26-77000-C,buy,3.5,0.0,-0.0,0.0,75867.0,-0.0,0.0,132526.53,expiry,,0
33,286,285,2026-05-27 08:00:00+00:00,close,BTC-27MAY26-79500-C,sell,3.5,0.0,0.0,0.0,75867.0,0.0,0.0,132526.53,expiry,,0
33,287,287,2026-05-27 16:00:00+00:00,open,BTC-28MAY26-76000-C,sell,3.5,0.0014,0.0049,0.00051057996,75257.5,368.76175,38.424973,132856.88,,,0
33,287,287,2026-05-27 16:00:00+00:00,open,BTC-28MAY26-78500-C,buy,3.5,0.0002,-0.0007,7.294e-05,75257.5,-52.68025,5.489282,132798.7,,,0
33,288,287,2026-05-28 08:00:00+00:00,close,BTC-28MAY26-76000-C,buy,3.5,0.0,-0.0,0.0,73330.5,-0.0,0.0,132798.7,expiry,,0
33,288,287,2026-05-28 08:00:00+00:00,close,BTC-28MAY26-78500-C,sell,3.5,0.0,0.0,0.0,73330.5,0.0,0.0,132798.7,expiry,,0
33,289,289,2026-05-28 16:00:00+00:00,open,BTC-29MAY26-73500-C,sell,3.7,0.0017,0.00629,0.000655418,72781.5,457.79565,47.702305,133208.8,,,0
33,289,289,2026-05-28 16:00:00+00:00,open,BTC-29MAY26-77500-C,buy,3.7,0.0002,-0.00074,7.7108e-05,72781.5,-53.858307,5.6120358,133149.33,,,0
33,290,289,2026-05-29 08:00:00+00:00,close,BTC-29MAY26-73500-C,buy,3.7,0.0006730161,-0.0024901596,0.00025947465,73549.5,-183.15,19.08423,132947.1,expiry,,0
33,290,289,2026-05-29 08:00:00+00:00,close,BTC-29MAY26-77500-C,sell,3.7,0.0,0.0,0.0,73549.5,0.0,0.0,132947.1,expiry,,0
33,291,291,2026-05-29 16:00:00+00:00,open,BTC-30MAY26-74500-C,sell,3.6,0.0012,0.0043200003,0.00045014403,73702.0,318.39267,33.176514,133232.3,,,0
33,291,291,2026-05-29 16:00:00+00:00,open,BTC-30MAY26-77000-C,buy,3.6,1e-04,-0.00036,3.7512e-05,73702.0,-26.532719,2.7647095,133203.0,,,0
33,292,291,2026-05-30 08:00:00+00:00,close,BTC-30MAY26-74500-C,buy,3.6,0.0,-0.0,0.0,73460.5,-0.0,0.0,133203.0,expiry,,0
33,292,291,2026-05-30 08:00:00+00:00,close,BTC-30MAY26-77000-C,sell,3.6,0.0,0.0,0.0,73460.5,0.0,0.0,133203.0,expiry,,0
33,293,293,2026-06-01 16:00:00+00:00,open,BTC-2JUN26-72000-C,sell,3.8,0.0013,0.00494,0.000514748,71065.0,351.0611,36.580566,133517.48,,,0
33,293,293,2026-06-01 16:00:00+00:00,open,BTC-2JUN26-75000-C,buy,3.8,0.0002,-0.00075999997,7.9191996e-05,71065.0,-54.0094,5.6277795,133457.84,,,0
33,294,293,2026-06-02 08:00:00+00:00,close,BTC-2JUN26-72000-C,buy,3.8,0.0,-0.0,0.0,70016.0,-0.0,0.0,133457.84,expiry,,0
33,294,293,2026-06-02 08:00:00+00:00,close,BTC-2JUN26-75000-C,sell,3.8,0.0,0.0,0.0,70016.0,0.0,0.0,133457.84,expiry,,0
33,295,295,2026-06-02 16:00:00+00:00,open,BTC-3JUN26-68500-C,sell,4.0,0.0024,0.0096,0.001,67185.0,644.976,67.185,134035.64,,,0
33,295,295,2026-06-02 16:00:00+00:00,open,BTC-3JUN26-72500-C,buy,4.0,0.0002,-0.0008,8.336e-05,67185.0,-53.747997,5.6005416,133976.3,,,0
33,296,295,2026-06-03 08:00:00+00:00,close,BTC-3JUN26-68500-C,buy,4.0,0.0,-0.0,0.0,67104.5,-0.0,0.0,133976.3,expiry,,0
33,296,295,2026-06-03 08:00:00+00:00,close,BTC-3JUN26-72500-C,sell,4.0,0.0,0.0,0.0,67104.5,0.0,0.0,133976.3,expiry,,0
33,297,297,2026-06-03 16:00:00+00:00,open,BTC-4JUN26-67000-C,sell,4.1,0.0026,0.01066,0.001025,66000.0,703.56,67.65,134612.2,,,0
33,297,297,2026-06-03 16:00:00+00:00,open,BTC-4JUN26-69500-C,buy,4.1,0.0002,-0.00081999996,8.5444e-05,66000.0,-54.12,5.6393037,134552.44,,,0
33,298,297,2026-06-04 08:00:00+00:00,close,BTC-4JUN26-67000-C,buy,4.1,0.0,-0.0,0.0,63473.0,-0.0,0.0,134552.44,expiry,,0
33,298,297,2026-06-04 08:00:00+00:00,close,BTC-4JUN26-69500-C,sell,4.1,0.0,0.0,0.0,63473.0,0.0,0.0,134552.44,expiry,,0
33,299,299,2026-06-04 16:00:00+00:00,open,BTC-5JUN26-64500-C,sell,4.2,0.003,0.0126,0.00105,63813.5,804.0501,67.00417,135289.48,,,0
33,299,299,2026-06-04 16:00:00+00:00,open,BTC-5JUN26-68000-C,buy,4.2,0.0002,-0.00084,8.7527995e-05,63813.5,-53.60334,5.585468,135230.3,,,0
33,300,299,2026-06-05 08:00:00+00:00,close,BTC-5JUN26-64500-C,buy,4.2,0.0,-0.0,0.0,63013.5,-0.0,0.0,135230.3,expiry,,0
33,300,299,2026-06-05 08:00:00+00:00,close,BTC-5JUN26-68000-C,sell,4.2,0.0,0.0,0.0,63013.5,0.0,0.0,135230.3,expiry,,0
33,301,301,2026-06-05 16:00:00+00:00,open,BTC-6JUN26-61500-C,sell,4.5,0.0036,0.0162,0.001125,60148.5,974.4057,67.66706,136137.05,,,0
33,301,301,2026-06-05 16:00:00+00:00,open,BTC-6JUN26-66000-C,buy,4.5,0.0002,-0.0009,9.378e-05,60148.5,-54.133648,5.640726,136077.27,,,0
33,302,301,2026-06-06 08:00:00+00:00,close,BTC-6JUN26-61500-C,buy,4.5,0.0,-0.0,0.0,60890.5,-0.0,0.0,136077.27,expiry,,0
33,302,301,2026-06-06 08:00:00+00:00,close,BTC-6JUN26-66000-C,sell,4.5,0.0,0.0,0.0,60890.5,0.0,0.0,136077.27,expiry,,0
33,303,303,2026-06-08 16:00:00+00:00,open,BTC-9JUN26-64500-C,sell,4.3,0.0026,0.01118,0.001075,63648.0,711.58466,68.4216,136720.42,,,0
33,303,303,2026-06-08 16:00:00+00:00,open,BTC-9JUN26-68000-C,buy,4.3,1e-04,-0.00043,4.4806e-05,63648.0,-27.368639,2.8518121,136690.2,,,0
33,304,303,2026-06-09 08:00:00+00:00,close,BTC-9JUN26-64500-C,buy,4.3,0.0,-0.0,0.0,63132.5,-0.0,0.0,136690.2,expiry,,0
33,304,303,2026-06-09 08:00:00+00:00,close,BTC-9JUN26-68000-C,sell,4.3,0.0,0.0,0.0,63132.5,0.0,0.0,136690.2,expiry,,0
33,305,305,2026-06-09 16:00:00+00:00,open,BTC-10JUN26-62000-C,sell,4.5,0.0029,0.01305,0.001125,61183.5,798.44464,68.831436,137419.83,,,0
33,305,305,2026-06-09 16:00:00+00:00,open,BTC-10JUN26-65000-C,buy,4.5,0.0002,-0.0009,9.378e-05,61183.5,-55.065147,5.7377887,137359.02,,,0
33,306,305,2026-06-10 08:00:00+00:00,close,BTC-10JUN26-62000-C,buy,4.5,0.0,-0.0,0.0,61601.5,-0.0,0.0,137359.02,expiry,,0
33,306,305,2026-06-10 08:00:00+00:00,close,BTC-10JUN26-65000-C,sell,4.5,0.0,0.0,0.0,61601.5,0.0,0.0,137359.02,expiry,,0
33,307,307,2026-06-10 16:00:00+00:00,open,BTC-11JUN26-63000-C,sell,4.4,0.0031,0.0136400005,0.0011,62537.0,853.0047,68.7907,138143.23,,,0
33,307,307,2026-06-10 16:00:00+00:00,open,BTC-11JUN26-67000-C,buy,4.4,0.0002,-0.00088,9.1696e-05,62537.0,-55.03256,5.7343926,138082.47,,,0
33,308,307,2026-06-11 08:00:00+00:00,close,BTC-11JUN26-63000-C,buy,4.4,0.0,-0.0,0.0,62695.5,-0.0,0.0,138082.47,expiry,,0
33,308,307,2026-06-11 08:00:00+00:00,close,BTC-11JUN26-67000-C,sell,4.4,0.0,0.0,0.0,62695.5,0.0,0.0,138082.47,expiry,,0
33,309,309,2026-06-12 16:00:00+00:00,open,BTC-13JUN26-64500-C,sell,4.4,0.0013,0.0057200002,0.000596024,63644.5,364.04654,37.93365,138408.58,,,0
33,309,309,2026-06-12 16:00:00+00:00,open,BTC-13JUN26-67000-C,buy,4.4,0.0002,-0.00088,9.1696e-05,63644.5,-56.00716,5.835946,138346.73,,,0
33,310,309,2026-06-13 08:00:00+00:00,close,BTC-13JUN26-64500-C,buy,4.4,0.0,-0.0,0.0,63781.5,-0.0,0.0,138346.73,expiry,,0
33,310,309,2026-06-13 08:00:00+00:00,close,BTC-13JUN26-67000-C,sell,4.4,0.0,0.0,0.0,63781.5,0.0,0.0,138346.73,expiry,,0
33,311,311,2026-06-15 16:00:00+00:00,open,BTC-16JUN26-68000-C,sell,4.1,0.0015,0.0061500003,0.00064083,67132.5,412.86487,43.02052,138716.58,,,0
33,311,311,2026-06-15 16:00:00+00:00,open,BTC-16JUN26-71000-C,buy,4.1,0.0002,-0.00081999996,8.5444e-05,67132.5,-55.04865,5.736069,138655.8,,,0
33,312,311,2026-06-16 08:00:00+00:00,close,BTC-16JUN26-68000-C,buy,4.1,0.0,-0.0,0.0,66332.5,-0.0,0.0,138655.8,expiry,,0
33,312,311,2026-06-16 08:00:00+00:00,close,BTC-16JUN26-71000-C,sell,4.1,0.0,0.0,0.0,66332.5,0.0,0.0,138655.8,expiry,,0
33,313,313,2026-06-17 16:00:00+00:00,open,BTC-18JUN26-66500-C,sell,4.2,0.003,0.0126,0.00105,65769.5,828.6957,69.057976,139415.44,,,0
33,313,313,2026-06-17 16:00:00+00:00,open,BTC-18JUN26-71000-C,buy,4.2,1e-04,-0.00042,4.3763997e-05,65769.5,-27.62319,2.8783364,139384.94,,,0
33,314,313,2026-06-18 08:00:00+00:00,close,BTC-18JUN26-66500-C,buy,4.2,0.0,-0.0,0.0,64410.0,-0.0,0.0,139384.94,expiry,,0
33,314,313,2026-06-18 08:00:00+00:00,close,BTC-18JUN26-71000-C,sell,4.2,0.0,0.0,0.0,64410.0,0.0,0.0,139384.94,expiry,,0
33,315,315,2026-06-19 16:10:00+00:00,open,BTC-20JUN26-64000-C,sell,4.5,0.0005,0.0022500001,0.00023445001,63057.5,141.87938,14.783832,139512.03,,,0
33,315,315,2026-06-19 16:10:00+00:00,open,BTC-20JUN26-67500-C,buy,4.5,1e-04,-0.00045,4.689e-05,63057.5,-28.375874,2.9567661,139480.69,,,0
33,316,315,2026-06-20 08:00:00+00:00,close,BTC-20JUN26-64000-C,buy,4.5,0.0,-0.0,0.0,63567.0,-0.0,0.0,139480.69,expiry,,0
33,316,315,2026-06-20 08:00:00+00:00,close,BTC-20JUN26-67500-C,sell,4.5,0.0,0.0,0.0,63567.0,0.0,0.0,139480.69,expiry,,0
33,317,317,2026-06-23 16:00:00+00:00,open,BTC-24JUN26-63000-C,sell,4.5,0.0023,0.01035,0.00107847,62442.0,646.2747,67.34183,140059.62,,,0
33,317,317,2026-06-23 16:00:00+00:00,open,BTC-24JUN26-65500-C,buy,4.5,1e-04,-0.00045,4.689e-05,62442.0,-28.0989,2.9279053,140028.6,,,0
33,318,317,2026-06-24 08:00:00+00:00,close,BTC-24JUN26-63000-C,buy,4.5,0.0,-0.0,0.0,62576.5,-0.0,0.0,140028.6,expiry,,0
33,318,317,2026-06-24 08:00:00+00:00,close,BTC-24JUN26-65500-C,sell,4.5,0.0,0.0,0.0,62576.5,0.0,0.0,140028.6,expiry,,0
33,319,319,2026-06-25 16:00:00+00:00,open,BTC-26JUN26-60500-C,sell,4.7,0.002,0.009400001,0.0009794801,59519.5,559.48334,58.298164,140529.78,,,0
33,319,319,2026-06-25 16:00:00+00:00,open,BTC-26JUN26-65000-C,buy,4.7,0.0002,-0.00094,9.7947996e-05,59519.5,-55.94833,5.829816,140468.0,,,0
33,320,319,2026-06-26 08:00:00+00:00,close,BTC-26JUN26-60500-C,buy,4.7,0.0,-0.0,0.0,60476.5,-0.0,0.0,140468.0,expiry,,0
33,320,319,2026-06-26 08:00:00+00:00,close,BTC-26JUN26-65000-C,sell,4.7,0.0,0.0,0.0,60476.5,0.0,0.0,140468.0,expiry,,0
33,321,321,2026-06-29 16:00:00+00:00,open,BTC-30JUN26-60500-C,sell,4.7,0.0031,0.014570001,0.001175,59728.0,870.237,70.1804,141268.06,,,0
33,321,321,2026-06-29 16:00:00+00:00,open,BTC-30JUN26-63000-C,buy,4.7,1e-04,-0.00047,4.8973998e-05,59728.0,-28.072159,2.925119,141237.06,,,0
33,322,321,2026-06-30 08:00:00+00:00,close,BTC-30JUN26-60500-C,buy,4.7,0.0,-0.0,0.0,59458.5,-0.0,0.0,141237.06,expiry,,0
33,322,321,2026-06-30 08:00:00+00:00,close,BTC-30JUN26-63000-C,sell,4.7,0.0,0.0,0.0,59458.5,0.0,0.0,141237.06,expiry,,0
33,323,323,2026-07-01 16:00:00+00:00,open,BTC-2JUL26-60500-C,sell,4.7,0.003,0.0141,0.001175,60066.5,846.9377,70.57814,142013.42,,,0
33,323,323,2026-07-01 16:00:00+00:00,open,BTC-2JUL26-65000-C,buy,4.7,1e-04,-0.00047,4.8973998e-05,60066.5,-28.231255,2.9416966,141982.25,,,0
33,324,323,2026-07-02 08:00:00+00:00,close,BTC-2JUL26-60500-C,buy,4.7,0.0,-0.0,0.0,60090.5,-0.0,0.0,141982.25,expiry,,0
33,324,323,2026-07-02 08:00:00+00:00,close,BTC-2JUL26-65000-C,sell,4.7,0.0,0.0,0.0,60090.5,0.0,0.0,141982.25,expiry,,0
33,325,325,2026-07-03 17:00:00+00:00,open,BTC-4JUL26-62500-C,sell,4.6,0.0016,0.0073599997,0.000766912,62069.5,456.8315,47.601845,142391.48,,,0
33,325,325,2026-07-03 17:00:00+00:00,open,BTC-4JUL26-65000-C,buy,4.6,1e-04,-0.00045999998,4.7932e-05,62069.5,-28.55197,2.9751153,142359.95,,,0
33,326,325,2026-07-04 08:00:00+00:00,close,BTC-4JUL26-62500-C,buy,4.6,0.0002559345,-0.0011772986,0.00012267452,62516.0,-73.6,7.66912,142278.69,expiry,,0
33,326,325,2026-07-04 08:00:00+00:00,close,BTC-4JUL26-65000-C,sell,4.6,0.0,0.0,0.0,62516.0,0.0,0.0,142278.69,expiry,,0
33,327,327,2026-07-06 16:00:00+00:00,open,BTC-7JUL26-64000-C,sell,4.5,0.0024,0.0108,0.001125,63400.5,684.7254,71.32556,142892.08,,,0
33,327,327,2026-07-06 16:00:00+00:00,open,BTC-7JUL26-67000-C,buy,4.5,1e-04,-0.00045,4.689e-05,63400.5,-28.530224,2.9728494,142860.58,,,0
33,328,327,2026-07-07 08:00:00+00:00,close,BTC-7JUL26-64000-C,buy,4.5,0.0,-0.0,0.0,63067.0,-0.0,0.0,142860.58,expiry,,0
33,328,327,2026-07-07 08:00:00+00:00,close,BTC-7JUL26-67000-C,sell,4.5,0.0,0.0,0.0,63067.0,0.0,0.0,142860.58,expiry,,0
33,329,329,2026-07-08 16:00:00+00:00,open,BTC-9JUL26-62500-C,sell,4.7,0.0017,0.00799,0.000832558,61712.5,493.0829,51.37924,143302.28,,,0
33,329,329,2026-07-08 16:00:00+00:00,open,BTC-9JUL26-65000-C,buy,4.7,1e-04,-0.00047,4.8973998e-05,61712.5,-29.004875,3.0223079,143270.27,,,0
33,330,329,2026-07-09 08:00:00+00:00,close,BTC-9JUL26-62500-C,buy,4.7,0.0070854384,-0.03330156,0.001175,62946.0,-2096.2,73.96155,141100.1,expiry,,0
33,330,329,2026-07-09 08:00:00+00:00,close,BTC-9JUL26-65000-C,sell,4.7,0.0,0.0,0.0,62946.0,0.0,0.0,141100.1,expiry,,0
33,331,331,2026-07-10 17:30:00+00:00,open,BTC-11JUL26-63500-P,sell,4.4,0.0015,0.0066,0.00068772,63943.0,422.0238,43.97488,141478.14,,,0
33,331,331,2026-07-10 17:30:00+00:00,open,BTC-11JUL26-60500-P,buy,4.4,1e-04,-0.00044,4.5848e-05,63943.0,-28.13492,2.9316585,141447.08,,,0
33,332,331,2026-07-11 08:00:00+00:00,close,BTC-11JUL26-63500-P,buy,4.4,0.0,-0.0,0.0,64150.0,-0.0,0.0,141447.08,expiry,,0
33,332,331,2026-07-11 08:00:00+00:00,close,BTC-11JUL26-60500-P,sell,4.4,0.0,0.0,0.0,64150.0,0.0,0.0,141447.08,expiry,,0
33,333,333,2026-07-13 16:00:00+00:00,open,BTC-14JUL26-63000-C,sell,4.6,0.0023,0.0105800005,0.001102436,62550.0,661.779,68.957375,142039.9,,,0
33,333,333,2026-07-13 16:00:00+00:00,open,BTC-14JUL26-66000-C,buy,4.6,1e-04,-0.00045999998,4.7932e-05,62550.0,-28.772999,2.9981465,142008.12,,,0
33,334,333,2026-07-14 08:00:00+00:00,close,BTC-14JUL26-63000-C,buy,4.6,0.0,-0.0,0.0,62490.5,-0.0,0.0,142008.12,expiry,,0
33,334,333,2026-07-14 08:00:00+00:00,close,BTC-14JUL26-66000-C,sell,4.6,0.0,0.0,0.0,62490.5,0.0,0.0,142008.12,expiry,,0
33,335,335,2026-07-15 16:00:00+00:00,open,BTC-16JUL26-66000-C,sell,4.4,0.0015,0.0066,0.00068772,65370.0,431.44202,44.956257,142394.61,,,0
33,335,335,2026-07-15 16:00:00+00:00,open,BTC-16JUL26-69000-C,buy,4.4,0.0002,-0.00088,9.1696e-05,65370.0,-57.5256,5.9941673,142331.1,,,0
33,336,335,2026-07-16 08:00:00+00:00,close,BTC-16JUL26-66000-C,buy,4.4,0.0,-0.0,0.0,64210.0,-0.0,0.0,142331.1,expiry,,0
33,336,335,2026-07-16 08:00:00+00:00,close,BTC-16JUL26-69000-C,sell,4.4,0.0,0.0,0.0,64210.0,0.0,0.0,142331.1,expiry,,0
33,337,337,2026-07-17 16:05:00+00:00,open,BTC-18JUL26-64000-C,sell,4.5,0.001,0.0045000003,0.00046890002,63362.0,285.12903,29.710443,142586.52,,,0
33,337,337,2026-07-17 16:05:00+00:00,open,BTC-18JUL26-66500-C,buy,4.5,1e-04,-0.00045,4.689e-05,63362.0,-28.5129,2.971044,142555.03,,,0
33,338,337,2026-07-18 08:00:00+00:00,close,BTC-18JUL26-64000-C,buy,4.5,0.0,-0.0,0.0,63982.0,-0.0,0.0,142555.03,expiry,,0
33,338,337,2026-07-18 08:00:00+00:00,close,BTC-18JUL26-66500-C,sell,4.5,0.0,0.0,0.0,63982.0,0.0,0.0,142555.03,expiry,,0
33,339,339,2026-07-21 16:05:00+00:00,open,BTC-22JUL26-66000-P,sell,4.3,0.0018,0.00774,0.000806508,66713.0,516.3586,53.804565,143017.58,,,0
33,339,339,2026-07-21 16:05:00+00:00,open,BTC-22JUL26-63500-P,buy,4.3,1e-04,-0.00043,4.4806e-05,66713.0,-28.68659,2.9891427,142985.9,,,0
33,340,339,2026-07-22 08:00:00+00:00,close,BTC-22JUL26-66000-P,buy,4.3,0.0010237743,-0.0044022296,0.0004587123,65932.5,-290.25,30.24405,142665.42,expiry,,0
33,340,339,2026-07-22 08:00:00+00:00,close,BTC-22JUL26-63500-P,sell,4.3,0.0,0.0,0.0,65932.5,0.0,0.0,142665.42,expiry,,0
33,341,341,2026-07-23 16:00:00+00:00,open,BTC-24JUL26-65500-C,sell,4.4,0.0014,0.00616,0.000641872,64916.5,399.88562,41.668083,143023.62,,,0
33,341,341,2026-07-23 16:00:00+00:00,open,BTC-24JUL26-68000-C,buy,4.4,1e-04,-0.00044,4.5848e-05,64916.5,-28.56326,2.9762917,142992.1,,,0
33,342,341,2026-07-24 08:00:00+00:00,close,BTC-24JUL26-65500-C,buy,4.4,0.0,-0.0,0.0,65438.5,-0.0,0.0,142992.1,expiry,,0
33,342,341,2026-07-24 08:00:00+00:00,close,BTC-24JUL26-68000-C,sell,4.4,0.0,0.0,0.0,65438.5,0.0,0.0,142992.1,expiry,,0
33,343,343,2026-07-27 16:00:00+00:00,open,BTC-28JUL26-65000-C,sell,4.5,0.0021,0.00945,0.0009846899,64495.0,609.4777,63.50758,143538.06,,,0
33,343,343,2026-07-27 16:00:00+00:00,open,BTC-28JUL26-67500-C,buy,4.5,1e-04,-0.00045,4.689e-05,64495.0,-29.022749,3.0241704,143506.02,,,0
33,344,343,2026-07-28 08:00:00+00:00,close,BTC-28JUL26-65000-C,buy,4.5,0.0,-0.0,0.0,63407.0,-0.0,0.0,143506.02,expiry,,0
33,344,343,2026-07-28 08:00:00+00:00,close,BTC-28JUL26-67500-C,sell,4.5,0.0,0.0,0.0,63407.0,0.0,0.0,143506.02,expiry,,0
33,345,345,2026-07-29 16:00:00+00:00,open,BTC-30JUL26-64500-C,sell,4.5,0.0033,0.01485,0.001125,63932.5,949.39764,71.924065,144383.48,,,0
33,345,345,2026-07-29 16:00:00+00:00,open,BTC-30JUL26-68000-C,buy,4.5,0.0002,-0.0009,9.378e-05,63932.5,-57.53925,5.9955897,144319.95,,,0
33,346,345,2026-07-30 08:00:00+00:00,close,BTC-30JUL26-64500-C,buy,4.5,0.0,-0.0,0.0,63947.0,-0.0,0.0,144319.95,expiry,,0
33,346,345,2026-07-30 08:00:00+00:00,close,BTC-30JUL26-68000-C,sell,4.5,0.0,0.0,0.0,63947.0,0.0,0.0,144319.95,expiry,,0
33,347,347,2026-07-31 16:15:00+00:00,open,BTC-1AUG26-62500-P,sell,4.6,0.0021,0.00966,0.0010065719,62761.5,606.27606,63.173965,144863.06,,,0
33,347,347,2026-07-31 16:15:00+00:00,open,BTC-1AUG26-59000-P,buy,4.6,1e-04,-0.00045999998,4.7932e-05,62761.5,-28.870289,3.008284,144831.17,,,0
33,348,347,2026-08-01 08:00:00+00:00,close,BTC-1AUG26-62500-P,buy,4.6,0.0,-0.0,0.0,62824.5,-0.0,0.0,144831.17,expiry,,0
33,348,347,2026-08-01 08:00:00+00:00,close,BTC-1AUG26-59000-P,sell,4.6,0.0,0.0,0.0,62824.5,0.0,0.0,144831.17,expiry,,0
33,349,349,2026-08-04 16:40:00+00:00,open,BTC-5AUG26-63500-P,sell,4.6,0.0017,0.00782,0.00081484404,63922.0,499.87006,52.08646,145278.97,,,0
33,349,349,2026-08-04 16:40:00+00:00,open,BTC-5AUG26-61000-P,buy,4.6,1e-04,-0.00045999998,4.7932e-05,63922.0,-29.40412,3.0639093,145246.5,,,0
33,350,349,2026-08-05 08:00:00+00:00,close,BTC-5AUG26-63500-P,buy,4.6,0.0,-0.0,0.0,64148.0,-0.0,0.0,145246.5,expiry,,0
33,350,349,2026-08-05 08:00:00+00:00,close,BTC-5AUG26-61000-P,sell,4.6,0.0,0.0,0.0,64148.0,0.0,0.0,145246.5,expiry,,0
33,351,351,2026-08-06 16:00:00+00:00,open,BTC-7AUG26-65000-C,sell,4.5,0.0017,0.00765,0.00079713,64562.5,493.90314,51.464706,145688.94,,,0
33,351,351,2026-08-06 16:00:00+00:00,open,BTC-7AUG26-68000-C,buy,4.5,1e-04,-0.00045,4.689e-05,64562.5,-29.053123,3.0273356,145656.86,,,0
33,352,351,2026-08-07 08:00:00+00:00,close,BTC-7AUG26-65000-C,buy,4.5,0.0,-0.0,0.0,64253.5,-0.0,0.0,145656.86,expiry,,0
33,352,351,2026-08-07 08:00:00+00:00,close,BTC-7AUG26-68000-C,sell,4.5,0.0,0.0,0.0,64253.5,0.0,0.0,145656.86,expiry,,0
33,353,353,2026-08-07 17:50:00+00:00,open,BTC-8AUG26-64500-P,sell,4.5,0.0017,0.00765,0.00079713,64689.0,494.87085,51.565544,146100.16,,,0
33,353,353,2026-08-07 17:50:00+00:00,open,BTC-8AUG26-62000-P,buy,4.5,1e-04,-0.00045,4.689e-05,64689.0,-29.11005,3.033267,146068.02,,,0
33,354,353,2026-08-08 08:00:00+00:00,close,BTC-8AUG26-64500-P,buy,4.5,0.0,-0.0,0.0,64921.5,-0.0,0.0,146068.02,expiry,,0
33,354,353,2026-08-08 08:00:00+00:00,close,BTC-8AUG26-62000-P,sell,4.5,0.0,0.0,0.0,64921.5,0.0,0.0,146068.02,expiry,,0
33,355,355,2026-08-10 16:55:00+00:00,open,BTC-11AUG26-63500-P,sell,4.6,0.0024,0.01104,0.00115,63775.5,704.08154,73.34183,146698.75,,,0
33,355,355,2026-08-10 16:55:00+00:00,open,BTC-11AUG26-61000-P,buy,4.6,0.0002,-0.00091999996,9.5864e-05,63775.5,-58.67346,6.1137743,146633.97,,,0
33,356,355,2026-08-11 08:00:00+00:00,close,BTC-11AUG26-63500-P,buy,4.6,0.0,-0.0,0.0,64029.5,-0.0,0.0,146633.97,expiry,,0
33,356,355,2026-08-11 08:00:00+00:00,close,BTC-11AUG26-61000-P,sell,4.6,0.0,0.0,0.0,64029.5,0.0,0.0,146633.97,expiry,,0
33,357,357,2026-08-12 16:00:00+00:00,open,BTC-13AUG26-63000-P,sell,4.7,0.0015,0.00705,0.00073461,63438.5,447.24142,46.60256,147034.61,,,0
33,357,357,2026-08-12 16:00:00+00:00,open,BTC-13AUG26-60000-P,buy,4.7,1e-04,-0.00047,4.8973998e-05,63438.5,-29.816093,3.106837,147001.69,,,0
33,358,357,2026-08-13 08:00:00+00:00,close,BTC-13AUG26-63000-P,buy,4.7,0.0,-0.0,0.0,63380.5,-0.0,0.0,147001.69,expiry,,0
33,358,357,2026-08-13 08:00:00+00:00,close,BTC-13AUG26-60000-P,sell,4.7,0.0,0.0,0.0,63380.5,0.0,0.0,147001.69,expiry,,0
33,359,359,2026-08-13 16:40:00+00:00,open,BTC-14AUG26-62500-P,sell,4.7,0.0016,0.00752,0.00078358396,62976.5,473.58328,49.347378,147425.92,,,0
33,359,359,2026-08-13 16:40:00+00:00,open,BTC-14AUG26-60000-P,buy,4.7,1e-04,-0.00047,4.8973998e-05,62976.5,-29.598955,3.084211,147393.23,,,0
33,360,359,2026-08-14 08:00:00+00:00,close,BTC-14AUG26-62500-P,buy,4.7,0.0,-0.0,0.0,62855.5,-0.0,0.0,147393.23,expiry,,0
33,360,359,2026-08-14 08:00:00+00:00,close,BTC-14AUG26-60000-P,sell,4.7,0.0,0.0,0.0,62855.5,0.0,0.0,147393.23,expiry,,0
33,361,361,2026-08-19 16:00:00+00:00,open,BTC-20AUG26-68000-P,sell,4.3,0.004,0.0172,0.001075,68568.0,1179.3696,73.7106,148498.89,,,0
33,361,361,2026-08-19 16:00:00+00:00,open,BTC-20AUG26-63000-P,buy,4.3,0.0004,-0.00172,0.000179224,68568.0,-117.93696,12.289031,148368.67,,,0
33,362,361,2026-08-20 08:00:00+00:00,close,BTC-20AUG26-68000-P,buy,4.3,0.0,-0.0,0.0,69763.0,-0.0,0.0,148368.67,expiry,,0
33,362,361,2026-08-20 08:00:00+00:00,close,BTC-20AUG26-63000-P,sell,4.3,0.0,0.0,0.0,69763.0,0.0,0.0,148368.67,expiry,,0
33,363,363,2026-08-20 16:00:00+00:00,open,BTC-21AUG26-71500-P,sell,4.1,0.0028,0.01148,0.001025,72328.0,830.32544,74.1362,149124.86,,,0
33,363,363,2026-08-20 16:00:00+00:00,open,BTC-21AUG26-67500-P,buy,4.1,1e-04,-0.00040999998,4.2722e-05,72328.0,-29.65448,3.0899968,149092.11,,,0
33,364,363,2026-08-21 08:00:00+00:00,close,BTC-21AUG26-71500-P,buy,4.1,0.0,-0.0,0.0,76342.5,-0.0,0.0,149092.11,expiry,,0
33,364,363,2026-08-21 08:00:00+00:00,close,BTC-21AUG26-67500-P,sell,4.1,0.0,0.0,0.0,76342.5,0.0,0.0,149092.11,expiry,,0
