date,nav_open,nav_high,nav_low,nav_close,return_pct,drawdown_pct
2025-06-26,100000.0,100000.0,99612.3828125,99856.3125,-0.1437,-0.3876
2025-06-27,99856.3125,100215.7734375,99855.546875,100215.7734375,0.2158,-0.3595
2025-06-28,100215.7734375,100215.7734375,100215.7734375,100215.7734375,0.2158,-0.0
2025-06-29,100215.7734375,100215.7734375,100215.7734375,100215.7734375,0.2158,-0.0
2025-06-30,100215.7734375,100215.7734375,100215.7734375,100215.7734375,0.2158,-0.0
2025-07-01,100215.7734375,100215.7734375,99828.3125,100070.6796875,0.0707,-0.3866
2025-07-02,100070.6796875,100432.140625,100031.8203125,100395.6875,0.3957,-0.3986
2025-07-03,100395.6875,100946.8515625,100394.9921875,100946.7578125,0.9468,-0.5467
2025-07-04,100946.7578125,101187.96875,100946.6171875,101187.96875,1.188,-0.2385
2025-07-05,101187.96875,101187.96875,101187.96875,101187.96875,1.188,-0.0
2025-07-06,101187.96875,101187.96875,101187.96875,101187.96875,1.188,-0.0
2025-07-07,101187.96875,101187.96875,101187.96875,101187.96875,1.188,-0.0
2025-07-08,101187.96875,101187.96875,100917.9375,101040.09375,1.0401,-0.2669
2025-07-09,101040.09375,101406.2265625,101040.0703125,101406.2265625,1.4062,-0.3611
2025-07-10,101406.2265625,101406.2265625,101406.2265625,101406.2265625,1.4062,-0.0
2025-07-11,101406.2265625,101406.2265625,101406.2265625,101406.2265625,1.4062,-0.0
2025-07-12,101406.2265625,101406.2265625,101406.2265625,101406.2265625,1.4062,-0.0
2025-07-13,101406.2265625,101406.2265625,101406.2265625,101406.2265625,1.4062,-0.0
2025-07-14,101406.2265625,101406.2265625,100868.7109375,100993.2734375,0.9933,-0.5301
2025-07-15,100993.2734375,101840.671875,99606.4296875,101840.671875,1.8407,-2.1939
2025-07-16,101840.671875,101840.671875,101199.6484375,101441.7578125,1.4418,-0.6294
2025-07-17,101441.7578125,102168.2734375,101324.640625,102168.2734375,2.1683,-0.8257
2025-07-18,102168.2734375,102168.2734375,102168.2734375,102168.2734375,2.1683,-0.0
2025-07-19,102168.2734375,102168.2734375,102168.2734375,102168.2734375,2.1683,-0.0
2025-07-20,102168.2734375,102168.2734375,102168.2734375,102168.2734375,2.1683,-0.0
2025-07-21,102168.2734375,102168.2734375,102168.2734375,102168.2734375,2.1683,-0.0
2025-07-22,102168.2734375,102168.2734375,102168.2734375,102168.2734375,2.1683,-0.0
2025-07-23,102168.2734375,102168.2734375,101647.3671875,101885.2421875,1.8852,-0.5099
2025-07-24,101885.2421875,102496.171875,101883.4453125,102191.6171875,2.1916,-0.5978
2025-07-25,102191.6171875,103044.9609375,99481.3828125,103044.9609375,3.045,-3.4583
2025-07-26,103044.9609375,103044.9609375,103044.9609375,103044.9609375,3.045,-0.0
2025-07-27,103044.9609375,103044.9609375,103044.9609375,103044.9609375,3.045,-0.0
2025-07-28,103044.9609375,103044.9609375,103044.9609375,103044.9609375,3.045,-0.0
2025-07-29,103044.9609375,103044.9609375,103044.9609375,103044.9609375,3.045,-0.0
2025-07-30,103044.9609375,103044.9609375,103044.9609375,103044.9609375,3.045,-0.0
2025-07-31,103044.9609375,103044.9609375,103044.9609375,103044.9609375,3.045,-0.0
2025-08-01,103044.9609375,103044.9609375,103044.9609375,103044.9609375,3.045,-0.0
2025-08-02,103044.9609375,103044.9609375,103044.9609375,103044.9609375,3.045,-0.0
2025-08-03,103044.9609375,103044.9609375,103044.9609375,103044.9609375,3.045,-0.0
2025-08-04,103044.9609375,103044.9609375,103044.9609375,103044.9609375,3.045,-0.0
2025-08-05,103044.9609375,103044.9609375,103044.9609375,103044.9609375,3.045,-0.0
2025-08-06,103044.9609375,103044.9609375,103044.9609375,103044.9609375,3.045,-0.0
2025-08-07,103044.9609375,103216.265625,102720.9609375,103214.8046875,3.2148,-0.4799
2025-08-08,103214.8046875,103708.3203125,103214.03125,103708.3203125,3.7083,-0.4766
2025-08-09,103708.3203125,103708.3203125,103708.3203125,103708.3203125,3.7083,-0.0
2025-08-10,103708.3203125,103708.3203125,103708.3203125,103708.3203125,3.7083,-0.0
2025-08-11,103708.3203125,103708.3203125,103708.3203125,103708.3203125,3.7083,-0.0
2025-08-12,103708.3203125,103708.3203125,103056.4375,103181.046875,3.181,-0.6286
2025-08-13,103181.046875,103931.1953125,103056.71875,103931.1953125,3.9312,-0.8414
2025-08-14,103931.1953125,103931.1953125,103931.1953125,103931.1953125,3.9312,-0.0
2025-08-15,103931.1953125,103931.1953125,103931.1953125,103931.1953125,3.9312,-0.0
2025-08-16,103931.1953125,103931.1953125,103931.1953125,103931.1953125,3.9312,-0.0
2025-08-17,103931.1953125,103931.1953125,103931.1953125,103931.1953125,3.9312,-0.0
2025-08-18,103931.1953125,103931.1953125,103528.390625,103780.96875,3.781,-0.3876
2025-08-19,103780.96875,104154.296875,103294.8984375,103727.15625,3.7272,-0.8251
2025-08-20,103727.15625,104603.6640625,103724.5234375,104326.375,4.3264,-0.8404
2025-08-21,104326.375,104829.125,104326.5,104538.234375,4.5382,-0.4795
2025-08-22,104538.234375,105167.8125,104537.734375,105167.8125,5.1678,-0.5991
2025-08-23,105167.8125,105167.8125,105167.8125,105167.8125,5.1678,-0.0
2025-08-24,105167.8125,105167.8125,105167.8125,105167.8125,5.1678,-0.0
2025-08-25,105167.8125,105167.8125,105167.8125,105167.8125,5.1678,-0.0
2025-08-26,105167.8125,105167.8125,104871.2265625,105000.1640625,5.0002,-0.282
2025-08-27,105000.1640625,105505.71875,105000.546875,105505.71875,5.5057,-0.4788
2025-08-28,105505.71875,105505.71875,105060.5390625,105181.5390625,5.1815,-0.4219
2025-08-29,105181.5390625,106072.03125,105182.3125,106072.03125,6.072,-0.8388
2025-08-30,106072.03125,106072.03125,106072.03125,106072.03125,6.072,-0.0
2025-08-31,106072.03125,106072.03125,106072.03125,106072.03125,6.072,-0.0
2025-09-01,106072.03125,106072.03125,105031.5390625,105527.5625,5.5276,-0.9809
2025-09-02,105527.5625,106400.875,105128.0546875,106400.7265625,6.4007,-1.1962
2025-09-03,106400.7265625,106528.6171875,106271.7578125,106528.6171875,6.5286,-0.2411
2025-09-04,106528.6171875,106528.6171875,105834.9140625,106100.703125,6.1007,-0.6512
2025-09-05,106100.703125,106871.3984375,106100.4296875,106871.3984375,6.8714,-0.7214
2025-09-06,106871.3984375,106871.3984375,106871.3984375,106871.3984375,6.8714,-0.0
2025-09-07,106871.3984375,106871.3984375,106871.3984375,106871.3984375,6.8714,-0.0
2025-09-08,106871.3984375,106871.3984375,106871.3984375,106871.3984375,6.8714,-0.0
2025-09-09,106871.3984375,106871.3984375,106871.3984375,106871.3984375,6.8714,-0.0
2025-09-10,106871.3984375,106871.3984375,106871.3984375,106871.3984375,6.8714,-0.0
2025-09-11,106871.3984375,106871.3984375,106574.75,106574.75,6.5748,-0.2776
2025-09-12,106574.75,107215.8359375,106441.1953125,107215.8359375,7.2158,-0.7225
2025-09-13,107215.8359375,107215.8359375,107215.8359375,107215.8359375,7.2158,-0.0
2025-09-14,107215.8359375,107215.8359375,107215.8359375,107215.8359375,7.2158,-0.0
2025-09-15,107215.8359375,107215.8359375,107215.8359375,107215.8359375,7.2158,-0.0
2025-09-16,107215.8359375,107419.6328125,106775.8984375,107419.6328125,7.4196,-0.5993
2025-09-17,107419.6328125,107676.53125,107419.5078125,107676.53125,7.6765,-0.2387
2025-09-18,107676.53125,107676.53125,107261.578125,107650.4609375,7.6505,-0.3854
2025-09-19,107650.4609375,107908.203125,107649.7890625,107908.203125,7.9082,-0.2395
2025-09-20,107908.203125,107908.203125,107908.203125,107908.203125,7.9082,-0.0
2025-09-21,107908.203125,107908.203125,107908.203125,107908.203125,7.9082,-0.0
2025-09-22,107908.203125,107908.203125,107908.203125,107908.203125,7.9082,-0.0
2025-09-23,107908.203125,107908.203125,107908.203125,107908.203125,7.9082,-0.0
2025-09-24,107908.203125,107908.203125,107908.203125,107908.203125,7.9082,-0.0
2025-09-25,107908.203125,107908.203125,107336.6328125,107471.0078125,7.471,-0.5297
2025-09-26,107471.0078125,108371.0546875,107465.984375,108371.0546875,8.3711,-0.8352
2025-09-27,108371.0546875,108371.0546875,108371.0546875,108371.0546875,8.3711,-0.0
2025-09-28,108371.0546875,108371.0546875,108371.0546875,108371.0546875,8.3711,-0.0
2025-09-29,108371.0546875,108371.0546875,108371.0546875,108371.0546875,8.3711,-0.0
2025-09-30,108371.0546875,108371.0546875,108371.0546875,108371.0546875,8.3711,-0.0
2025-10-01,108371.0546875,108371.0546875,108080.4453125,108341.453125,8.3415,-0.2682
2025-10-02,108341.453125,108604.53125,107413.453125,108315.9296875,8.3159,-1.0967
2025-10-03,108315.9296875,108837.21875,108316.578125,108837.21875,8.8372,-0.4784
2025-10-04,108837.21875,108837.21875,108837.21875,108837.21875,8.8372,-0.0
2025-10-05,108837.21875,108837.21875,108837.21875,108837.21875,8.8372,-0.0
2025-10-06,108837.21875,108837.21875,108405.4453125,108538.3984375,8.5384,-0.3967
2025-10-07,108538.3984375,109187.28125,108537.7734375,109187.28125,9.1873,-0.5949
2025-10-08,109187.28125,109187.28125,108897.6796875,108898.390625,8.8984,-0.2652
2025-10-09,108898.390625,109467.7109375,108816.4609375,109467.03125,9.467,-0.5949
2025-10-10,109467.03125,110124.3203125,109334.734375,110124.3203125,10.1243,-0.717
2025-10-11,110124.3203125,110124.3203125,110124.3203125,110124.3203125,10.1243,-0.0
2025-10-12,110124.3203125,110124.3203125,110124.3203125,110124.3203125,10.1243,-0.0
2025-10-13,110124.3203125,110124.3203125,109652.8828125,109785.7109375,9.7857,-0.4281
2025-10-14,109785.7109375,110418.5703125,106897.75,108680.03125,8.68,-3.1886
2025-10-15,108680.03125,110006.3203125,108680.8046875,110006.3203125,10.0063,-1.5738
2025-10-16,110006.3203125,110648.65625,109908.234375,110648.4453125,10.6484,-0.6692
2025-10-17,110648.4453125,111383.5859375,110648.2421875,111383.5859375,11.3836,-0.6602
2025-10-18,111383.5859375,111383.5859375,111383.5859375,111383.5859375,11.3836,-0.0
2025-10-19,111383.5859375,111383.5859375,111383.5859375,111383.5859375,11.3836,-0.0
2025-10-20,111383.5859375,111383.5859375,110922.4140625,111060.4609375,11.0605,-0.414
2025-10-21,111060.4609375,111863.5859375,108735.6484375,111863.5859375,11.8636,-2.7962
2025-10-22,111863.5859375,111921.65625,110966.828125,111921.65625,11.9217,-0.8531
2025-10-23,111921.65625,112771.546875,111778.5078125,112771.2265625,12.7712,-0.8806
2025-10-24,112771.2265625,113472.4140625,112570.6640625,113472.4140625,13.4724,-0.7947
2025-10-25,113472.4140625,113472.4140625,113472.4140625,113472.4140625,13.4724,-0.0
2025-10-26,113472.4140625,113472.4140625,113472.4140625,113472.4140625,13.4724,-0.0
2025-10-27,113472.4140625,113472.4140625,112898.140625,113309.59375,13.3096,-0.5061
2025-10-28,113309.59375,113717.25,113173.796875,113717.25,13.7172,-0.4779
2025-10-29,113717.25,113717.25,111643.625,111774.9140625,11.7749,-1.8235
2025-10-30,111774.9140625,114427.6171875,107949.2109375,114425.34375,14.4253,-5.6616
2025-10-31,114425.34375,115152.09375,113609.7265625,115152.09375,15.1521,-1.3394
2025-11-01,115152.09375,115152.09375,115152.09375,115152.09375,15.1521,-0.0
2025-11-02,115152.09375,115152.09375,115152.09375,115152.09375,15.1521,-0.0
2025-11-03,115152.09375,115152.09375,114148.0078125,114796.234375,14.7962,-0.872
2025-11-04,114796.234375,115975.8046875,111616.671875,115975.8046875,15.9758,-3.7587
2025-11-05,115975.8046875,115975.8046875,115222.3515625,115777.5078125,15.7775,-0.6497
2025-11-06,115777.5078125,116473.5,115500.3671875,116374.6171875,16.3746,-0.8355
2025-11-07,116374.6171875,117306.46875,116185.2890625,117306.46875,17.3065,-0.9558
2025-11-08,117306.46875,117306.46875,117306.46875,117306.46875,17.3065,-0.0
2025-11-09,117306.46875,117306.46875,117306.46875,117306.46875,17.3065,-0.0
2025-11-10,117306.46875,117306.46875,116410.3125,117247.171875,17.2472,-0.7639
2025-11-11,117247.171875,117862.6328125,117107.4296875,117721.3828125,17.7214,-0.6407
2025-11-12,117721.3828125,118568.3984375,117484.7421875,118055.0234375,18.055,-0.914
2025-11-13,118055.0234375,119334.7890625,118054.1328125,119334.7890625,19.3348,-1.0732
2025-11-14,119334.7890625,119334.7890625,119334.7890625,119334.7890625,19.3348,-0.0
2025-11-15,119334.7890625,119334.7890625,119334.7890625,119334.7890625,19.3348,-0.0
2025-11-16,119334.7890625,119334.7890625,119334.7890625,119334.7890625,19.3348,-0.0
2025-11-17,119334.7890625,119334.7890625,119334.7890625,119334.7890625,19.3348,-0.0
2025-11-18,119334.7890625,119425.875,118762.2734375,119425.875,19.4259,-0.5557
2025-11-19,119425.875,120190.5859375,116112.1640625,119595.7578125,19.5958,-3.3933
2025-11-20,119595.7578125,121050.0234375,117316.7265625,119706.3359375,19.7063,-3.0841
2025-11-21,119706.3359375,121793.21875,116903.90625,121793.21875,21.7932,-4.0144
2025-11-22,121793.21875,121793.21875,121793.21875,121793.21875,21.7932,-0.0
2025-11-23,121793.21875,121793.21875,121793.21875,121793.21875,21.7932,-0.0
2025-11-24,121793.21875,121793.21875,121130.953125,121138.6484375,21.1386,-0.5438
2025-11-25,121138.6484375,122449.328125,120851.34375,122064.328125,22.0643,-1.305
2025-11-26,122064.328125,123238.078125,122064.4765625,122909.609375,22.9096,-0.9523
2025-11-27,122909.609375,123503.2890625,122750.03125,123146.65625,23.1467,-0.6099
2025-11-28,123146.65625,124033.890625,123146.2890625,124033.890625,24.0339,-0.7156
2025-11-29,124033.890625,124033.890625,124033.890625,124033.890625,24.0339,-0.0
2025-11-30,124033.890625,124033.890625,124033.890625,124033.890625,24.0339,-0.0
2025-12-01,124033.890625,124033.890625,123105.8359375,123985.125,23.9851,-0.7482
2025-12-02,123985.125,124917.1484375,123726.9453125,124836.2265625,24.8362,-0.9528
2025-12-03,124836.2265625,125590.078125,122180.421875,125219.6875,25.2197,-2.7149
2025-12-04,125219.6875,126129.640625,125221.6328125,125887.1015625,25.8871,-0.7199
2025-12-05,125887.1015625,126944.9609375,125885.59375,126944.9609375,26.945,-0.8345
2025-12-06,126944.9609375,126944.9609375,126944.9609375,126944.9609375,26.945,-0.0
2025-12-07,126944.9609375,126944.9609375,126944.9609375,126944.9609375,26.945,-0.0
2025-12-08,126944.9609375,126944.9609375,126417.6640625,126729.8671875,26.7299,-0.4154
2025-12-09,126729.8671875,127491.1015625,126729.9609375,127275.5,27.2755,-0.597
2025-12-10,127275.5,128040.390625,127125.1640625,128040.390625,28.0404,-0.7148
2025-12-11,128040.390625,128040.390625,128040.390625,128040.390625,28.0404,-0.0
2025-12-12,128040.390625,128040.390625,128040.390625,128040.390625,28.0404,-0.0
2025-12-13,128040.390625,128040.390625,128040.390625,128040.390625,28.0404,-0.0
2025-12-14,128040.390625,128040.390625,128040.390625,128040.390625,28.0404,-0.0
2025-12-15,128040.390625,128040.390625,127546.2109375,127700.015625,27.7,-0.386
2025-12-16,127700.015625,128315.328125,127549.9921875,128249.015625,28.249,-0.5964
2025-12-17,128249.015625,128867.34375,128203.890625,128203.9296875,28.2039,-0.5148
2025-12-18,128203.9296875,129282.078125,128197.5703125,129282.078125,29.2821,-0.8389
2025-12-19,129282.078125,129282.078125,129282.078125,129282.078125,29.2821,-0.0
2025-12-20,129282.078125,129282.078125,129282.078125,129282.078125,29.2821,-0.0
2025-12-21,129282.078125,129282.078125,129282.078125,129282.078125,29.2821,-0.0
2025-12-22,129282.078125,129282.078125,128624.671875,128781.4921875,28.7815,-0.5085
2025-12-23,128781.4921875,129560.2890625,128781.453125,129513.328125,29.5133,-0.6011
2025-12-24,129513.328125,129977.34375,129475.828125,129944.4375,29.9444,-0.3858
2025-12-25,129944.4375,130449.328125,129701.4296875,130155.1171875,30.1551,-0.5733
2025-12-26,130155.1171875,131187.265625,129863.1171875,131187.265625,31.1873,-1.0094
2025-12-27,131187.265625,131187.265625,131187.265625,131187.265625,31.1873,-0.0
2025-12-28,131187.265625,131187.265625,131187.265625,131187.265625,31.1873,-0.0
2025-12-29,131187.265625,131187.265625,130680.3984375,130996.703125,30.9967,-0.3864
2025-12-30,130996.703125,131469.921875,130838.3515625,131469.921875,31.4699,-0.4804
2025-12-31,131469.921875,131545.8125,130914.9453125,131545.8125,31.5458,-0.4796
2026-01-01,131545.8125,132175.890625,131507.375,131507.375,31.5074,-0.5058
2026-01-02,131507.375,132460.3125,131507.21875,132460.3125,32.4603,-0.7195
2026-01-03,132460.3125,132460.3125,132460.3125,132460.3125,32.4603,-0.0
2026-01-04,132460.3125,132460.3125,132460.3125,132460.3125,32.4603,-0.0
2026-01-05,132460.3125,132460.3125,132460.3125,132460.3125,32.4603,-0.0
2026-01-06,132460.3125,132460.3125,132460.3125,132460.3125,32.4603,-0.0
2026-01-07,132460.3125,132460.3125,131948.875,132266.03125,32.266,-0.3861
2026-01-08,132266.03125,132745.25,132105.90625,132553.328125,32.5533,-0.4816
2026-01-09,132553.328125,133031.203125,132553.140625,133031.203125,33.0312,-0.3594
2026-01-10,133031.203125,133031.203125,133031.203125,133031.203125,33.0312,-0.0
2026-01-11,133031.203125,133031.203125,133031.203125,133031.203125,33.0312,-0.0
2026-01-12,133031.203125,133031.203125,132344.34375,132663.28125,32.6633,-0.5163
2026-01-13,132663.28125,133460.96875,131963.984375,133250.625,33.2506,-1.1217
2026-01-14,133250.625,133891.390625,133249.421875,133518.78125,33.5188,-0.4795
2026-01-15,133518.78125,134324.0625,133519.640625,133933.25,33.9333,-0.5989
2026-01-16,133933.25,134902.46875,133770.09375,134902.46875,34.9025,-0.8394
2026-01-17,134902.46875,134902.46875,134902.46875,134902.46875,34.9025,-0.0
2026-01-18,134902.46875,134902.46875,134902.46875,134902.46875,34.9025,-0.0
2026-01-19,134902.46875,134902.46875,134028.34375,134510.375,34.5104,-0.648
2026-01-20,134510.375,135482.25,131077.296875,133462.03125,33.462,-3.2513
2026-01-21,133462.03125,136357.15625,133305.515625,136000.34375,36.0003,-2.238
2026-01-22,136000.34375,136651.125,136000.0,136647.109375,36.6471,-0.4765
2026-01-23,136647.109375,137629.3125,136647.046875,137629.3125,37.6293,-0.7137
2026-01-24,137629.3125,137629.3125,137629.3125,137629.3125,37.6293,-0.0
2026-01-25,137629.3125,137629.3125,137629.3125,137629.3125,37.6293,-0.0
2026-01-26,137629.3125,137629.3125,137079.40625,137406.0625,37.4061,-0.3996
2026-01-27,137406.0625,138073.703125,137406.3125,137873.453125,37.8735,-0.4834
2026-01-28,137873.453125,138370.9375,137872.640625,138171.0,38.171,-0.3601
2026-01-29,138171.0,138668.53125,138062.21875,138550.421875,38.5504,-0.4372
2026-01-30,138550.421875,139661.75,124805.5703125,139661.75,39.6618,-10.6373
2026-01-31,139661.75,139661.75,139661.75,139661.75,39.6618,-0.0
2026-02-01,139661.75,139661.75,139661.75,139661.75,39.6618,-0.0
2026-02-02,139661.75,139985.21875,139210.984375,139985.015625,39.985,-0.5531
2026-02-03,139985.015625,140660.71875,139982.734375,140660.71875,40.6607,-0.482
2026-02-04,140660.71875,140660.71875,140660.71875,140660.71875,40.6607,-0.0
2026-02-05,140660.71875,140660.71875,140660.71875,140660.71875,40.6607,-0.0
2026-02-06,140660.71875,140660.71875,140660.71875,140660.71875,40.6607,-0.0
2026-02-07,140660.71875,140660.71875,140660.71875,140660.71875,40.6607,-0.0
2026-02-08,140660.71875,140660.71875,140660.71875,140660.71875,40.6607,-0.0
2026-02-09,140660.71875,140660.71875,138649.3125,139915.734375,39.9157,-1.43
2026-02-10,139915.734375,141832.671875,139133.796875,141831.5625,41.8316,-1.9029
2026-02-11,141831.5625,142681.921875,140751.46875,141221.703125,41.2217,-1.353
2026-02-12,141221.703125,143835.328125,141218.6875,143691.421875,43.6914,-1.8192
2026-02-13,143691.421875,144629.75,143552.0,144629.75,44.6298,-0.7452
2026-02-14,144629.75,144629.75,144629.75,144629.75,44.6298,-0.0
2026-02-15,144629.75,144629.75,144629.75,144629.75,44.6298,-0.0
2026-02-16,144629.75,144629.75,143721.90625,143894.6875,43.8947,-0.6277
2026-02-17,143894.6875,144940.171875,143893.875,144540.515625,44.5405,-0.7219
2026-02-18,144540.515625,145517.640625,144199.90625,145517.296875,45.5173,-0.9055
2026-02-19,145517.296875,146452.78125,144985.171875,145854.34375,45.8543,-1.0021
2026-02-20,145854.34375,147081.984375,145853.8125,147081.984375,47.082,-0.835
2026-02-21,147081.984375,147081.984375,147081.984375,147081.984375,47.082,-0.0
2026-02-22,147081.984375,147081.984375,147081.984375,147081.984375,47.082,-0.0
2026-02-23,147081.984375,147081.984375,146655.953125,147058.0,47.058,-0.2897
2026-02-24,147058.0,148136.953125,146030.1875,147545.953125,47.546,-1.4222
2026-02-25,147545.953125,149196.453125,139457.90625,149196.453125,49.1965,-6.5273
2026-02-26,149196.453125,149196.453125,148327.78125,148919.546875,48.9195,-0.5822
2026-02-27,148919.546875,150268.0625,148920.28125,150268.0625,50.2681,-0.8969
2026-02-28,150268.0625,150268.0625,150268.0625,150268.0625,50.2681,-0.0
2026-03-01,150268.0625,150268.0625,150268.0625,150268.0625,50.2681,-0.0
2026-03-02,150268.0625,150268.0625,149238.71875,149421.109375,49.4211,-0.685
2026-03-03,149421.109375,151343.34375,149240.171875,151213.265625,51.2133,-1.3897
2026-03-04,151213.265625,152429.78125,151207.03125,152095.140625,52.0951,-0.8022
2026-03-05,152095.140625,153666.015625,152093.734375,153400.765625,53.4008,-1.0232
2026-03-06,153400.765625,154618.890625,153400.421875,154618.890625,54.6189,-0.788
2026-03-07,154618.890625,154618.890625,154618.890625,154618.890625,54.6189,-0.0
2026-03-08,154618.890625,154618.890625,154618.890625,154618.890625,54.6189,-0.0
2026-03-09,154618.890625,154618.890625,153961.375,154151.28125,54.1513,-0.4252
2026-03-10,154151.28125,156014.640625,153199.875,155876.421875,55.8764,-1.8042
2026-03-11,155876.421875,156845.46875,155877.328125,156186.921875,56.1869,-0.6173
2026-03-12,156186.921875,157970.1875,154624.53125,157871.375,57.8714,-2.1179
2026-03-13,157871.375,158819.453125,153984.703125,158819.453125,58.8195,-3.0442
2026-03-14,158819.453125,158819.453125,158819.453125,158819.453125,58.8195,-0.0
2026-03-15,158819.453125,158819.453125,158819.453125,158819.453125,58.8195,-0.0
2026-03-16,158819.453125,158819.453125,156813.5,157816.234375,57.8162,-1.263
2026-03-17,157816.234375,159958.6875,152568.078125,159109.046875,59.109,-4.6203
2026-03-18,159109.046875,161609.328125,158576.453125,161609.328125,61.6093,-1.8767
2026-03-19,161609.328125,162253.75,161302.34375,161800.21875,61.8002,-0.5864
2026-03-20,161800.21875,163415.890625,161639.703125,163415.890625,63.4159,-1.0869
2026-03-21,163415.890625,163415.890625,163415.890625,163415.890625,63.4159,-0.0
2026-03-22,163415.890625,163415.890625,163415.890625,163415.890625,63.4159,-0.0
2026-03-23,163415.890625,163604.5625,162291.859375,163602.515625,63.6025,-0.8024
2026-03-24,163602.515625,164584.5625,161906.265625,162919.125,62.9191,-1.6273
2026-03-25,162919.125,165762.234375,162065.1875,165473.015625,65.473,-2.2303
2026-03-26,165473.015625,166628.578125,165129.0,166628.578125,66.6286,-0.9
2026-03-27,166628.578125,167668.359375,166477.890625,167668.359375,67.6684,-0.71
2026-03-28,167668.359375,167668.359375,167668.359375,167668.359375,67.6684,-0.0
2026-03-29,167668.359375,167668.359375,167668.359375,167668.359375,67.6684,-0.0
2026-03-30,167668.359375,167668.359375,166131.6875,167134.28125,67.1343,-0.9165
2026-03-31,167134.28125,168990.25,160073.640625,168990.25,68.9903,-5.2764
2026-04-01,168990.25,169988.40625,168798.5,169988.40625,69.9884,-0.7
2026-04-02,169988.40625,171180.296875,168692.953125,171115.890625,71.1159,-1.4531
2026-04-03,171115.890625,171732.078125,170703.859375,171732.078125,71.7321,-0.5987
2026-04-04,171732.078125,171732.078125,171732.078125,171732.078125,71.7321,-0.0
2026-04-05,171732.078125,171732.078125,171732.078125,171732.078125,71.7321,-0.0
2026-04-06,171732.078125,171732.078125,168628.46875,170640.421875,70.6404,-1.8072
2026-04-07,170640.421875,172469.3125,170249.0,172469.3125,72.4693,-1.2874
2026-04-08,172469.3125,172592.0625,171759.328125,172591.796875,72.5918,-0.4825
2026-04-09,172591.796875,173210.46875,172088.0625,172512.984375,72.513,-0.648
2026-04-10,172512.984375,173955.28125,172310.46875,173955.28125,73.9553,-0.9455
2026-04-11,173955.28125,173955.28125,173955.28125,173955.28125,73.9553,-0.0
2026-04-12,173955.28125,173955.28125,173955.28125,173955.28125,73.9553,-0.0
2026-04-13,173955.28125,173955.28125,169773.96875,172125.71875,72.1257,-2.4037
2026-04-14,172125.71875,174889.46875,172554.59375,174614.9375,74.6149,-1.3351
2026-04-15,174614.9375,175452.53125,174190.96875,175175.203125,75.1752,-0.719
2026-04-16,175175.203125,176019.296875,175105.671875,175528.75,75.5287,-0.519
2026-04-17,175528.75,176587.3125,175315.484375,176587.3125,76.5873,-0.7202
2026-04-18,176587.3125,176587.3125,176587.3125,176587.3125,76.5873,-0.0
2026-04-19,176587.3125,176587.3125,176587.3125,176587.3125,76.5873,-0.0
2026-04-20,176587.3125,176587.3125,174856.46875,175912.09375,75.9121,-0.9802
2026-04-21,175912.09375,176967.015625,175910.953125,176654.953125,76.655,-0.5968
2026-04-22,176654.953125,177290.03125,167393.84375,176820.0625,76.8201,-5.5819
2026-04-23,176820.0625,178083.3125,176607.546875,177744.875,77.7449,-0.8287
2026-04-24,177744.875,179358.078125,177740.46875,179358.078125,79.3581,-0.9019
2026-04-25,179358.078125,179358.078125,179358.078125,179358.078125,79.3581,-0.0
2026-04-26,179358.078125,179358.078125,179358.078125,179358.078125,79.3581,-0.0
2026-04-27,179358.078125,179358.078125,178427.15625,179070.359375,79.0704,-0.519
2026-04-28,179070.359375,180450.59375,179070.015625,180449.96875,80.45,-0.7651
2026-04-29,180449.96875,181098.0,180373.15625,180811.4375,80.8114,-0.4002
2026-04-30,180811.4375,181681.515625,180595.0,181636.5,81.6365,-0.598
2026-05-01,181636.5,182071.5625,181419.09375,182071.5625,82.0716,-0.3584
2026-05-02,182071.5625,182071.5625,182071.5625,182071.5625,82.0716,-0.0
2026-05-03,182071.5625,182071.5625,182071.5625,182071.5625,82.0716,-0.0
2026-05-04,182071.5625,182071.5625,181146.265625,181590.53125,81.5905,-0.5082
2026-05-05,181590.53125,182462.359375,181353.625,181987.140625,81.9871,-0.6077
2026-05-06,181987.140625,183248.015625,181987.265625,183248.015625,83.248,-0.688
2026-05-07,183248.015625,183248.015625,181676.875,182545.1875,82.5452,-0.8574
2026-05-08,182545.1875,183641.390625,182326.03125,183641.390625,83.6414,-0.7163
2026-05-09,183641.390625,183641.390625,183641.390625,183641.390625,83.6414,-0.0
2026-05-10,183641.390625,183641.390625,183641.390625,183641.390625,83.6414,-0.0
2026-05-11,183641.390625,183641.390625,182714.5,183595.984375,83.596,-0.5047
2026-05-12,183595.984375,184035.78125,183376.328125,184035.78125,84.0358,-0.3583
2026-05-13,184035.78125,184035.78125,183105.828125,183991.984375,83.992,-0.5053
2026-05-14,183991.984375,184431.140625,183475.890625,184365.03125,84.365,-0.5179
2026-05-15,184365.03125,185026.390625,183697.171875,185026.390625,85.0264,-0.7184
2026-05-16,185026.390625,185026.390625,185026.390625,185026.390625,85.0264,-0.0
2026-05-17,185026.390625,185026.390625,185026.390625,185026.390625,85.0264,-0.0
2026-05-18,185026.390625,185026.390625,185026.390625,185026.390625,85.0264,-0.0
2026-05-19,185026.390625,185026.390625,185026.390625,185026.390625,85.0264,-0.0
2026-05-20,185026.390625,185026.390625,185026.390625,185026.390625,85.0264,-0.0
2026-05-21,185026.390625,185026.390625,185026.390625,185026.390625,85.0264,-0.0
2026-05-22,185026.390625,185026.390625,185026.390625,185026.390625,85.0264,-0.0
2026-05-23,185026.390625,185026.390625,185026.390625,185026.390625,85.0264,-0.0
2026-05-24,185026.390625,185026.390625,185026.390625,185026.390625,85.0264,-0.0
2026-05-25,185026.390625,185026.390625,185026.390625,185026.390625,85.0264,-0.0
2026-05-26,185026.390625,185026.390625,185026.390625,185026.390625,85.0264,-0.0
2026-05-27,185026.390625,185026.390625,185026.390625,185026.390625,85.0264,-0.0
2026-05-28,185026.390625,185026.390625,184059.203125,184510.78125,84.5108,-0.5227
2026-05-29,184510.78125,185623.59375,184285.578125,185623.59375,85.6236,-0.7208
2026-05-30,185623.59375,185623.59375,185623.59375,185623.59375,85.6236,-0.0
2026-05-31,185623.59375,185623.59375,185623.59375,185623.59375,85.6236,-0.0
2026-06-01,185623.59375,185623.59375,184684.59375,185354.40625,85.3544,-0.5059
2026-06-02,185354.40625,186023.28125,183176.515625,186023.28125,86.0233,-1.5303
2026-06-03,186023.28125,186023.28125,186023.28125,186023.28125,86.0233,-0.0
2026-06-04,186023.28125,186023.28125,184756.25,185491.953125,85.492,-0.6811
2026-06-05,185491.953125,187358.109375,171151.90625,187358.109375,87.3581,-8.6499
2026-06-06,187358.109375,187358.109375,187358.109375,187358.109375,87.3581,-0.0
2026-06-07,187358.109375,187358.109375,187358.109375,187358.109375,87.3581,-0.0
2026-06-08,187358.109375,187358.109375,186136.640625,186784.8125,86.7848,-0.6519
2026-06-09,186784.8125,188702.03125,185529.5625,188341.484375,88.3415,-1.6812
2026-06-10,188341.484375,190055.75,186907.40625,189453.484375,89.4535,-1.6565
2026-06-11,189453.484375,191782.421875,189449.46875,191551.84375,91.5518,-1.2165
2026-06-12,191551.84375,192242.328125,191551.4375,192242.328125,92.2423,-0.3594
2026-06-13,192242.328125,192242.328125,192242.328125,192242.328125,92.2423,-0.0
2026-06-14,192242.328125,192242.328125,192242.328125,192242.328125,92.2423,-0.0
2026-06-15,192242.328125,192242.328125,191481.453125,192172.546875,92.1725,-0.3958
2026-06-16,192172.546875,192858.765625,191720.40625,192858.765625,92.8588,-0.5903
2026-06-17,192858.765625,192858.765625,192858.765625,192858.765625,92.8588,-0.0
2026-06-18,192858.765625,192858.765625,192858.765625,192858.765625,92.8588,-0.0
2026-06-19,192858.765625,192858.765625,192858.765625,192858.765625,92.8588,-0.0
2026-06-20,192858.765625,192858.765625,192858.765625,192858.765625,92.8588,-0.0
2026-06-21,192858.765625,192858.765625,192858.765625,192858.765625,92.8588,-0.0
2026-06-22,192858.765625,192858.765625,192858.765625,192858.765625,92.8588,-0.0
2026-06-23,192858.765625,192858.765625,192858.765625,192858.765625,92.8588,-0.0
2026-06-24,192858.765625,192858.765625,192858.765625,192858.765625,92.8588,-0.0
2026-06-25,192858.765625,192858.765625,192858.765625,192858.765625,92.8588,-0.0
2026-06-26,192858.765625,192858.765625,192858.765625,192858.765625,92.8588,-0.0
2026-06-27,192858.765625,192858.765625,192858.765625,192858.765625,92.8588,-0.0
